Creating '/ZPOOL/data/projects/rf1-sra-sharedreward/derivatives/fsl/EVfiles/sub-10317/sharedreward/run-1_computer_non-face.txt'
Creating '/ZPOOL/data/projects/rf1-sra-sharedreward/derivatives/fsl/EVfiles/sub-10317/sharedreward/run-1_event_computer_neutral.txt'
Creating '/ZPOOL/data/projects/rf1-sra-sharedreward/derivatives/fsl/EVfiles/sub-10317/sharedreward/run-1_event_computer_punish.txt'
Creating '/ZPOOL/data/projects/rf1-sra-sharedreward/derivatives/fsl/EVfiles/sub-10317/sharedreward/run-1_event_computer_reward.txt'
Creating '/ZPOOL/data/projects/rf1-sra-sharedreward/derivatives/fsl/EVfiles/sub-10317/sharedreward/run-1_event_friend_neutral.txt'
Creating '/ZPOOL/data/projects/rf1-sra-sharedreward/derivatives/fsl/EVfiles/sub-10317/sharedreward/run-1_event_friend_punish.txt'
Creating '/ZPOOL/data/projects/rf1-sra-sharedreward/derivatives/fsl/EVfiles/sub-10317/sharedreward/run-1_event_friend_reward.txt'
Creating '/ZPOOL/data/projects/rf1-sra-sharedreward/derivatives/fsl/EVfiles/sub-10317/sharedreward/run-1_event_stranger_neutral.txt'
Creating '/ZPOOL/data/projects/rf1-sra-sharedreward/derivatives/fsl/EVfiles/sub-10317/sharedreward/run-1_event_stranger_punish.txt'
Creating '/ZPOOL/data/projects/rf1-sra-sharedreward/derivatives/fsl/EVfiles/sub-10317/sharedreward/run-1_event_stranger_reward.txt'
Creating '/ZPOOL/data/projects/rf1-sra-sharedreward/derivatives/fsl/EVfiles/sub-10317/sharedreward/run-1_friend_face.txt'
Creating '/ZPOOL/data/projects/rf1-sra-sharedreward/derivatives/fsl/EVfiles/sub-10317/sharedreward/run-1_stranger_face.txt'
Creating '/ZPOOL/data/projects/rf1-sra-sharedreward/derivatives/fsl/EVfiles/sub-10317/sharedreward/run-2_computer_non-face.txt'
Creating '/ZPOOL/data/projects/rf1-sra-sharedreward/derivatives/fsl/EVfiles/sub-10317/sharedreward/run-2_event_computer_neutral.txt'
Creating '/ZPOOL/data/projects/rf1-sra-sharedreward/derivatives/fsl/EVfiles/sub-10317/sharedreward/run-2_event_computer_punish.txt'
Creating '/ZPOOL/data/projects/rf1-sra-sharedreward/derivatives/fsl/EVfiles/sub-10317/sharedreward/run-2_event_computer_reward.txt'
Creating '/ZPOOL/data/projects/rf1-sra-sharedreward/derivatives/fsl/EVfiles/sub-10317/sharedreward/run-2_event_friend_neutral.txt'
Creating '/ZPOOL/data/projects/rf1-sra-sharedreward/derivatives/fsl/EVfiles/sub-10317/sharedreward/run-2_event_friend_punish.txt'
Creating '/ZPOOL/data/projects/rf1-sra-sharedreward/derivatives/fsl/EVfiles/sub-10317/sharedreward/run-2_event_friend_reward.txt'
Creating '/ZPOOL/data/projects/rf1-sra-sharedreward/derivatives/fsl/EVfiles/sub-10317/sharedreward/run-2_event_stranger_neutral.txt'
Creating '/ZPOOL/data/projects/rf1-sra-sharedreward/derivatives/fsl/EVfiles/sub-10317/sharedreward/run-2_event_stranger_punish.txt'
Creating '/ZPOOL/data/projects/rf1-sra-sharedreward/derivatives/fsl/EVfiles/sub-10317/sharedreward/run-2_event_stranger_reward.txt'
Creating '/ZPOOL/data/projects/rf1-sra-sharedreward/derivatives/fsl/EVfiles/sub-10317/sharedreward/run-2_friend_face.txt'
Creating '/ZPOOL/data/projects/rf1-sra-sharedreward/derivatives/fsl/EVfiles/sub-10317/sharedreward/run-2_stranger_face.txt'
Creating '/ZPOOL/data/projects/rf1-sra-sharedreward/derivatives/fsl/EVfiles/sub-10369/sharedreward/run-1_computer_non-face.txt'
Creating '/ZPOOL/data/projects/rf1-sra-sharedreward/derivatives/fsl/EVfiles/sub-10369/sharedreward/run-1_event_computer_neutral.txt'
Creating '/ZPOOL/data/projects/rf1-sra-sharedreward/derivatives/fsl/EVfiles/sub-10369/sharedreward/run-1_event_computer_punish.txt'
Creating '/ZPOOL/data/projects/rf1-sra-sharedreward/derivatives/fsl/EVfiles/sub-10369/sharedreward/run-1_event_computer_reward.txt'
Creating '/ZPOOL/data/projects/rf1-sra-sharedreward/derivatives/fsl/EVfiles/sub-10369/sharedreward/run-1_event_friend_neutral.txt'
Creating '/ZPOOL/data/projects/rf1-sra-sharedreward/derivatives/fsl/EVfiles/sub-10369/sharedreward/run-1_event_friend_punish.txt'
Creating '/ZPOOL/data/projects/rf1-sra-sharedreward/derivatives/fsl/EVfiles/sub-10369/sharedreward/run-1_event_friend_reward.txt'
Creating '/ZPOOL/data/projects/rf1-sra-sharedreward/derivatives/fsl/EVfiles/sub-10369/sharedreward/run-1_event_stranger_neutral.txt'
Creating '/ZPOOL/data/projects/rf1-sra-sharedreward/derivatives/fsl/EVfiles/sub-10369/sharedreward/run-1_event_stranger_punish.txt'
Creating '/ZPOOL/data/projects/rf1-sra-sharedreward/derivatives/fsl/EVfiles/sub-10369/sharedreward/run-1_event_stranger_reward.txt'
Creating '/ZPOOL/data/projects/rf1-sra-sharedreward/derivatives/fsl/EVfiles/sub-10369/sharedreward/run-1_friend_face.txt'
Creating '/ZPOOL/data/projects/rf1-sra-sharedreward/derivatives/fsl/EVfiles/sub-10369/sharedreward/run-1_stranger_face.txt'
Creating '/ZPOOL/data/projects/rf1-sra-sharedreward/derivatives/fsl/EVfiles/sub-10369/sharedreward/run-2_computer_non-face.txt'
Creating '/ZPOOL/data/projects/rf1-sra-sharedreward/derivatives/fsl/EVfiles/sub-10369/sharedreward/run-2_event_computer_neutral.txt'
Creating '/ZPOOL/data/projects/rf1-sra-sharedreward/derivatives/fsl/EVfiles/sub-10369/sharedreward/run-2_event_computer_punish.txt'
Creating '/ZPOOL/data/projects/rf1-sra-sharedreward/derivatives/fsl/EVfiles/sub-10369/sharedreward/run-2_event_computer_reward.txt'
Creating '/ZPOOL/data/projects/rf1-sra-sharedreward/derivatives/fsl/EVfiles/sub-10369/sharedreward/run-2_event_friend_neutral.txt'
Creating '/ZPOOL/data/projects/rf1-sra-sharedreward/derivatives/fsl/EVfiles/sub-10369/sharedreward/run-2_event_friend_punish.txt'
Creating '/ZPOOL/data/projects/rf1-sra-sharedreward/derivatives/fsl/EVfiles/sub-10369/sharedreward/run-2_event_friend_reward.txt'
Creating '/ZPOOL/data/projects/rf1-sra-sharedreward/derivatives/fsl/EVfiles/sub-10369/sharedreward/run-2_event_stranger_neutral.txt'
Creating '/ZPOOL/data/projects/rf1-sra-sharedreward/derivatives/fsl/EVfiles/sub-10369/sharedreward/run-2_event_stranger_punish.txt'
Creating '/ZPOOL/data/projects/rf1-sra-sharedreward/derivatives/fsl/EVfiles/sub-10369/sharedreward/run-2_event_stranger_reward.txt'
Creating '/ZPOOL/data/projects/rf1-sra-sharedreward/derivatives/fsl/EVfiles/sub-10369/sharedreward/run-2_friend_face.txt'
Creating '/ZPOOL/data/projects/rf1-sra-sharedreward/derivatives/fsl/EVfiles/sub-10369/sharedreward/run-2_stranger_face.txt'
Creating '/ZPOOL/data/projects/rf1-sra-sharedreward/derivatives/fsl/EVfiles/sub-10402/sharedreward/run-1_computer_non-face.txt'
Creating '/ZPOOL/data/projects/rf1-sra-sharedreward/derivatives/fsl/EVfiles/sub-10402/sharedreward/run-1_event_computer_neutral.txt'
Creating '/ZPOOL/data/projects/rf1-sra-sharedreward/derivatives/fsl/EVfiles/sub-10402/sharedreward/run-1_event_computer_punish.txt'
Creating '/ZPOOL/data/projects/rf1-sra-sharedreward/derivatives/fsl/EVfiles/sub-10402/sharedreward/run-1_event_computer_reward.txt'
Creating '/ZPOOL/data/projects/rf1-sra-sharedreward/derivatives/fsl/EVfiles/sub-10402/sharedreward/run-1_event_friend_neutral.txt'
Creating '/ZPOOL/data/projects/rf1-sra-sharedreward/derivatives/fsl/EVfiles/sub-10402/sharedreward/run-1_event_friend_punish.txt'
Creating '/ZPOOL/data/projects/rf1-sra-sharedreward/derivatives/fsl/EVfiles/sub-10402/sharedreward/run-1_event_friend_reward.txt'
Creating '/ZPOOL/data/projects/rf1-sra-sharedreward/derivatives/fsl/EVfiles/sub-10402/sharedreward/run-1_event_stranger_neutral.txt'
Creating '/ZPOOL/data/projects/rf1-sra-sharedreward/derivatives/fsl/EVfiles/sub-10402/sharedreward/run-1_event_stranger_punish.txt'
Creating '/ZPOOL/data/projects/rf1-sra-sharedreward/derivatives/fsl/EVfiles/sub-10402/sharedreward/run-1_event_stranger_reward.txt'
Creating '/ZPOOL/data/projects/rf1-sra-sharedreward/derivatives/fsl/EVfiles/sub-10402/sharedreward/run-1_friend_face.txt'
Creating '/ZPOOL/data/projects/rf1-sra-sharedreward/derivatives/fsl/EVfiles/sub-10402/sharedreward/run-1_stranger_face.txt'
Creating '/ZPOOL/data/projects/rf1-sra-sharedreward/derivatives/fsl/EVfiles/sub-10402/sharedreward/run-2_computer_non-face.txt'
Creating '/ZPOOL/data/projects/rf1-sra-sharedreward/derivatives/fsl/EVfiles/sub-10402/sharedreward/run-2_event_computer_neutral.txt'
Creating '/ZPOOL/data/projects/rf1-sra-sharedreward/derivatives/fsl/EVfiles/sub-10402/sharedreward/run-2_event_computer_punish.txt'
Creating '/ZPOOL/data/projects/rf1-sra-sharedreward/derivatives/fsl/EVfiles/sub-10402/sharedreward/run-2_event_computer_reward.txt'
Creating '/ZPOOL/data/projects/rf1-sra-sharedreward/derivatives/fsl/EVfiles/sub-10402/sharedreward/run-2_event_friend_neutral.txt'
Creating '/ZPOOL/data/projects/rf1-sra-sharedreward/derivatives/fsl/EVfiles/sub-10402/sharedreward/run-2_event_friend_punish.txt'
Creating '/ZPOOL/data/projects/rf1-sra-sharedreward/derivatives/fsl/EVfiles/sub-10402/sharedreward/run-2_event_friend_reward.txt'
Creating '/ZPOOL/data/projects/rf1-sra-sharedreward/derivatives/fsl/EVfiles/sub-10402/sharedreward/run-2_event_stranger_neutral.txt'
Creating '/ZPOOL/data/projects/rf1-sra-sharedreward/derivatives/fsl/EVfiles/sub-10402/sharedreward/run-2_event_stranger_punish.txt'
Creating '/ZPOOL/data/projects/rf1-sra-sharedreward/derivatives/fsl/EVfiles/sub-10402/sharedreward/run-2_event_stranger_reward.txt'
Creating '/ZPOOL/data/projects/rf1-sra-sharedreward/derivatives/fsl/EVfiles/sub-10402/sharedreward/run-2_friend_face.txt'
Creating '/ZPOOL/data/projects/rf1-sra-sharedreward/derivatives/fsl/EVfiles/sub-10402/sharedreward/run-2_stranger_face.txt'
Creating '/ZPOOL/data/projects/rf1-sra-sharedreward/derivatives/fsl/EVfiles/sub-10418/sharedreward/run-1_computer_non-face.txt'
Creating '/ZPOOL/data/projects/rf1-sra-sharedreward/derivatives/fsl/EVfiles/sub-10418/sharedreward/run-1_event_computer_neutral.txt'
Creating '/ZPOOL/data/projects/rf1-sra-sharedreward/derivatives/fsl/EVfiles/sub-10418/sharedreward/run-1_event_computer_punish.txt'
Creating '/ZPOOL/data/projects/rf1-sra-sharedreward/derivatives/fsl/EVfiles/sub-10418/sharedreward/run-1_event_computer_reward.txt'
Creating '/ZPOOL/data/projects/rf1-sra-sharedreward/derivatives/fsl/EVfiles/sub-10418/sharedreward/run-1_event_friend_neutral.txt'
Creating '/ZPOOL/data/projects/rf1-sra-sharedreward/derivatives/fsl/EVfiles/sub-10418/sharedreward/run-1_event_friend_punish.txt'
Creating '/ZPOOL/data/projects/rf1-sra-sharedreward/derivatives/fsl/EVfiles/sub-10418/sharedreward/run-1_event_friend_reward.txt'
Creating '/ZPOOL/data/projects/rf1-sra-sharedreward/derivatives/fsl/EVfiles/sub-10418/sharedreward/run-1_event_stranger_neutral.txt'
Creating '/ZPOOL/data/projects/rf1-sra-sharedreward/derivatives/fsl/EVfiles/sub-10418/sharedreward/run-1_event_stranger_punish.txt'
Creating '/ZPOOL/data/projects/rf1-sra-sharedreward/derivatives/fsl/EVfiles/sub-10418/sharedreward/run-1_event_stranger_reward.txt'
Creating '/ZPOOL/data/projects/rf1-sra-sharedreward/derivatives/fsl/EVfiles/sub-10418/sharedreward/run-1_friend_face.txt'
Creating '/ZPOOL/data/projects/rf1-sra-sharedreward/derivatives/fsl/EVfiles/sub-10418/sharedreward/run-1_stranger_face.txt'
Creating '/ZPOOL/data/projects/rf1-sra-sharedreward/derivatives/fsl/EVfiles/sub-10418/sharedreward/run-2_computer_non-face.txt'
Creating '/ZPOOL/data/projects/rf1-sra-sharedreward/derivatives/fsl/EVfiles/sub-10418/sharedreward/run-2_event_computer_neutral.txt'
Creating '/ZPOOL/data/projects/rf1-sra-sharedreward/derivatives/fsl/EVfiles/sub-10418/sharedreward/run-2_event_computer_punish.txt'
Creating '/ZPOOL/data/projects/rf1-sra-sharedreward/derivatives/fsl/EVfiles/sub-10418/sharedreward/run-2_event_computer_reward.txt'
Creating '/ZPOOL/data/projects/rf1-sra-sharedreward/derivatives/fsl/EVfiles/sub-10418/sharedreward/run-2_event_friend_neutral.txt'
Creating '/ZPOOL/data/projects/rf1-sra-sharedreward/derivatives/fsl/EVfiles/sub-10418/sharedreward/run-2_event_friend_punish.txt'
Creating '/ZPOOL/data/projects/rf1-sra-sharedreward/derivatives/fsl/EVfiles/sub-10418/sharedreward/run-2_event_friend_reward.txt'
Creating '/ZPOOL/data/projects/rf1-sra-sharedreward/derivatives/fsl/EVfiles/sub-10418/sharedreward/run-2_event_stranger_neutral.txt'
Creating '/ZPOOL/data/projects/rf1-sra-sharedreward/derivatives/fsl/EVfiles/sub-10418/sharedreward/run-2_event_stranger_punish.txt'
Creating '/ZPOOL/data/projects/rf1-sra-sharedreward/derivatives/fsl/EVfiles/sub-10418/sharedreward/run-2_event_stranger_reward.txt'
Creating '/ZPOOL/data/projects/rf1-sra-sharedreward/derivatives/fsl/EVfiles/sub-10418/sharedreward/run-2_friend_face.txt'
Creating '/ZPOOL/data/projects/rf1-sra-sharedreward/derivatives/fsl/EVfiles/sub-10418/sharedreward/run-2_stranger_face.txt'
Creating '/ZPOOL/data/projects/rf1-sra-sharedreward/derivatives/fsl/EVfiles/sub-10462/sharedreward/run-1_computer_non-face.txt'
Creating '/ZPOOL/data/projects/rf1-sra-sharedreward/derivatives/fsl/EVfiles/sub-10462/sharedreward/run-1_event_computer_neutral.txt'
Creating '/ZPOOL/data/projects/rf1-sra-sharedreward/derivatives/fsl/EVfiles/sub-10462/sharedreward/run-1_event_computer_punish.txt'
Creating '/ZPOOL/data/projects/rf1-sra-sharedreward/derivatives/fsl/EVfiles/sub-10462/sharedreward/run-1_event_computer_reward.txt'
Creating '/ZPOOL/data/projects/rf1-sra-sharedreward/derivatives/fsl/EVfiles/sub-10462/sharedreward/run-1_event_friend_neutral.txt'
Creating '/ZPOOL/data/projects/rf1-sra-sharedreward/derivatives/fsl/EVfiles/sub-10462/sharedreward/run-1_event_friend_punish.txt'
Creating '/ZPOOL/data/projects/rf1-sra-sharedreward/derivatives/fsl/EVfiles/sub-10462/sharedreward/run-1_event_friend_reward.txt'
Creating '/ZPOOL/data/projects/rf1-sra-sharedreward/derivatives/fsl/EVfiles/sub-10462/sharedreward/run-1_event_stranger_neutral.txt'
Creating '/ZPOOL/data/projects/rf1-sra-sharedreward/derivatives/fsl/EVfiles/sub-10462/sharedreward/run-1_event_stranger_punish.txt'
Creating '/ZPOOL/data/projects/rf1-sra-sharedreward/derivatives/fsl/EVfiles/sub-10462/sharedreward/run-1_event_stranger_reward.txt'
Creating '/ZPOOL/data/projects/rf1-sra-sharedreward/derivatives/fsl/EVfiles/sub-10462/sharedreward/run-1_friend_face.txt'
Creating '/ZPOOL/data/projects/rf1-sra-sharedreward/derivatives/fsl/EVfiles/sub-10462/sharedreward/run-1_stranger_face.txt'
PATH ERROR: cannot locate /ZPOOL/data/projects/rf1-sra-data/bids/sub-10462/func/sub-10462_task-sharedreward_run-2_events.tsv.
Creating '/ZPOOL/data/projects/rf1-sra-sharedreward/derivatives/fsl/EVfiles/sub-10478/sharedreward/run-1_computer_non-face.txt'
Creating '/ZPOOL/data/projects/rf1-sra-sharedreward/derivatives/fsl/EVfiles/sub-10478/sharedreward/run-1_event_computer_neutral.txt'
Creating '/ZPOOL/data/projects/rf1-sra-sharedreward/derivatives/fsl/EVfiles/sub-10478/sharedreward/run-1_event_computer_punish.txt'
Creating '/ZPOOL/data/projects/rf1-sra-sharedreward/derivatives/fsl/EVfiles/sub-10478/sharedreward/run-1_event_computer_reward.txt'
Creating '/ZPOOL/data/projects/rf1-sra-sharedreward/derivatives/fsl/EVfiles/sub-10478/sharedreward/run-1_event_friend_neutral.txt'
Creating '/ZPOOL/data/projects/rf1-sra-sharedreward/derivatives/fsl/EVfiles/sub-10478/sharedreward/run-1_event_friend_punish.txt'
Creating '/ZPOOL/data/projects/rf1-sra-sharedreward/derivatives/fsl/EVfiles/sub-10478/sharedreward/run-1_event_friend_reward.txt'
Creating '/ZPOOL/data/projects/rf1-sra-sharedreward/derivatives/fsl/EVfiles/sub-10478/sharedreward/run-1_event_stranger_neutral.txt'
Creating '/ZPOOL/data/projects/rf1-sra-sharedreward/derivatives/fsl/EVfiles/sub-10478/sharedreward/run-1_event_stranger_punish.txt'
Creating '/ZPOOL/data/projects/rf1-sra-sharedreward/derivatives/fsl/EVfiles/sub-10478/sharedreward/run-1_event_stranger_reward.txt'
Creating '/ZPOOL/data/projects/rf1-sra-sharedreward/derivatives/fsl/EVfiles/sub-10478/sharedreward/run-1_friend_face.txt'
Creating '/ZPOOL/data/projects/rf1-sra-sharedreward/derivatives/fsl/EVfiles/sub-10478/sharedreward/run-1_stranger_face.txt'
Creating '/ZPOOL/data/projects/rf1-sra-sharedreward/derivatives/fsl/EVfiles/sub-10486/sharedreward/run-1_computer_non-face.txt'
Creating '/ZPOOL/data/projects/rf1-sra-sharedreward/derivatives/fsl/EVfiles/sub-10486/sharedreward/run-1_event_computer_neutral.txt'
Creating '/ZPOOL/data/projects/rf1-sra-sharedreward/derivatives/fsl/EVfiles/sub-10486/sharedreward/run-1_event_computer_punish.txt'
Creating '/ZPOOL/data/projects/rf1-sra-sharedreward/derivatives/fsl/EVfiles/sub-10486/sharedreward/run-1_event_computer_reward.txt'
Creating '/ZPOOL/data/projects/rf1-sra-sharedreward/derivatives/fsl/EVfiles/sub-10486/sharedreward/run-1_event_friend_neutral.txt'
Creating '/ZPOOL/data/projects/rf1-sra-sharedreward/derivatives/fsl/EVfiles/sub-10486/sharedreward/run-1_event_friend_punish.txt'
Creating '/ZPOOL/data/projects/rf1-sra-sharedreward/derivatives/fsl/EVfiles/sub-10486/sharedreward/run-1_event_friend_reward.txt'
Creating '/ZPOOL/data/projects/rf1-sra-sharedreward/derivatives/fsl/EVfiles/sub-10486/sharedreward/run-1_event_stranger_neutral.txt'
Creating '/ZPOOL/data/projects/rf1-sra-sharedreward/derivatives/fsl/EVfiles/sub-10486/sharedreward/run-1_event_stranger_punish.txt'
Creating '/ZPOOL/data/projects/rf1-sra-sharedreward/derivatives/fsl/EVfiles/sub-10486/sharedreward/run-1_event_stranger_reward.txt'
Creating '/ZPOOL/data/projects/rf1-sra-sharedreward/derivatives/fsl/EVfiles/sub-10486/sharedreward/run-1_friend_face.txt'
Creating '/ZPOOL/data/projects/rf1-sra-sharedreward/derivatives/fsl/EVfiles/sub-10486/sharedreward/run-1_stranger_face.txt'
Creating '/ZPOOL/data/projects/rf1-sra-sharedreward/derivatives/fsl/EVfiles/sub-10486/sharedreward/run-2_computer_non-face.txt'
Creating '/ZPOOL/data/projects/rf1-sra-sharedreward/derivatives/fsl/EVfiles/sub-10486/sharedreward/run-2_event_computer_neutral.txt'
Creating '/ZPOOL/data/projects/rf1-sra-sharedreward/derivatives/fsl/EVfiles/sub-10486/sharedreward/run-2_event_computer_punish.txt'
Creating '/ZPOOL/data/projects/rf1-sra-sharedreward/derivatives/fsl/EVfiles/sub-10486/sharedreward/run-2_event_computer_reward.txt'
Creating '/ZPOOL/data/projects/rf1-sra-sharedreward/derivatives/fsl/EVfiles/sub-10486/sharedreward/run-2_event_friend_neutral.txt'
Creating '/ZPOOL/data/projects/rf1-sra-sharedreward/derivatives/fsl/EVfiles/sub-10486/sharedreward/run-2_event_friend_punish.txt'
Creating '/ZPOOL/data/projects/rf1-sra-sharedreward/derivatives/fsl/EVfiles/sub-10486/sharedreward/run-2_event_friend_reward.txt'
Creating '/ZPOOL/data/projects/rf1-sra-sharedreward/derivatives/fsl/EVfiles/sub-10486/sharedreward/run-2_event_stranger_neutral.txt'
Creating '/ZPOOL/data/projects/rf1-sra-sharedreward/derivatives/fsl/EVfiles/sub-10486/sharedreward/run-2_event_stranger_punish.txt'
Creating '/ZPOOL/data/projects/rf1-sra-sharedreward/derivatives/fsl/EVfiles/sub-10486/sharedreward/run-2_event_stranger_reward.txt'
Creating '/ZPOOL/data/projects/rf1-sra-sharedreward/derivatives/fsl/EVfiles/sub-10486/sharedreward/run-2_friend_face.txt'
Creating '/ZPOOL/data/projects/rf1-sra-sharedreward/derivatives/fsl/EVfiles/sub-10486/sharedreward/run-2_stranger_face.txt'
Creating '/ZPOOL/data/projects/rf1-sra-sharedreward/derivatives/fsl/EVfiles/sub-10529/sharedreward/run-1_computer_non-face.txt'
Creating '/ZPOOL/data/projects/rf1-sra-sharedreward/derivatives/fsl/EVfiles/sub-10529/sharedreward/run-1_event_computer_neutral.txt'
Creating '/ZPOOL/data/projects/rf1-sra-sharedreward/derivatives/fsl/EVfiles/sub-10529/sharedreward/run-1_event_computer_punish.txt'
Creating '/ZPOOL/data/projects/rf1-sra-sharedreward/derivatives/fsl/EVfiles/sub-10529/sharedreward/run-1_event_computer_reward.txt'
Creating '/ZPOOL/data/projects/rf1-sra-sharedreward/derivatives/fsl/EVfiles/sub-10529/sharedreward/run-1_event_friend_neutral.txt'
Creating '/ZPOOL/data/projects/rf1-sra-sharedreward/derivatives/fsl/EVfiles/sub-10529/sharedreward/run-1_event_friend_punish.txt'
Creating '/ZPOOL/data/projects/rf1-sra-sharedreward/derivatives/fsl/EVfiles/sub-10529/sharedreward/run-1_event_friend_reward.txt'
Creating '/ZPOOL/data/projects/rf1-sra-sharedreward/derivatives/fsl/EVfiles/sub-10529/sharedreward/run-1_event_stranger_neutral.txt'
Creating '/ZPOOL/data/projects/rf1-sra-sharedreward/derivatives/fsl/EVfiles/sub-10529/sharedreward/run-1_event_stranger_punish.txt'
Creating '/ZPOOL/data/projects/rf1-sra-sharedreward/derivatives/fsl/EVfiles/sub-10529/sharedreward/run-1_event_stranger_reward.txt'
Creating '/ZPOOL/data/projects/rf1-sra-sharedreward/derivatives/fsl/EVfiles/sub-10529/sharedreward/run-1_friend_face.txt'
Creating '/ZPOOL/data/projects/rf1-sra-sharedreward/derivatives/fsl/EVfiles/sub-10529/sharedreward/run-1_stranger_face.txt'
Creating '/ZPOOL/data/projects/rf1-sra-sharedreward/derivatives/fsl/EVfiles/sub-10529/sharedreward/run-2_computer_non-face.txt'
Creating '/ZPOOL/data/projects/rf1-sra-sharedreward/derivatives/fsl/EVfiles/sub-10529/sharedreward/run-2_event_computer_neutral.txt'
Creating '/ZPOOL/data/projects/rf1-sra-sharedreward/derivatives/fsl/EVfiles/sub-10529/sharedreward/run-2_event_computer_punish.txt'
Creating '/ZPOOL/data/projects/rf1-sra-sharedreward/derivatives/fsl/EVfiles/sub-10529/sharedreward/run-2_event_computer_reward.txt'
Creating '/ZPOOL/data/projects/rf1-sra-sharedreward/derivatives/fsl/EVfiles/sub-10529/sharedreward/run-2_event_friend_neutral.txt'
Creating '/ZPOOL/data/projects/rf1-sra-sharedreward/derivatives/fsl/EVfiles/sub-10529/sharedreward/run-2_event_friend_punish.txt'
Creating '/ZPOOL/data/projects/rf1-sra-sharedreward/derivatives/fsl/EVfiles/sub-10529/sharedreward/run-2_event_friend_reward.txt'
Creating '/ZPOOL/data/projects/rf1-sra-sharedreward/derivatives/fsl/EVfiles/sub-10529/sharedreward/run-2_event_stranger_neutral.txt'
Creating '/ZPOOL/data/projects/rf1-sra-sharedreward/derivatives/fsl/EVfiles/sub-10529/sharedreward/run-2_event_stranger_punish.txt'
Creating '/ZPOOL/data/projects/rf1-sra-sharedreward/derivatives/fsl/EVfiles/sub-10529/sharedreward/run-2_event_stranger_reward.txt'
Creating '/ZPOOL/data/projects/rf1-sra-sharedreward/derivatives/fsl/EVfiles/sub-10529/sharedreward/run-2_friend_face.txt'
Creating '/ZPOOL/data/projects/rf1-sra-sharedreward/derivatives/fsl/EVfiles/sub-10529/sharedreward/run-2_stranger_face.txt'
Creating '/ZPOOL/data/projects/rf1-sra-sharedreward/derivatives/fsl/EVfiles/sub-10541/sharedreward/run-1_computer_non-face.txt'
Creating '/ZPOOL/data/projects/rf1-sra-sharedreward/derivatives/fsl/EVfiles/sub-10541/sharedreward/run-1_event_computer_neutral.txt'
Creating '/ZPOOL/data/projects/rf1-sra-sharedreward/derivatives/fsl/EVfiles/sub-10541/sharedreward/run-1_event_computer_punish.txt'
Creating '/ZPOOL/data/projects/rf1-sra-sharedreward/derivatives/fsl/EVfiles/sub-10541/sharedreward/run-1_event_computer_reward.txt'
Creating '/ZPOOL/data/projects/rf1-sra-sharedreward/derivatives/fsl/EVfiles/sub-10541/sharedreward/run-1_event_friend_neutral.txt'
Creating '/ZPOOL/data/projects/rf1-sra-sharedreward/derivatives/fsl/EVfiles/sub-10541/sharedreward/run-1_event_friend_punish.txt'
Creating '/ZPOOL/data/projects/rf1-sra-sharedreward/derivatives/fsl/EVfiles/sub-10541/sharedreward/run-1_event_friend_reward.txt'
Creating '/ZPOOL/data/projects/rf1-sra-sharedreward/derivatives/fsl/EVfiles/sub-10541/sharedreward/run-1_event_stranger_neutral.txt'
Creating '/ZPOOL/data/projects/rf1-sra-sharedreward/derivatives/fsl/EVfiles/sub-10541/sharedreward/run-1_event_stranger_punish.txt'
Creating '/ZPOOL/data/projects/rf1-sra-sharedreward/derivatives/fsl/EVfiles/sub-10541/sharedreward/run-1_event_stranger_reward.txt'
Creating '/ZPOOL/data/projects/rf1-sra-sharedreward/derivatives/fsl/EVfiles/sub-10541/sharedreward/run-1_friend_face.txt'
Creating '/ZPOOL/data/projects/rf1-sra-sharedreward/derivatives/fsl/EVfiles/sub-10541/sharedreward/run-1_stranger_face.txt'
Creating '/ZPOOL/data/projects/rf1-sra-sharedreward/derivatives/fsl/EVfiles/sub-10541/sharedreward/run-2_computer_non-face.txt'
Creating '/ZPOOL/data/projects/rf1-sra-sharedreward/derivatives/fsl/EVfiles/sub-10541/sharedreward/run-2_event_computer_neutral.txt'
Creating '/ZPOOL/data/projects/rf1-sra-sharedreward/derivatives/fsl/EVfiles/sub-10541/sharedreward/run-2_event_computer_punish.txt'
Creating '/ZPOOL/data/projects/rf1-sra-sharedreward/derivatives/fsl/EVfiles/sub-10541/sharedreward/run-2_event_computer_reward.txt'
Creating '/ZPOOL/data/projects/rf1-sra-sharedreward/derivatives/fsl/EVfiles/sub-10541/sharedreward/run-2_event_friend_neutral.txt'
Creating '/ZPOOL/data/projects/rf1-sra-sharedreward/derivatives/fsl/EVfiles/sub-10541/sharedreward/run-2_event_friend_punish.txt'
Creating '/ZPOOL/data/projects/rf1-sra-sharedreward/derivatives/fsl/EVfiles/sub-10541/sharedreward/run-2_event_friend_reward.txt'
Creating '/ZPOOL/data/projects/rf1-sra-sharedreward/derivatives/fsl/EVfiles/sub-10541/sharedreward/run-2_event_stranger_neutral.txt'
Creating '/ZPOOL/data/projects/rf1-sra-sharedreward/derivatives/fsl/EVfiles/sub-10541/sharedreward/run-2_event_stranger_punish.txt'
Creating '/ZPOOL/data/projects/rf1-sra-sharedreward/derivatives/fsl/EVfiles/sub-10541/sharedreward/run-2_event_stranger_reward.txt'
Creating '/ZPOOL/data/projects/rf1-sra-sharedreward/derivatives/fsl/EVfiles/sub-10541/sharedreward/run-2_friend_face.txt'
Creating '/ZPOOL/data/projects/rf1-sra-sharedreward/derivatives/fsl/EVfiles/sub-10541/sharedreward/run-2_stranger_face.txt'
Creating '/ZPOOL/data/projects/rf1-sra-sharedreward/derivatives/fsl/EVfiles/sub-10555/sharedreward/run-1_computer_non-face.txt'
Creating '/ZPOOL/data/projects/rf1-sra-sharedreward/derivatives/fsl/EVfiles/sub-10555/sharedreward/run-1_event_computer_neutral.txt'
Creating '/ZPOOL/data/projects/rf1-sra-sharedreward/derivatives/fsl/EVfiles/sub-10555/sharedreward/run-1_event_computer_punish.txt'
Creating '/ZPOOL/data/projects/rf1-sra-sharedreward/derivatives/fsl/EVfiles/sub-10555/sharedreward/run-1_event_computer_reward.txt'
Creating '/ZPOOL/data/projects/rf1-sra-sharedreward/derivatives/fsl/EVfiles/sub-10555/sharedreward/run-1_event_friend_neutral.txt'
Creating '/ZPOOL/data/projects/rf1-sra-sharedreward/derivatives/fsl/EVfiles/sub-10555/sharedreward/run-1_event_friend_punish.txt'
Creating '/ZPOOL/data/projects/rf1-sra-sharedreward/derivatives/fsl/EVfiles/sub-10555/sharedreward/run-1_event_friend_reward.txt'
Creating '/ZPOOL/data/projects/rf1-sra-sharedreward/derivatives/fsl/EVfiles/sub-10555/sharedreward/run-1_event_stranger_neutral.txt'
Creating '/ZPOOL/data/projects/rf1-sra-sharedreward/derivatives/fsl/EVfiles/sub-10555/sharedreward/run-1_event_stranger_punish.txt'
Creating '/ZPOOL/data/projects/rf1-sra-sharedreward/derivatives/fsl/EVfiles/sub-10555/sharedreward/run-1_event_stranger_reward.txt'
Creating '/ZPOOL/data/projects/rf1-sra-sharedreward/derivatives/fsl/EVfiles/sub-10555/sharedreward/run-1_friend_face.txt'
Creating '/ZPOOL/data/projects/rf1-sra-sharedreward/derivatives/fsl/EVfiles/sub-10555/sharedreward/run-1_stranger_face.txt'
Creating '/ZPOOL/data/projects/rf1-sra-sharedreward/derivatives/fsl/EVfiles/sub-10555/sharedreward/run-2_computer_non-face.txt'
Creating '/ZPOOL/data/projects/rf1-sra-sharedreward/derivatives/fsl/EVfiles/sub-10555/sharedreward/run-2_event_computer_neutral.txt'
Creating '/ZPOOL/data/projects/rf1-sra-sharedreward/derivatives/fsl/EVfiles/sub-10555/sharedreward/run-2_event_computer_punish.txt'
Creating '/ZPOOL/data/projects/rf1-sra-sharedreward/derivatives/fsl/EVfiles/sub-10555/sharedreward/run-2_event_computer_reward.txt'
Creating '/ZPOOL/data/projects/rf1-sra-sharedreward/derivatives/fsl/EVfiles/sub-10555/sharedreward/run-2_event_friend_neutral.txt'
Creating '/ZPOOL/data/projects/rf1-sra-sharedreward/derivatives/fsl/EVfiles/sub-10555/sharedreward/run-2_event_friend_punish.txt'
Creating '/ZPOOL/data/projects/rf1-sra-sharedreward/derivatives/fsl/EVfiles/sub-10555/sharedreward/run-2_event_friend_reward.txt'
Creating '/ZPOOL/data/projects/rf1-sra-sharedreward/derivatives/fsl/EVfiles/sub-10555/sharedreward/run-2_event_stranger_neutral.txt'
Creating '/ZPOOL/data/projects/rf1-sra-sharedreward/derivatives/fsl/EVfiles/sub-10555/sharedreward/run-2_event_stranger_punish.txt'
Creating '/ZPOOL/data/projects/rf1-sra-sharedreward/derivatives/fsl/EVfiles/sub-10555/sharedreward/run-2_event_stranger_reward.txt'
Creating '/ZPOOL/data/projects/rf1-sra-sharedreward/derivatives/fsl/EVfiles/sub-10555/sharedreward/run-2_friend_face.txt'
Creating '/ZPOOL/data/projects/rf1-sra-sharedreward/derivatives/fsl/EVfiles/sub-10555/sharedreward/run-2_stranger_face.txt'
Creating '/ZPOOL/data/projects/rf1-sra-sharedreward/derivatives/fsl/EVfiles/sub-10559/sharedreward/run-1_computer_non-face.txt'
Creating '/ZPOOL/data/projects/rf1-sra-sharedreward/derivatives/fsl/EVfiles/sub-10559/sharedreward/run-1_event_computer_neutral.txt'
Creating '/ZPOOL/data/projects/rf1-sra-sharedreward/derivatives/fsl/EVfiles/sub-10559/sharedreward/run-1_event_computer_punish.txt'
Creating '/ZPOOL/data/projects/rf1-sra-sharedreward/derivatives/fsl/EVfiles/sub-10559/sharedreward/run-1_event_computer_reward.txt'
Creating '/ZPOOL/data/projects/rf1-sra-sharedreward/derivatives/fsl/EVfiles/sub-10559/sharedreward/run-1_event_friend_neutral.txt'
Creating '/ZPOOL/data/projects/rf1-sra-sharedreward/derivatives/fsl/EVfiles/sub-10559/sharedreward/run-1_event_friend_punish.txt'
Creating '/ZPOOL/data/projects/rf1-sra-sharedreward/derivatives/fsl/EVfiles/sub-10559/sharedreward/run-1_event_friend_reward.txt'
Creating '/ZPOOL/data/projects/rf1-sra-sharedreward/derivatives/fsl/EVfiles/sub-10559/sharedreward/run-1_event_stranger_neutral.txt'
Creating '/ZPOOL/data/projects/rf1-sra-sharedreward/derivatives/fsl/EVfiles/sub-10559/sharedreward/run-1_event_stranger_punish.txt'
Creating '/ZPOOL/data/projects/rf1-sra-sharedreward/derivatives/fsl/EVfiles/sub-10559/sharedreward/run-1_event_stranger_reward.txt'
Creating '/ZPOOL/data/projects/rf1-sra-sharedreward/derivatives/fsl/EVfiles/sub-10559/sharedreward/run-1_friend_face.txt'
Creating '/ZPOOL/data/projects/rf1-sra-sharedreward/derivatives/fsl/EVfiles/sub-10559/sharedreward/run-1_stranger_face.txt'
Creating '/ZPOOL/data/projects/rf1-sra-sharedreward/derivatives/fsl/EVfiles/sub-10559/sharedreward/run-2_computer_non-face.txt'
Creating '/ZPOOL/data/projects/rf1-sra-sharedreward/derivatives/fsl/EVfiles/sub-10559/sharedreward/run-2_event_computer_neutral.txt'
Creating '/ZPOOL/data/projects/rf1-sra-sharedreward/derivatives/fsl/EVfiles/sub-10559/sharedreward/run-2_event_computer_punish.txt'
Creating '/ZPOOL/data/projects/rf1-sra-sharedreward/derivatives/fsl/EVfiles/sub-10559/sharedreward/run-2_event_computer_reward.txt'
Creating '/ZPOOL/data/projects/rf1-sra-sharedreward/derivatives/fsl/EVfiles/sub-10559/sharedreward/run-2_event_friend_neutral.txt'
Creating '/ZPOOL/data/projects/rf1-sra-sharedreward/derivatives/fsl/EVfiles/sub-10559/sharedreward/run-2_event_friend_punish.txt'
Creating '/ZPOOL/data/projects/rf1-sra-sharedreward/derivatives/fsl/EVfiles/sub-10559/sharedreward/run-2_event_friend_reward.txt'
Creating '/ZPOOL/data/projects/rf1-sra-sharedreward/derivatives/fsl/EVfiles/sub-10559/sharedreward/run-2_event_stranger_neutral.txt'
Creating '/ZPOOL/data/projects/rf1-sra-sharedreward/derivatives/fsl/EVfiles/sub-10559/sharedreward/run-2_event_stranger_punish.txt'
Creating '/ZPOOL/data/projects/rf1-sra-sharedreward/derivatives/fsl/EVfiles/sub-10559/sharedreward/run-2_event_stranger_reward.txt'
Creating '/ZPOOL/data/projects/rf1-sra-sharedreward/derivatives/fsl/EVfiles/sub-10559/sharedreward/run-2_friend_face.txt'
Creating '/ZPOOL/data/projects/rf1-sra-sharedreward/derivatives/fsl/EVfiles/sub-10559/sharedreward/run-2_stranger_face.txt'
Creating '/ZPOOL/data/projects/rf1-sra-sharedreward/derivatives/fsl/EVfiles/sub-10572/sharedreward/run-1_computer_non-face.txt'
Creating '/ZPOOL/data/projects/rf1-sra-sharedreward/derivatives/fsl/EVfiles/sub-10572/sharedreward/run-1_event_computer_neutral.txt'
Creating '/ZPOOL/data/projects/rf1-sra-sharedreward/derivatives/fsl/EVfiles/sub-10572/sharedreward/run-1_event_computer_punish.txt'
Creating '/ZPOOL/data/projects/rf1-sra-sharedreward/derivatives/fsl/EVfiles/sub-10572/sharedreward/run-1_event_computer_reward.txt'
Creating '/ZPOOL/data/projects/rf1-sra-sharedreward/derivatives/fsl/EVfiles/sub-10572/sharedreward/run-1_event_friend_neutral.txt'
Creating '/ZPOOL/data/projects/rf1-sra-sharedreward/derivatives/fsl/EVfiles/sub-10572/sharedreward/run-1_event_friend_punish.txt'
Creating '/ZPOOL/data/projects/rf1-sra-sharedreward/derivatives/fsl/EVfiles/sub-10572/sharedreward/run-1_event_friend_reward.txt'
Creating '/ZPOOL/data/projects/rf1-sra-sharedreward/derivatives/fsl/EVfiles/sub-10572/sharedreward/run-1_event_stranger_neutral.txt'
Creating '/ZPOOL/data/projects/rf1-sra-sharedreward/derivatives/fsl/EVfiles/sub-10572/sharedreward/run-1_event_stranger_punish.txt'
Creating '/ZPOOL/data/projects/rf1-sra-sharedreward/derivatives/fsl/EVfiles/sub-10572/sharedreward/run-1_event_stranger_reward.txt'
Creating '/ZPOOL/data/projects/rf1-sra-sharedreward/derivatives/fsl/EVfiles/sub-10572/sharedreward/run-1_friend_face.txt'
Creating '/ZPOOL/data/projects/rf1-sra-sharedreward/derivatives/fsl/EVfiles/sub-10572/sharedreward/run-1_stranger_face.txt'
Creating '/ZPOOL/data/projects/rf1-sra-sharedreward/derivatives/fsl/EVfiles/sub-10572/sharedreward/run-2_computer_non-face.txt'
Creating '/ZPOOL/data/projects/rf1-sra-sharedreward/derivatives/fsl/EVfiles/sub-10572/sharedreward/run-2_event_computer_neutral.txt'
Creating '/ZPOOL/data/projects/rf1-sra-sharedreward/derivatives/fsl/EVfiles/sub-10572/sharedreward/run-2_event_computer_punish.txt'
Creating '/ZPOOL/data/projects/rf1-sra-sharedreward/derivatives/fsl/EVfiles/sub-10572/sharedreward/run-2_event_computer_reward.txt'
Creating '/ZPOOL/data/projects/rf1-sra-sharedreward/derivatives/fsl/EVfiles/sub-10572/sharedreward/run-2_event_friend_neutral.txt'
Creating '/ZPOOL/data/projects/rf1-sra-sharedreward/derivatives/fsl/EVfiles/sub-10572/sharedreward/run-2_event_friend_punish.txt'
Creating '/ZPOOL/data/projects/rf1-sra-sharedreward/derivatives/fsl/EVfiles/sub-10572/sharedreward/run-2_event_friend_reward.txt'
Creating '/ZPOOL/data/projects/rf1-sra-sharedreward/derivatives/fsl/EVfiles/sub-10572/sharedreward/run-2_event_stranger_neutral.txt'
Creating '/ZPOOL/data/projects/rf1-sra-sharedreward/derivatives/fsl/EVfiles/sub-10572/sharedreward/run-2_event_stranger_punish.txt'
Creating '/ZPOOL/data/projects/rf1-sra-sharedreward/derivatives/fsl/EVfiles/sub-10572/sharedreward/run-2_event_stranger_reward.txt'
Creating '/ZPOOL/data/projects/rf1-sra-sharedreward/derivatives/fsl/EVfiles/sub-10572/sharedreward/run-2_friend_face.txt'
Creating '/ZPOOL/data/projects/rf1-sra-sharedreward/derivatives/fsl/EVfiles/sub-10572/sharedreward/run-2_stranger_face.txt'
Creating '/ZPOOL/data/projects/rf1-sra-sharedreward/derivatives/fsl/EVfiles/sub-10581/sharedreward/run-1_computer_non-face.txt'
Creating '/ZPOOL/data/projects/rf1-sra-sharedreward/derivatives/fsl/EVfiles/sub-10581/sharedreward/run-1_event_computer_neutral.txt'
Creating '/ZPOOL/data/projects/rf1-sra-sharedreward/derivatives/fsl/EVfiles/sub-10581/sharedreward/run-1_event_computer_punish.txt'
Creating '/ZPOOL/data/projects/rf1-sra-sharedreward/derivatives/fsl/EVfiles/sub-10581/sharedreward/run-1_event_computer_reward.txt'
Creating '/ZPOOL/data/projects/rf1-sra-sharedreward/derivatives/fsl/EVfiles/sub-10581/sharedreward/run-1_event_friend_neutral.txt'
Creating '/ZPOOL/data/projects/rf1-sra-sharedreward/derivatives/fsl/EVfiles/sub-10581/sharedreward/run-1_event_friend_punish.txt'
Creating '/ZPOOL/data/projects/rf1-sra-sharedreward/derivatives/fsl/EVfiles/sub-10581/sharedreward/run-1_event_friend_reward.txt'
Creating '/ZPOOL/data/projects/rf1-sra-sharedreward/derivatives/fsl/EVfiles/sub-10581/sharedreward/run-1_event_stranger_neutral.txt'
Creating '/ZPOOL/data/projects/rf1-sra-sharedreward/derivatives/fsl/EVfiles/sub-10581/sharedreward/run-1_event_stranger_punish.txt'
Creating '/ZPOOL/data/projects/rf1-sra-sharedreward/derivatives/fsl/EVfiles/sub-10581/sharedreward/run-1_event_stranger_reward.txt'
Creating '/ZPOOL/data/projects/rf1-sra-sharedreward/derivatives/fsl/EVfiles/sub-10581/sharedreward/run-1_friend_face.txt'
Creating '/ZPOOL/data/projects/rf1-sra-sharedreward/derivatives/fsl/EVfiles/sub-10581/sharedreward/run-1_stranger_face.txt'
Creating '/ZPOOL/data/projects/rf1-sra-sharedreward/derivatives/fsl/EVfiles/sub-10581/sharedreward/run-2_computer_non-face.txt'
Creating '/ZPOOL/data/projects/rf1-sra-sharedreward/derivatives/fsl/EVfiles/sub-10581/sharedreward/run-2_event_computer_neutral.txt'
Creating '/ZPOOL/data/projects/rf1-sra-sharedreward/derivatives/fsl/EVfiles/sub-10581/sharedreward/run-2_event_computer_punish.txt'
Creating '/ZPOOL/data/projects/rf1-sra-sharedreward/derivatives/fsl/EVfiles/sub-10581/sharedreward/run-2_event_computer_reward.txt'
Creating '/ZPOOL/data/projects/rf1-sra-sharedreward/derivatives/fsl/EVfiles/sub-10581/sharedreward/run-2_event_friend_neutral.txt'
Creating '/ZPOOL/data/projects/rf1-sra-sharedreward/derivatives/fsl/EVfiles/sub-10581/sharedreward/run-2_event_friend_punish.txt'
Creating '/ZPOOL/data/projects/rf1-sra-sharedreward/derivatives/fsl/EVfiles/sub-10581/sharedreward/run-2_event_friend_reward.txt'
Creating '/ZPOOL/data/projects/rf1-sra-sharedreward/derivatives/fsl/EVfiles/sub-10581/sharedreward/run-2_event_stranger_neutral.txt'
Creating '/ZPOOL/data/projects/rf1-sra-sharedreward/derivatives/fsl/EVfiles/sub-10581/sharedreward/run-2_event_stranger_punish.txt'
Creating '/ZPOOL/data/projects/rf1-sra-sharedreward/derivatives/fsl/EVfiles/sub-10581/sharedreward/run-2_event_stranger_reward.txt'
Creating '/ZPOOL/data/projects/rf1-sra-sharedreward/derivatives/fsl/EVfiles/sub-10581/sharedreward/run-2_friend_face.txt'
Creating '/ZPOOL/data/projects/rf1-sra-sharedreward/derivatives/fsl/EVfiles/sub-10581/sharedreward/run-2_stranger_face.txt'
Creating '/ZPOOL/data/projects/rf1-sra-sharedreward/derivatives/fsl/EVfiles/sub-10584/sharedreward/run-1_computer_non-face.txt'
Creating '/ZPOOL/data/projects/rf1-sra-sharedreward/derivatives/fsl/EVfiles/sub-10584/sharedreward/run-1_event_computer_neutral.txt'
Creating '/ZPOOL/data/projects/rf1-sra-sharedreward/derivatives/fsl/EVfiles/sub-10584/sharedreward/run-1_event_computer_punish.txt'
Creating '/ZPOOL/data/projects/rf1-sra-sharedreward/derivatives/fsl/EVfiles/sub-10584/sharedreward/run-1_event_computer_reward.txt'
Creating '/ZPOOL/data/projects/rf1-sra-sharedreward/derivatives/fsl/EVfiles/sub-10584/sharedreward/run-1_event_friend_neutral.txt'
Creating '/ZPOOL/data/projects/rf1-sra-sharedreward/derivatives/fsl/EVfiles/sub-10584/sharedreward/run-1_event_friend_punish.txt'
Creating '/ZPOOL/data/projects/rf1-sra-sharedreward/derivatives/fsl/EVfiles/sub-10584/sharedreward/run-1_event_friend_reward.txt'
Creating '/ZPOOL/data/projects/rf1-sra-sharedreward/derivatives/fsl/EVfiles/sub-10584/sharedreward/run-1_event_stranger_neutral.txt'
Creating '/ZPOOL/data/projects/rf1-sra-sharedreward/derivatives/fsl/EVfiles/sub-10584/sharedreward/run-1_event_stranger_punish.txt'
Creating '/ZPOOL/data/projects/rf1-sra-sharedreward/derivatives/fsl/EVfiles/sub-10584/sharedreward/run-1_event_stranger_reward.txt'
Creating '/ZPOOL/data/projects/rf1-sra-sharedreward/derivatives/fsl/EVfiles/sub-10584/sharedreward/run-1_friend_face.txt'
Creating '/ZPOOL/data/projects/rf1-sra-sharedreward/derivatives/fsl/EVfiles/sub-10584/sharedreward/run-1_stranger_face.txt'
PATH ERROR: cannot locate /ZPOOL/data/projects/rf1-sra-data/bids/sub-10584/func/sub-10584_task-sharedreward_run-2_events.tsv.
Creating '/ZPOOL/data/projects/rf1-sra-sharedreward/derivatives/fsl/EVfiles/sub-10585/sharedreward/run-1_computer_non-face.txt'
Creating '/ZPOOL/data/projects/rf1-sra-sharedreward/derivatives/fsl/EVfiles/sub-10585/sharedreward/run-1_event_computer_neutral.txt'
Creating '/ZPOOL/data/projects/rf1-sra-sharedreward/derivatives/fsl/EVfiles/sub-10585/sharedreward/run-1_event_computer_punish.txt'
Creating '/ZPOOL/data/projects/rf1-sra-sharedreward/derivatives/fsl/EVfiles/sub-10585/sharedreward/run-1_event_computer_reward.txt'
Creating '/ZPOOL/data/projects/rf1-sra-sharedreward/derivatives/fsl/EVfiles/sub-10585/sharedreward/run-1_event_friend_neutral.txt'
Creating '/ZPOOL/data/projects/rf1-sra-sharedreward/derivatives/fsl/EVfiles/sub-10585/sharedreward/run-1_event_friend_punish.txt'
Creating '/ZPOOL/data/projects/rf1-sra-sharedreward/derivatives/fsl/EVfiles/sub-10585/sharedreward/run-1_event_friend_reward.txt'
Creating '/ZPOOL/data/projects/rf1-sra-sharedreward/derivatives/fsl/EVfiles/sub-10585/sharedreward/run-1_event_stranger_neutral.txt'
Creating '/ZPOOL/data/projects/rf1-sra-sharedreward/derivatives/fsl/EVfiles/sub-10585/sharedreward/run-1_event_stranger_punish.txt'
Creating '/ZPOOL/data/projects/rf1-sra-sharedreward/derivatives/fsl/EVfiles/sub-10585/sharedreward/run-1_event_stranger_reward.txt'
Creating '/ZPOOL/data/projects/rf1-sra-sharedreward/derivatives/fsl/EVfiles/sub-10585/sharedreward/run-1_friend_face.txt'
Creating '/ZPOOL/data/projects/rf1-sra-sharedreward/derivatives/fsl/EVfiles/sub-10585/sharedreward/run-1_stranger_face.txt'
Creating '/ZPOOL/data/projects/rf1-sra-sharedreward/derivatives/fsl/EVfiles/sub-10585/sharedreward/run-2_computer_non-face.txt'
Creating '/ZPOOL/data/projects/rf1-sra-sharedreward/derivatives/fsl/EVfiles/sub-10585/sharedreward/run-2_event_computer_neutral.txt'
Creating '/ZPOOL/data/projects/rf1-sra-sharedreward/derivatives/fsl/EVfiles/sub-10585/sharedreward/run-2_event_computer_punish.txt'
Creating '/ZPOOL/data/projects/rf1-sra-sharedreward/derivatives/fsl/EVfiles/sub-10585/sharedreward/run-2_event_computer_reward.txt'
Creating '/ZPOOL/data/projects/rf1-sra-sharedreward/derivatives/fsl/EVfiles/sub-10585/sharedreward/run-2_event_friend_neutral.txt'
Creating '/ZPOOL/data/projects/rf1-sra-sharedreward/derivatives/fsl/EVfiles/sub-10585/sharedreward/run-2_event_friend_punish.txt'
Creating '/ZPOOL/data/projects/rf1-sra-sharedreward/derivatives/fsl/EVfiles/sub-10585/sharedreward/run-2_event_friend_reward.txt'
Creating '/ZPOOL/data/projects/rf1-sra-sharedreward/derivatives/fsl/EVfiles/sub-10585/sharedreward/run-2_event_stranger_neutral.txt'
Creating '/ZPOOL/data/projects/rf1-sra-sharedreward/derivatives/fsl/EVfiles/sub-10585/sharedreward/run-2_event_stranger_punish.txt'
Creating '/ZPOOL/data/projects/rf1-sra-sharedreward/derivatives/fsl/EVfiles/sub-10585/sharedreward/run-2_event_stranger_reward.txt'
Creating '/ZPOOL/data/projects/rf1-sra-sharedreward/derivatives/fsl/EVfiles/sub-10585/sharedreward/run-2_friend_face.txt'
Creating '/ZPOOL/data/projects/rf1-sra-sharedreward/derivatives/fsl/EVfiles/sub-10585/sharedreward/run-2_stranger_face.txt'
Creating '/ZPOOL/data/projects/rf1-sra-sharedreward/derivatives/fsl/EVfiles/sub-10589/sharedreward/run-1_computer_non-face.txt'
Creating '/ZPOOL/data/projects/rf1-sra-sharedreward/derivatives/fsl/EVfiles/sub-10589/sharedreward/run-1_event_computer_neutral.txt'
Creating '/ZPOOL/data/projects/rf1-sra-sharedreward/derivatives/fsl/EVfiles/sub-10589/sharedreward/run-1_event_computer_punish.txt'
Creating '/ZPOOL/data/projects/rf1-sra-sharedreward/derivatives/fsl/EVfiles/sub-10589/sharedreward/run-1_event_computer_reward.txt'
Creating '/ZPOOL/data/projects/rf1-sra-sharedreward/derivatives/fsl/EVfiles/sub-10589/sharedreward/run-1_event_friend_neutral.txt'
Creating '/ZPOOL/data/projects/rf1-sra-sharedreward/derivatives/fsl/EVfiles/sub-10589/sharedreward/run-1_event_friend_punish.txt'
Creating '/ZPOOL/data/projects/rf1-sra-sharedreward/derivatives/fsl/EVfiles/sub-10589/sharedreward/run-1_event_friend_reward.txt'
Creating '/ZPOOL/data/projects/rf1-sra-sharedreward/derivatives/fsl/EVfiles/sub-10589/sharedreward/run-1_event_stranger_neutral.txt'
Creating '/ZPOOL/data/projects/rf1-sra-sharedreward/derivatives/fsl/EVfiles/sub-10589/sharedreward/run-1_event_stranger_punish.txt'
Creating '/ZPOOL/data/projects/rf1-sra-sharedreward/derivatives/fsl/EVfiles/sub-10589/sharedreward/run-1_event_stranger_reward.txt'
Creating '/ZPOOL/data/projects/rf1-sra-sharedreward/derivatives/fsl/EVfiles/sub-10589/sharedreward/run-1_friend_face.txt'
Creating '/ZPOOL/data/projects/rf1-sra-sharedreward/derivatives/fsl/EVfiles/sub-10589/sharedreward/run-1_stranger_face.txt'
Creating '/ZPOOL/data/projects/rf1-sra-sharedreward/derivatives/fsl/EVfiles/sub-10589/sharedreward/run-2_computer_non-face.txt'
Creating '/ZPOOL/data/projects/rf1-sra-sharedreward/derivatives/fsl/EVfiles/sub-10589/sharedreward/run-2_event_computer_neutral.txt'
Creating '/ZPOOL/data/projects/rf1-sra-sharedreward/derivatives/fsl/EVfiles/sub-10589/sharedreward/run-2_event_computer_punish.txt'
Creating '/ZPOOL/data/projects/rf1-sra-sharedreward/derivatives/fsl/EVfiles/sub-10589/sharedreward/run-2_event_computer_reward.txt'
Creating '/ZPOOL/data/projects/rf1-sra-sharedreward/derivatives/fsl/EVfiles/sub-10589/sharedreward/run-2_event_friend_neutral.txt'
Creating '/ZPOOL/data/projects/rf1-sra-sharedreward/derivatives/fsl/EVfiles/sub-10589/sharedreward/run-2_event_friend_punish.txt'
Creating '/ZPOOL/data/projects/rf1-sra-sharedreward/derivatives/fsl/EVfiles/sub-10589/sharedreward/run-2_event_friend_reward.txt'
Creating '/ZPOOL/data/projects/rf1-sra-sharedreward/derivatives/fsl/EVfiles/sub-10589/sharedreward/run-2_event_stranger_neutral.txt'
Creating '/ZPOOL/data/projects/rf1-sra-sharedreward/derivatives/fsl/EVfiles/sub-10589/sharedreward/run-2_event_stranger_punish.txt'
Creating '/ZPOOL/data/projects/rf1-sra-sharedreward/derivatives/fsl/EVfiles/sub-10589/sharedreward/run-2_event_stranger_reward.txt'
Creating '/ZPOOL/data/projects/rf1-sra-sharedreward/derivatives/fsl/EVfiles/sub-10589/sharedreward/run-2_friend_face.txt'
Creating '/ZPOOL/data/projects/rf1-sra-sharedreward/derivatives/fsl/EVfiles/sub-10589/sharedreward/run-2_stranger_face.txt'
Creating '/ZPOOL/data/projects/rf1-sra-sharedreward/derivatives/fsl/EVfiles/sub-10590/sharedreward/run-1_computer_non-face.txt'
Creating '/ZPOOL/data/projects/rf1-sra-sharedreward/derivatives/fsl/EVfiles/sub-10590/sharedreward/run-1_event_computer_neutral.txt'
Creating '/ZPOOL/data/projects/rf1-sra-sharedreward/derivatives/fsl/EVfiles/sub-10590/sharedreward/run-1_event_computer_punish.txt'
Creating '/ZPOOL/data/projects/rf1-sra-sharedreward/derivatives/fsl/EVfiles/sub-10590/sharedreward/run-1_event_computer_reward.txt'
Creating '/ZPOOL/data/projects/rf1-sra-sharedreward/derivatives/fsl/EVfiles/sub-10590/sharedreward/run-1_event_friend_neutral.txt'
Creating '/ZPOOL/data/projects/rf1-sra-sharedreward/derivatives/fsl/EVfiles/sub-10590/sharedreward/run-1_event_friend_punish.txt'
Creating '/ZPOOL/data/projects/rf1-sra-sharedreward/derivatives/fsl/EVfiles/sub-10590/sharedreward/run-1_event_friend_reward.txt'
Creating '/ZPOOL/data/projects/rf1-sra-sharedreward/derivatives/fsl/EVfiles/sub-10590/sharedreward/run-1_event_stranger_neutral.txt'
Creating '/ZPOOL/data/projects/rf1-sra-sharedreward/derivatives/fsl/EVfiles/sub-10590/sharedreward/run-1_event_stranger_punish.txt'
Creating '/ZPOOL/data/projects/rf1-sra-sharedreward/derivatives/fsl/EVfiles/sub-10590/sharedreward/run-1_event_stranger_reward.txt'
Creating '/ZPOOL/data/projects/rf1-sra-sharedreward/derivatives/fsl/EVfiles/sub-10590/sharedreward/run-1_friend_face.txt'
Creating '/ZPOOL/data/projects/rf1-sra-sharedreward/derivatives/fsl/EVfiles/sub-10590/sharedreward/run-1_stranger_face.txt'
Creating '/ZPOOL/data/projects/rf1-sra-sharedreward/derivatives/fsl/EVfiles/sub-10590/sharedreward/run-2_computer_non-face.txt'
Creating '/ZPOOL/data/projects/rf1-sra-sharedreward/derivatives/fsl/EVfiles/sub-10590/sharedreward/run-2_event_computer_neutral.txt'
Creating '/ZPOOL/data/projects/rf1-sra-sharedreward/derivatives/fsl/EVfiles/sub-10590/sharedreward/run-2_event_computer_punish.txt'
Creating '/ZPOOL/data/projects/rf1-sra-sharedreward/derivatives/fsl/EVfiles/sub-10590/sharedreward/run-2_event_computer_reward.txt'
Creating '/ZPOOL/data/projects/rf1-sra-sharedreward/derivatives/fsl/EVfiles/sub-10590/sharedreward/run-2_event_friend_neutral.txt'
Creating '/ZPOOL/data/projects/rf1-sra-sharedreward/derivatives/fsl/EVfiles/sub-10590/sharedreward/run-2_event_friend_punish.txt'
Creating '/ZPOOL/data/projects/rf1-sra-sharedreward/derivatives/fsl/EVfiles/sub-10590/sharedreward/run-2_event_friend_reward.txt'
Creating '/ZPOOL/data/projects/rf1-sra-sharedreward/derivatives/fsl/EVfiles/sub-10590/sharedreward/run-2_event_stranger_neutral.txt'
Creating '/ZPOOL/data/projects/rf1-sra-sharedreward/derivatives/fsl/EVfiles/sub-10590/sharedreward/run-2_event_stranger_punish.txt'
Creating '/ZPOOL/data/projects/rf1-sra-sharedreward/derivatives/fsl/EVfiles/sub-10590/sharedreward/run-2_event_stranger_reward.txt'
Creating '/ZPOOL/data/projects/rf1-sra-sharedreward/derivatives/fsl/EVfiles/sub-10590/sharedreward/run-2_friend_face.txt'
Creating '/ZPOOL/data/projects/rf1-sra-sharedreward/derivatives/fsl/EVfiles/sub-10590/sharedreward/run-2_stranger_face.txt'
Creating '/ZPOOL/data/projects/rf1-sra-sharedreward/derivatives/fsl/EVfiles/sub-10596/sharedreward/run-1_computer_non-face.txt'
Creating '/ZPOOL/data/projects/rf1-sra-sharedreward/derivatives/fsl/EVfiles/sub-10596/sharedreward/run-1_event_computer_neutral.txt'
Creating '/ZPOOL/data/projects/rf1-sra-sharedreward/derivatives/fsl/EVfiles/sub-10596/sharedreward/run-1_event_computer_punish.txt'
Creating '/ZPOOL/data/projects/rf1-sra-sharedreward/derivatives/fsl/EVfiles/sub-10596/sharedreward/run-1_event_computer_reward.txt'
Creating '/ZPOOL/data/projects/rf1-sra-sharedreward/derivatives/fsl/EVfiles/sub-10596/sharedreward/run-1_event_friend_neutral.txt'
Creating '/ZPOOL/data/projects/rf1-sra-sharedreward/derivatives/fsl/EVfiles/sub-10596/sharedreward/run-1_event_friend_punish.txt'
Creating '/ZPOOL/data/projects/rf1-sra-sharedreward/derivatives/fsl/EVfiles/sub-10596/sharedreward/run-1_event_friend_reward.txt'
Creating '/ZPOOL/data/projects/rf1-sra-sharedreward/derivatives/fsl/EVfiles/sub-10596/sharedreward/run-1_event_stranger_neutral.txt'
Creating '/ZPOOL/data/projects/rf1-sra-sharedreward/derivatives/fsl/EVfiles/sub-10596/sharedreward/run-1_event_stranger_punish.txt'
Creating '/ZPOOL/data/projects/rf1-sra-sharedreward/derivatives/fsl/EVfiles/sub-10596/sharedreward/run-1_event_stranger_reward.txt'
Creating '/ZPOOL/data/projects/rf1-sra-sharedreward/derivatives/fsl/EVfiles/sub-10596/sharedreward/run-1_friend_face.txt'
Creating '/ZPOOL/data/projects/rf1-sra-sharedreward/derivatives/fsl/EVfiles/sub-10596/sharedreward/run-1_stranger_face.txt'
Creating '/ZPOOL/data/projects/rf1-sra-sharedreward/derivatives/fsl/EVfiles/sub-10596/sharedreward/run-2_computer_non-face.txt'
Creating '/ZPOOL/data/projects/rf1-sra-sharedreward/derivatives/fsl/EVfiles/sub-10596/sharedreward/run-2_event_computer_neutral.txt'
Creating '/ZPOOL/data/projects/rf1-sra-sharedreward/derivatives/fsl/EVfiles/sub-10596/sharedreward/run-2_event_computer_punish.txt'
Creating '/ZPOOL/data/projects/rf1-sra-sharedreward/derivatives/fsl/EVfiles/sub-10596/sharedreward/run-2_event_computer_reward.txt'
Creating '/ZPOOL/data/projects/rf1-sra-sharedreward/derivatives/fsl/EVfiles/sub-10596/sharedreward/run-2_event_friend_neutral.txt'
Creating '/ZPOOL/data/projects/rf1-sra-sharedreward/derivatives/fsl/EVfiles/sub-10596/sharedreward/run-2_event_friend_punish.txt'
Creating '/ZPOOL/data/projects/rf1-sra-sharedreward/derivatives/fsl/EVfiles/sub-10596/sharedreward/run-2_event_friend_reward.txt'
Creating '/ZPOOL/data/projects/rf1-sra-sharedreward/derivatives/fsl/EVfiles/sub-10596/sharedreward/run-2_event_stranger_neutral.txt'
Creating '/ZPOOL/data/projects/rf1-sra-sharedreward/derivatives/fsl/EVfiles/sub-10596/sharedreward/run-2_event_stranger_punish.txt'
Creating '/ZPOOL/data/projects/rf1-sra-sharedreward/derivatives/fsl/EVfiles/sub-10596/sharedreward/run-2_event_stranger_reward.txt'
Creating '/ZPOOL/data/projects/rf1-sra-sharedreward/derivatives/fsl/EVfiles/sub-10596/sharedreward/run-2_friend_face.txt'
Creating '/ZPOOL/data/projects/rf1-sra-sharedreward/derivatives/fsl/EVfiles/sub-10596/sharedreward/run-2_stranger_face.txt'
Creating '/ZPOOL/data/projects/rf1-sra-sharedreward/derivatives/fsl/EVfiles/sub-10603/sharedreward/run-1_computer_non-face.txt'
Creating '/ZPOOL/data/projects/rf1-sra-sharedreward/derivatives/fsl/EVfiles/sub-10603/sharedreward/run-1_event_computer_neutral.txt'
Creating '/ZPOOL/data/projects/rf1-sra-sharedreward/derivatives/fsl/EVfiles/sub-10603/sharedreward/run-1_event_computer_punish.txt'
Creating '/ZPOOL/data/projects/rf1-sra-sharedreward/derivatives/fsl/EVfiles/sub-10603/sharedreward/run-1_event_computer_reward.txt'
Creating '/ZPOOL/data/projects/rf1-sra-sharedreward/derivatives/fsl/EVfiles/sub-10603/sharedreward/run-1_event_friend_neutral.txt'
Creating '/ZPOOL/data/projects/rf1-sra-sharedreward/derivatives/fsl/EVfiles/sub-10603/sharedreward/run-1_event_friend_punish.txt'
Creating '/ZPOOL/data/projects/rf1-sra-sharedreward/derivatives/fsl/EVfiles/sub-10603/sharedreward/run-1_event_friend_reward.txt'
Creating '/ZPOOL/data/projects/rf1-sra-sharedreward/derivatives/fsl/EVfiles/sub-10603/sharedreward/run-1_event_stranger_neutral.txt'
Creating '/ZPOOL/data/projects/rf1-sra-sharedreward/derivatives/fsl/EVfiles/sub-10603/sharedreward/run-1_event_stranger_punish.txt'
Creating '/ZPOOL/data/projects/rf1-sra-sharedreward/derivatives/fsl/EVfiles/sub-10603/sharedreward/run-1_event_stranger_reward.txt'
Creating '/ZPOOL/data/projects/rf1-sra-sharedreward/derivatives/fsl/EVfiles/sub-10603/sharedreward/run-1_friend_face.txt'
Creating '/ZPOOL/data/projects/rf1-sra-sharedreward/derivatives/fsl/EVfiles/sub-10603/sharedreward/run-1_stranger_face.txt'
PATH ERROR: cannot locate /ZPOOL/data/projects/rf1-sra-data/bids/sub-10603/func/sub-10603_task-sharedreward_run-2_events.tsv.
Creating '/ZPOOL/data/projects/rf1-sra-sharedreward/derivatives/fsl/EVfiles/sub-10606/sharedreward/run-1_computer_non-face.txt'
Creating '/ZPOOL/data/projects/rf1-sra-sharedreward/derivatives/fsl/EVfiles/sub-10606/sharedreward/run-1_event_computer_neutral.txt'
Creating '/ZPOOL/data/projects/rf1-sra-sharedreward/derivatives/fsl/EVfiles/sub-10606/sharedreward/run-1_event_computer_punish.txt'
Creating '/ZPOOL/data/projects/rf1-sra-sharedreward/derivatives/fsl/EVfiles/sub-10606/sharedreward/run-1_event_computer_reward.txt'
Creating '/ZPOOL/data/projects/rf1-sra-sharedreward/derivatives/fsl/EVfiles/sub-10606/sharedreward/run-1_event_friend_neutral.txt'
Creating '/ZPOOL/data/projects/rf1-sra-sharedreward/derivatives/fsl/EVfiles/sub-10606/sharedreward/run-1_event_friend_punish.txt'
Creating '/ZPOOL/data/projects/rf1-sra-sharedreward/derivatives/fsl/EVfiles/sub-10606/sharedreward/run-1_event_friend_reward.txt'
Creating '/ZPOOL/data/projects/rf1-sra-sharedreward/derivatives/fsl/EVfiles/sub-10606/sharedreward/run-1_event_stranger_neutral.txt'
Creating '/ZPOOL/data/projects/rf1-sra-sharedreward/derivatives/fsl/EVfiles/sub-10606/sharedreward/run-1_event_stranger_punish.txt'
Creating '/ZPOOL/data/projects/rf1-sra-sharedreward/derivatives/fsl/EVfiles/sub-10606/sharedreward/run-1_event_stranger_reward.txt'
Creating '/ZPOOL/data/projects/rf1-sra-sharedreward/derivatives/fsl/EVfiles/sub-10606/sharedreward/run-1_friend_face.txt'
Creating '/ZPOOL/data/projects/rf1-sra-sharedreward/derivatives/fsl/EVfiles/sub-10606/sharedreward/run-1_stranger_face.txt'
Creating '/ZPOOL/data/projects/rf1-sra-sharedreward/derivatives/fsl/EVfiles/sub-10606/sharedreward/run-2_computer_non-face.txt'
Creating '/ZPOOL/data/projects/rf1-sra-sharedreward/derivatives/fsl/EVfiles/sub-10606/sharedreward/run-2_event_computer_neutral.txt'
Creating '/ZPOOL/data/projects/rf1-sra-sharedreward/derivatives/fsl/EVfiles/sub-10606/sharedreward/run-2_event_computer_punish.txt'
Creating '/ZPOOL/data/projects/rf1-sra-sharedreward/derivatives/fsl/EVfiles/sub-10606/sharedreward/run-2_event_computer_reward.txt'
Creating '/ZPOOL/data/projects/rf1-sra-sharedreward/derivatives/fsl/EVfiles/sub-10606/sharedreward/run-2_event_friend_neutral.txt'
Creating '/ZPOOL/data/projects/rf1-sra-sharedreward/derivatives/fsl/EVfiles/sub-10606/sharedreward/run-2_event_friend_punish.txt'
Creating '/ZPOOL/data/projects/rf1-sra-sharedreward/derivatives/fsl/EVfiles/sub-10606/sharedreward/run-2_event_friend_reward.txt'
Creating '/ZPOOL/data/projects/rf1-sra-sharedreward/derivatives/fsl/EVfiles/sub-10606/sharedreward/run-2_event_stranger_neutral.txt'
Creating '/ZPOOL/data/projects/rf1-sra-sharedreward/derivatives/fsl/EVfiles/sub-10606/sharedreward/run-2_event_stranger_punish.txt'
Creating '/ZPOOL/data/projects/rf1-sra-sharedreward/derivatives/fsl/EVfiles/sub-10606/sharedreward/run-2_event_stranger_reward.txt'
Creating '/ZPOOL/data/projects/rf1-sra-sharedreward/derivatives/fsl/EVfiles/sub-10606/sharedreward/run-2_friend_face.txt'
Creating '/ZPOOL/data/projects/rf1-sra-sharedreward/derivatives/fsl/EVfiles/sub-10606/sharedreward/run-2_stranger_face.txt'
Creating '/ZPOOL/data/projects/rf1-sra-sharedreward/derivatives/fsl/EVfiles/sub-10608/sharedreward/run-1_computer_non-face.txt'
Creating '/ZPOOL/data/projects/rf1-sra-sharedreward/derivatives/fsl/EVfiles/sub-10608/sharedreward/run-1_event_computer_neutral.txt'
Creating '/ZPOOL/data/projects/rf1-sra-sharedreward/derivatives/fsl/EVfiles/sub-10608/sharedreward/run-1_event_computer_punish.txt'
Creating '/ZPOOL/data/projects/rf1-sra-sharedreward/derivatives/fsl/EVfiles/sub-10608/sharedreward/run-1_event_computer_reward.txt'
Creating '/ZPOOL/data/projects/rf1-sra-sharedreward/derivatives/fsl/EVfiles/sub-10608/sharedreward/run-1_event_friend_neutral.txt'
Creating '/ZPOOL/data/projects/rf1-sra-sharedreward/derivatives/fsl/EVfiles/sub-10608/sharedreward/run-1_event_friend_punish.txt'
Creating '/ZPOOL/data/projects/rf1-sra-sharedreward/derivatives/fsl/EVfiles/sub-10608/sharedreward/run-1_event_friend_reward.txt'
Creating '/ZPOOL/data/projects/rf1-sra-sharedreward/derivatives/fsl/EVfiles/sub-10608/sharedreward/run-1_event_stranger_neutral.txt'
Creating '/ZPOOL/data/projects/rf1-sra-sharedreward/derivatives/fsl/EVfiles/sub-10608/sharedreward/run-1_event_stranger_punish.txt'
Creating '/ZPOOL/data/projects/rf1-sra-sharedreward/derivatives/fsl/EVfiles/sub-10608/sharedreward/run-1_event_stranger_reward.txt'
Creating '/ZPOOL/data/projects/rf1-sra-sharedreward/derivatives/fsl/EVfiles/sub-10608/sharedreward/run-1_friend_face.txt'
Creating '/ZPOOL/data/projects/rf1-sra-sharedreward/derivatives/fsl/EVfiles/sub-10608/sharedreward/run-1_stranger_face.txt'
Creating '/ZPOOL/data/projects/rf1-sra-sharedreward/derivatives/fsl/EVfiles/sub-10608/sharedreward/run-2_computer_non-face.txt'
Creating '/ZPOOL/data/projects/rf1-sra-sharedreward/derivatives/fsl/EVfiles/sub-10608/sharedreward/run-2_event_computer_neutral.txt'
Creating '/ZPOOL/data/projects/rf1-sra-sharedreward/derivatives/fsl/EVfiles/sub-10608/sharedreward/run-2_event_computer_punish.txt'
Creating '/ZPOOL/data/projects/rf1-sra-sharedreward/derivatives/fsl/EVfiles/sub-10608/sharedreward/run-2_event_computer_reward.txt'
Creating '/ZPOOL/data/projects/rf1-sra-sharedreward/derivatives/fsl/EVfiles/sub-10608/sharedreward/run-2_event_friend_neutral.txt'
Creating '/ZPOOL/data/projects/rf1-sra-sharedreward/derivatives/fsl/EVfiles/sub-10608/sharedreward/run-2_event_friend_punish.txt'
Creating '/ZPOOL/data/projects/rf1-sra-sharedreward/derivatives/fsl/EVfiles/sub-10608/sharedreward/run-2_event_friend_reward.txt'
Creating '/ZPOOL/data/projects/rf1-sra-sharedreward/derivatives/fsl/EVfiles/sub-10608/sharedreward/run-2_event_stranger_neutral.txt'
Creating '/ZPOOL/data/projects/rf1-sra-sharedreward/derivatives/fsl/EVfiles/sub-10608/sharedreward/run-2_event_stranger_punish.txt'
Creating '/ZPOOL/data/projects/rf1-sra-sharedreward/derivatives/fsl/EVfiles/sub-10608/sharedreward/run-2_event_stranger_reward.txt'
Creating '/ZPOOL/data/projects/rf1-sra-sharedreward/derivatives/fsl/EVfiles/sub-10608/sharedreward/run-2_friend_face.txt'
Creating '/ZPOOL/data/projects/rf1-sra-sharedreward/derivatives/fsl/EVfiles/sub-10608/sharedreward/run-2_stranger_face.txt'
Creating '/ZPOOL/data/projects/rf1-sra-sharedreward/derivatives/fsl/EVfiles/sub-10617/sharedreward/run-1_computer_non-face.txt'
Creating '/ZPOOL/data/projects/rf1-sra-sharedreward/derivatives/fsl/EVfiles/sub-10617/sharedreward/run-1_event_computer_neutral.txt'
Creating '/ZPOOL/data/projects/rf1-sra-sharedreward/derivatives/fsl/EVfiles/sub-10617/sharedreward/run-1_event_computer_punish.txt'
Creating '/ZPOOL/data/projects/rf1-sra-sharedreward/derivatives/fsl/EVfiles/sub-10617/sharedreward/run-1_event_computer_reward.txt'
Creating '/ZPOOL/data/projects/rf1-sra-sharedreward/derivatives/fsl/EVfiles/sub-10617/sharedreward/run-1_event_friend_neutral.txt'
Creating '/ZPOOL/data/projects/rf1-sra-sharedreward/derivatives/fsl/EVfiles/sub-10617/sharedreward/run-1_event_friend_punish.txt'
Creating '/ZPOOL/data/projects/rf1-sra-sharedreward/derivatives/fsl/EVfiles/sub-10617/sharedreward/run-1_event_friend_reward.txt'
Creating '/ZPOOL/data/projects/rf1-sra-sharedreward/derivatives/fsl/EVfiles/sub-10617/sharedreward/run-1_event_stranger_neutral.txt'
Creating '/ZPOOL/data/projects/rf1-sra-sharedreward/derivatives/fsl/EVfiles/sub-10617/sharedreward/run-1_event_stranger_punish.txt'
Creating '/ZPOOL/data/projects/rf1-sra-sharedreward/derivatives/fsl/EVfiles/sub-10617/sharedreward/run-1_event_stranger_reward.txt'
Creating '/ZPOOL/data/projects/rf1-sra-sharedreward/derivatives/fsl/EVfiles/sub-10617/sharedreward/run-1_friend_face.txt'
Creating '/ZPOOL/data/projects/rf1-sra-sharedreward/derivatives/fsl/EVfiles/sub-10617/sharedreward/run-1_stranger_face.txt'
PATH ERROR: cannot locate /ZPOOL/data/projects/rf1-sra-data/bids/sub-10617/func/sub-10617_task-sharedreward_run-2_events.tsv.
Creating '/ZPOOL/data/projects/rf1-sra-sharedreward/derivatives/fsl/EVfiles/sub-10636/sharedreward/run-1_computer_non-face.txt'
Creating '/ZPOOL/data/projects/rf1-sra-sharedreward/derivatives/fsl/EVfiles/sub-10636/sharedreward/run-1_event_computer_neutral.txt'
Creating '/ZPOOL/data/projects/rf1-sra-sharedreward/derivatives/fsl/EVfiles/sub-10636/sharedreward/run-1_event_computer_punish.txt'
Creating '/ZPOOL/data/projects/rf1-sra-sharedreward/derivatives/fsl/EVfiles/sub-10636/sharedreward/run-1_event_computer_reward.txt'
Creating '/ZPOOL/data/projects/rf1-sra-sharedreward/derivatives/fsl/EVfiles/sub-10636/sharedreward/run-1_event_friend_neutral.txt'
Creating '/ZPOOL/data/projects/rf1-sra-sharedreward/derivatives/fsl/EVfiles/sub-10636/sharedreward/run-1_event_friend_punish.txt'
Creating '/ZPOOL/data/projects/rf1-sra-sharedreward/derivatives/fsl/EVfiles/sub-10636/sharedreward/run-1_event_friend_reward.txt'
Creating '/ZPOOL/data/projects/rf1-sra-sharedreward/derivatives/fsl/EVfiles/sub-10636/sharedreward/run-1_event_stranger_neutral.txt'
Creating '/ZPOOL/data/projects/rf1-sra-sharedreward/derivatives/fsl/EVfiles/sub-10636/sharedreward/run-1_event_stranger_punish.txt'
Creating '/ZPOOL/data/projects/rf1-sra-sharedreward/derivatives/fsl/EVfiles/sub-10636/sharedreward/run-1_event_stranger_reward.txt'
Creating '/ZPOOL/data/projects/rf1-sra-sharedreward/derivatives/fsl/EVfiles/sub-10636/sharedreward/run-1_friend_face.txt'
Creating '/ZPOOL/data/projects/rf1-sra-sharedreward/derivatives/fsl/EVfiles/sub-10636/sharedreward/run-1_stranger_face.txt'
Creating '/ZPOOL/data/projects/rf1-sra-sharedreward/derivatives/fsl/EVfiles/sub-10636/sharedreward/run-2_computer_non-face.txt'
Creating '/ZPOOL/data/projects/rf1-sra-sharedreward/derivatives/fsl/EVfiles/sub-10636/sharedreward/run-2_event_computer_neutral.txt'
Creating '/ZPOOL/data/projects/rf1-sra-sharedreward/derivatives/fsl/EVfiles/sub-10636/sharedreward/run-2_event_computer_punish.txt'
Creating '/ZPOOL/data/projects/rf1-sra-sharedreward/derivatives/fsl/EVfiles/sub-10636/sharedreward/run-2_event_computer_reward.txt'
Creating '/ZPOOL/data/projects/rf1-sra-sharedreward/derivatives/fsl/EVfiles/sub-10636/sharedreward/run-2_event_friend_neutral.txt'
Creating '/ZPOOL/data/projects/rf1-sra-sharedreward/derivatives/fsl/EVfiles/sub-10636/sharedreward/run-2_event_friend_punish.txt'
Creating '/ZPOOL/data/projects/rf1-sra-sharedreward/derivatives/fsl/EVfiles/sub-10636/sharedreward/run-2_event_friend_reward.txt'
Creating '/ZPOOL/data/projects/rf1-sra-sharedreward/derivatives/fsl/EVfiles/sub-10636/sharedreward/run-2_event_stranger_neutral.txt'
Creating '/ZPOOL/data/projects/rf1-sra-sharedreward/derivatives/fsl/EVfiles/sub-10636/sharedreward/run-2_event_stranger_punish.txt'
Creating '/ZPOOL/data/projects/rf1-sra-sharedreward/derivatives/fsl/EVfiles/sub-10636/sharedreward/run-2_event_stranger_reward.txt'
Creating '/ZPOOL/data/projects/rf1-sra-sharedreward/derivatives/fsl/EVfiles/sub-10636/sharedreward/run-2_friend_face.txt'
Creating '/ZPOOL/data/projects/rf1-sra-sharedreward/derivatives/fsl/EVfiles/sub-10636/sharedreward/run-2_stranger_face.txt'
Creating '/ZPOOL/data/projects/rf1-sra-sharedreward/derivatives/fsl/EVfiles/sub-10638/sharedreward/run-1_computer_non-face.txt'
Creating '/ZPOOL/data/projects/rf1-sra-sharedreward/derivatives/fsl/EVfiles/sub-10638/sharedreward/run-1_event_computer_neutral.txt'
Creating '/ZPOOL/data/projects/rf1-sra-sharedreward/derivatives/fsl/EVfiles/sub-10638/sharedreward/run-1_event_computer_punish.txt'
Creating '/ZPOOL/data/projects/rf1-sra-sharedreward/derivatives/fsl/EVfiles/sub-10638/sharedreward/run-1_event_computer_reward.txt'
Creating '/ZPOOL/data/projects/rf1-sra-sharedreward/derivatives/fsl/EVfiles/sub-10638/sharedreward/run-1_event_friend_neutral.txt'
Creating '/ZPOOL/data/projects/rf1-sra-sharedreward/derivatives/fsl/EVfiles/sub-10638/sharedreward/run-1_event_friend_punish.txt'
Creating '/ZPOOL/data/projects/rf1-sra-sharedreward/derivatives/fsl/EVfiles/sub-10638/sharedreward/run-1_event_friend_reward.txt'
Creating '/ZPOOL/data/projects/rf1-sra-sharedreward/derivatives/fsl/EVfiles/sub-10638/sharedreward/run-1_event_stranger_neutral.txt'
Creating '/ZPOOL/data/projects/rf1-sra-sharedreward/derivatives/fsl/EVfiles/sub-10638/sharedreward/run-1_event_stranger_punish.txt'
Creating '/ZPOOL/data/projects/rf1-sra-sharedreward/derivatives/fsl/EVfiles/sub-10638/sharedreward/run-1_event_stranger_reward.txt'
Creating '/ZPOOL/data/projects/rf1-sra-sharedreward/derivatives/fsl/EVfiles/sub-10638/sharedreward/run-1_friend_face.txt'
Creating '/ZPOOL/data/projects/rf1-sra-sharedreward/derivatives/fsl/EVfiles/sub-10638/sharedreward/run-1_stranger_face.txt'
Creating '/ZPOOL/data/projects/rf1-sra-sharedreward/derivatives/fsl/EVfiles/sub-10638/sharedreward/run-2_computer_non-face.txt'
Creating '/ZPOOL/data/projects/rf1-sra-sharedreward/derivatives/fsl/EVfiles/sub-10638/sharedreward/run-2_event_computer_neutral.txt'
Creating '/ZPOOL/data/projects/rf1-sra-sharedreward/derivatives/fsl/EVfiles/sub-10638/sharedreward/run-2_event_computer_punish.txt'
Creating '/ZPOOL/data/projects/rf1-sra-sharedreward/derivatives/fsl/EVfiles/sub-10638/sharedreward/run-2_event_computer_reward.txt'
Creating '/ZPOOL/data/projects/rf1-sra-sharedreward/derivatives/fsl/EVfiles/sub-10638/sharedreward/run-2_event_friend_neutral.txt'
Creating '/ZPOOL/data/projects/rf1-sra-sharedreward/derivatives/fsl/EVfiles/sub-10638/sharedreward/run-2_event_friend_punish.txt'
Creating '/ZPOOL/data/projects/rf1-sra-sharedreward/derivatives/fsl/EVfiles/sub-10638/sharedreward/run-2_event_friend_reward.txt'
Creating '/ZPOOL/data/projects/rf1-sra-sharedreward/derivatives/fsl/EVfiles/sub-10638/sharedreward/run-2_event_stranger_neutral.txt'
Creating '/ZPOOL/data/projects/rf1-sra-sharedreward/derivatives/fsl/EVfiles/sub-10638/sharedreward/run-2_event_stranger_punish.txt'
Creating '/ZPOOL/data/projects/rf1-sra-sharedreward/derivatives/fsl/EVfiles/sub-10638/sharedreward/run-2_event_stranger_reward.txt'
Creating '/ZPOOL/data/projects/rf1-sra-sharedreward/derivatives/fsl/EVfiles/sub-10638/sharedreward/run-2_friend_face.txt'
Creating '/ZPOOL/data/projects/rf1-sra-sharedreward/derivatives/fsl/EVfiles/sub-10638/sharedreward/run-2_stranger_face.txt'
Creating '/ZPOOL/data/projects/rf1-sra-sharedreward/derivatives/fsl/EVfiles/sub-10640/sharedreward/run-1_computer_non-face.txt'
Creating '/ZPOOL/data/projects/rf1-sra-sharedreward/derivatives/fsl/EVfiles/sub-10640/sharedreward/run-1_event_computer_neutral.txt'
Creating '/ZPOOL/data/projects/rf1-sra-sharedreward/derivatives/fsl/EVfiles/sub-10640/sharedreward/run-1_event_computer_punish.txt'
Creating '/ZPOOL/data/projects/rf1-sra-sharedreward/derivatives/fsl/EVfiles/sub-10640/sharedreward/run-1_event_computer_reward.txt'
Creating '/ZPOOL/data/projects/rf1-sra-sharedreward/derivatives/fsl/EVfiles/sub-10640/sharedreward/run-1_event_friend_neutral.txt'
Creating '/ZPOOL/data/projects/rf1-sra-sharedreward/derivatives/fsl/EVfiles/sub-10640/sharedreward/run-1_event_friend_punish.txt'
Creating '/ZPOOL/data/projects/rf1-sra-sharedreward/derivatives/fsl/EVfiles/sub-10640/sharedreward/run-1_event_friend_reward.txt'
Creating '/ZPOOL/data/projects/rf1-sra-sharedreward/derivatives/fsl/EVfiles/sub-10640/sharedreward/run-1_event_stranger_neutral.txt'
Creating '/ZPOOL/data/projects/rf1-sra-sharedreward/derivatives/fsl/EVfiles/sub-10640/sharedreward/run-1_event_stranger_punish.txt'
Creating '/ZPOOL/data/projects/rf1-sra-sharedreward/derivatives/fsl/EVfiles/sub-10640/sharedreward/run-1_event_stranger_reward.txt'
Creating '/ZPOOL/data/projects/rf1-sra-sharedreward/derivatives/fsl/EVfiles/sub-10640/sharedreward/run-1_friend_face.txt'
Creating '/ZPOOL/data/projects/rf1-sra-sharedreward/derivatives/fsl/EVfiles/sub-10640/sharedreward/run-1_stranger_face.txt'
Creating '/ZPOOL/data/projects/rf1-sra-sharedreward/derivatives/fsl/EVfiles/sub-10640/sharedreward/run-2_computer_non-face.txt'
Creating '/ZPOOL/data/projects/rf1-sra-sharedreward/derivatives/fsl/EVfiles/sub-10640/sharedreward/run-2_event_computer_neutral.txt'
Creating '/ZPOOL/data/projects/rf1-sra-sharedreward/derivatives/fsl/EVfiles/sub-10640/sharedreward/run-2_event_computer_punish.txt'
Creating '/ZPOOL/data/projects/rf1-sra-sharedreward/derivatives/fsl/EVfiles/sub-10640/sharedreward/run-2_event_computer_reward.txt'
Creating '/ZPOOL/data/projects/rf1-sra-sharedreward/derivatives/fsl/EVfiles/sub-10640/sharedreward/run-2_event_friend_neutral.txt'
Creating '/ZPOOL/data/projects/rf1-sra-sharedreward/derivatives/fsl/EVfiles/sub-10640/sharedreward/run-2_event_friend_punish.txt'
Creating '/ZPOOL/data/projects/rf1-sra-sharedreward/derivatives/fsl/EVfiles/sub-10640/sharedreward/run-2_event_friend_reward.txt'
Creating '/ZPOOL/data/projects/rf1-sra-sharedreward/derivatives/fsl/EVfiles/sub-10640/sharedreward/run-2_event_stranger_neutral.txt'
Creating '/ZPOOL/data/projects/rf1-sra-sharedreward/derivatives/fsl/EVfiles/sub-10640/sharedreward/run-2_event_stranger_punish.txt'
Creating '/ZPOOL/data/projects/rf1-sra-sharedreward/derivatives/fsl/EVfiles/sub-10640/sharedreward/run-2_event_stranger_reward.txt'
Creating '/ZPOOL/data/projects/rf1-sra-sharedreward/derivatives/fsl/EVfiles/sub-10640/sharedreward/run-2_friend_face.txt'
Creating '/ZPOOL/data/projects/rf1-sra-sharedreward/derivatives/fsl/EVfiles/sub-10640/sharedreward/run-2_stranger_face.txt'
Creating '/ZPOOL/data/projects/rf1-sra-sharedreward/derivatives/fsl/EVfiles/sub-10641/sharedreward/run-1_computer_non-face.txt'
Creating '/ZPOOL/data/projects/rf1-sra-sharedreward/derivatives/fsl/EVfiles/sub-10641/sharedreward/run-1_event_computer_neutral.txt'
Creating '/ZPOOL/data/projects/rf1-sra-sharedreward/derivatives/fsl/EVfiles/sub-10641/sharedreward/run-1_event_computer_punish.txt'
Creating '/ZPOOL/data/projects/rf1-sra-sharedreward/derivatives/fsl/EVfiles/sub-10641/sharedreward/run-1_event_computer_reward.txt'
Creating '/ZPOOL/data/projects/rf1-sra-sharedreward/derivatives/fsl/EVfiles/sub-10641/sharedreward/run-1_event_friend_neutral.txt'
Creating '/ZPOOL/data/projects/rf1-sra-sharedreward/derivatives/fsl/EVfiles/sub-10641/sharedreward/run-1_event_friend_punish.txt'
Creating '/ZPOOL/data/projects/rf1-sra-sharedreward/derivatives/fsl/EVfiles/sub-10641/sharedreward/run-1_event_friend_reward.txt'
Creating '/ZPOOL/data/projects/rf1-sra-sharedreward/derivatives/fsl/EVfiles/sub-10641/sharedreward/run-1_event_stranger_neutral.txt'
Creating '/ZPOOL/data/projects/rf1-sra-sharedreward/derivatives/fsl/EVfiles/sub-10641/sharedreward/run-1_event_stranger_punish.txt'
Creating '/ZPOOL/data/projects/rf1-sra-sharedreward/derivatives/fsl/EVfiles/sub-10641/sharedreward/run-1_event_stranger_reward.txt'
Creating '/ZPOOL/data/projects/rf1-sra-sharedreward/derivatives/fsl/EVfiles/sub-10641/sharedreward/run-1_friend_face.txt'
Creating '/ZPOOL/data/projects/rf1-sra-sharedreward/derivatives/fsl/EVfiles/sub-10641/sharedreward/run-1_stranger_face.txt'
PATH ERROR: cannot locate /ZPOOL/data/projects/rf1-sra-data/bids/sub-10641/func/sub-10641_task-sharedreward_run-2_events.tsv.
Creating '/ZPOOL/data/projects/rf1-sra-sharedreward/derivatives/fsl/EVfiles/sub-10642/sharedreward/run-1_computer_non-face.txt'
Creating '/ZPOOL/data/projects/rf1-sra-sharedreward/derivatives/fsl/EVfiles/sub-10642/sharedreward/run-1_event_computer_neutral.txt'
Creating '/ZPOOL/data/projects/rf1-sra-sharedreward/derivatives/fsl/EVfiles/sub-10642/sharedreward/run-1_event_computer_punish.txt'
Creating '/ZPOOL/data/projects/rf1-sra-sharedreward/derivatives/fsl/EVfiles/sub-10642/sharedreward/run-1_event_computer_reward.txt'
Creating '/ZPOOL/data/projects/rf1-sra-sharedreward/derivatives/fsl/EVfiles/sub-10642/sharedreward/run-1_event_friend_neutral.txt'
Creating '/ZPOOL/data/projects/rf1-sra-sharedreward/derivatives/fsl/EVfiles/sub-10642/sharedreward/run-1_event_friend_punish.txt'
Creating '/ZPOOL/data/projects/rf1-sra-sharedreward/derivatives/fsl/EVfiles/sub-10642/sharedreward/run-1_event_friend_reward.txt'
Creating '/ZPOOL/data/projects/rf1-sra-sharedreward/derivatives/fsl/EVfiles/sub-10642/sharedreward/run-1_event_stranger_neutral.txt'
Creating '/ZPOOL/data/projects/rf1-sra-sharedreward/derivatives/fsl/EVfiles/sub-10642/sharedreward/run-1_event_stranger_punish.txt'
Creating '/ZPOOL/data/projects/rf1-sra-sharedreward/derivatives/fsl/EVfiles/sub-10642/sharedreward/run-1_event_stranger_reward.txt'
Creating '/ZPOOL/data/projects/rf1-sra-sharedreward/derivatives/fsl/EVfiles/sub-10642/sharedreward/run-1_friend_face.txt'
Creating '/ZPOOL/data/projects/rf1-sra-sharedreward/derivatives/fsl/EVfiles/sub-10642/sharedreward/run-1_stranger_face.txt'
Creating '/ZPOOL/data/projects/rf1-sra-sharedreward/derivatives/fsl/EVfiles/sub-10642/sharedreward/run-2_computer_non-face.txt'
Creating '/ZPOOL/data/projects/rf1-sra-sharedreward/derivatives/fsl/EVfiles/sub-10642/sharedreward/run-2_event_computer_neutral.txt'
Creating '/ZPOOL/data/projects/rf1-sra-sharedreward/derivatives/fsl/EVfiles/sub-10642/sharedreward/run-2_event_computer_punish.txt'
Creating '/ZPOOL/data/projects/rf1-sra-sharedreward/derivatives/fsl/EVfiles/sub-10642/sharedreward/run-2_event_computer_reward.txt'
Creating '/ZPOOL/data/projects/rf1-sra-sharedreward/derivatives/fsl/EVfiles/sub-10642/sharedreward/run-2_event_friend_neutral.txt'
Creating '/ZPOOL/data/projects/rf1-sra-sharedreward/derivatives/fsl/EVfiles/sub-10642/sharedreward/run-2_event_friend_punish.txt'
Creating '/ZPOOL/data/projects/rf1-sra-sharedreward/derivatives/fsl/EVfiles/sub-10642/sharedreward/run-2_event_friend_reward.txt'
Creating '/ZPOOL/data/projects/rf1-sra-sharedreward/derivatives/fsl/EVfiles/sub-10642/sharedreward/run-2_event_stranger_neutral.txt'
Creating '/ZPOOL/data/projects/rf1-sra-sharedreward/derivatives/fsl/EVfiles/sub-10642/sharedreward/run-2_event_stranger_punish.txt'
Creating '/ZPOOL/data/projects/rf1-sra-sharedreward/derivatives/fsl/EVfiles/sub-10642/sharedreward/run-2_event_stranger_reward.txt'
Creating '/ZPOOL/data/projects/rf1-sra-sharedreward/derivatives/fsl/EVfiles/sub-10642/sharedreward/run-2_friend_face.txt'
Creating '/ZPOOL/data/projects/rf1-sra-sharedreward/derivatives/fsl/EVfiles/sub-10642/sharedreward/run-2_stranger_face.txt'
Creating '/ZPOOL/data/projects/rf1-sra-sharedreward/derivatives/fsl/EVfiles/sub-10644/sharedreward/run-1_computer_non-face.txt'
Creating '/ZPOOL/data/projects/rf1-sra-sharedreward/derivatives/fsl/EVfiles/sub-10644/sharedreward/run-1_event_computer_neutral.txt'
Creating '/ZPOOL/data/projects/rf1-sra-sharedreward/derivatives/fsl/EVfiles/sub-10644/sharedreward/run-1_event_computer_punish.txt'
Creating '/ZPOOL/data/projects/rf1-sra-sharedreward/derivatives/fsl/EVfiles/sub-10644/sharedreward/run-1_event_computer_reward.txt'
Creating '/ZPOOL/data/projects/rf1-sra-sharedreward/derivatives/fsl/EVfiles/sub-10644/sharedreward/run-1_event_friend_neutral.txt'
Creating '/ZPOOL/data/projects/rf1-sra-sharedreward/derivatives/fsl/EVfiles/sub-10644/sharedreward/run-1_event_friend_punish.txt'
Creating '/ZPOOL/data/projects/rf1-sra-sharedreward/derivatives/fsl/EVfiles/sub-10644/sharedreward/run-1_event_friend_reward.txt'
Creating '/ZPOOL/data/projects/rf1-sra-sharedreward/derivatives/fsl/EVfiles/sub-10644/sharedreward/run-1_event_stranger_neutral.txt'
Creating '/ZPOOL/data/projects/rf1-sra-sharedreward/derivatives/fsl/EVfiles/sub-10644/sharedreward/run-1_event_stranger_punish.txt'
Creating '/ZPOOL/data/projects/rf1-sra-sharedreward/derivatives/fsl/EVfiles/sub-10644/sharedreward/run-1_event_stranger_reward.txt'
Creating '/ZPOOL/data/projects/rf1-sra-sharedreward/derivatives/fsl/EVfiles/sub-10644/sharedreward/run-1_friend_face.txt'
Creating '/ZPOOL/data/projects/rf1-sra-sharedreward/derivatives/fsl/EVfiles/sub-10644/sharedreward/run-1_stranger_face.txt'
Creating '/ZPOOL/data/projects/rf1-sra-sharedreward/derivatives/fsl/EVfiles/sub-10644/sharedreward/run-2_computer_non-face.txt'
Creating '/ZPOOL/data/projects/rf1-sra-sharedreward/derivatives/fsl/EVfiles/sub-10644/sharedreward/run-2_event_computer_neutral.txt'
Creating '/ZPOOL/data/projects/rf1-sra-sharedreward/derivatives/fsl/EVfiles/sub-10644/sharedreward/run-2_event_computer_punish.txt'
Creating '/ZPOOL/data/projects/rf1-sra-sharedreward/derivatives/fsl/EVfiles/sub-10644/sharedreward/run-2_event_computer_reward.txt'
Creating '/ZPOOL/data/projects/rf1-sra-sharedreward/derivatives/fsl/EVfiles/sub-10644/sharedreward/run-2_event_friend_neutral.txt'
Creating '/ZPOOL/data/projects/rf1-sra-sharedreward/derivatives/fsl/EVfiles/sub-10644/sharedreward/run-2_event_friend_punish.txt'
Creating '/ZPOOL/data/projects/rf1-sra-sharedreward/derivatives/fsl/EVfiles/sub-10644/sharedreward/run-2_event_friend_reward.txt'
Creating '/ZPOOL/data/projects/rf1-sra-sharedreward/derivatives/fsl/EVfiles/sub-10644/sharedreward/run-2_event_stranger_neutral.txt'
Creating '/ZPOOL/data/projects/rf1-sra-sharedreward/derivatives/fsl/EVfiles/sub-10644/sharedreward/run-2_event_stranger_punish.txt'
Creating '/ZPOOL/data/projects/rf1-sra-sharedreward/derivatives/fsl/EVfiles/sub-10644/sharedreward/run-2_event_stranger_reward.txt'
Creating '/ZPOOL/data/projects/rf1-sra-sharedreward/derivatives/fsl/EVfiles/sub-10644/sharedreward/run-2_friend_face.txt'
Creating '/ZPOOL/data/projects/rf1-sra-sharedreward/derivatives/fsl/EVfiles/sub-10644/sharedreward/run-2_stranger_face.txt'
Creating '/ZPOOL/data/projects/rf1-sra-sharedreward/derivatives/fsl/EVfiles/sub-10647/sharedreward/run-1_computer_non-face.txt'
Creating '/ZPOOL/data/projects/rf1-sra-sharedreward/derivatives/fsl/EVfiles/sub-10647/sharedreward/run-1_event_computer_neutral.txt'
Creating '/ZPOOL/data/projects/rf1-sra-sharedreward/derivatives/fsl/EVfiles/sub-10647/sharedreward/run-1_event_computer_punish.txt'
Creating '/ZPOOL/data/projects/rf1-sra-sharedreward/derivatives/fsl/EVfiles/sub-10647/sharedreward/run-1_event_computer_reward.txt'
Creating '/ZPOOL/data/projects/rf1-sra-sharedreward/derivatives/fsl/EVfiles/sub-10647/sharedreward/run-1_event_friend_neutral.txt'
Creating '/ZPOOL/data/projects/rf1-sra-sharedreward/derivatives/fsl/EVfiles/sub-10647/sharedreward/run-1_event_friend_punish.txt'
Creating '/ZPOOL/data/projects/rf1-sra-sharedreward/derivatives/fsl/EVfiles/sub-10647/sharedreward/run-1_event_friend_reward.txt'
Creating '/ZPOOL/data/projects/rf1-sra-sharedreward/derivatives/fsl/EVfiles/sub-10647/sharedreward/run-1_event_stranger_neutral.txt'
Creating '/ZPOOL/data/projects/rf1-sra-sharedreward/derivatives/fsl/EVfiles/sub-10647/sharedreward/run-1_event_stranger_punish.txt'
Creating '/ZPOOL/data/projects/rf1-sra-sharedreward/derivatives/fsl/EVfiles/sub-10647/sharedreward/run-1_event_stranger_reward.txt'
Creating '/ZPOOL/data/projects/rf1-sra-sharedreward/derivatives/fsl/EVfiles/sub-10647/sharedreward/run-1_friend_face.txt'
Creating '/ZPOOL/data/projects/rf1-sra-sharedreward/derivatives/fsl/EVfiles/sub-10647/sharedreward/run-1_stranger_face.txt'
Creating '/ZPOOL/data/projects/rf1-sra-sharedreward/derivatives/fsl/EVfiles/sub-10647/sharedreward/run-2_computer_non-face.txt'
Creating '/ZPOOL/data/projects/rf1-sra-sharedreward/derivatives/fsl/EVfiles/sub-10647/sharedreward/run-2_event_computer_neutral.txt'
Creating '/ZPOOL/data/projects/rf1-sra-sharedreward/derivatives/fsl/EVfiles/sub-10647/sharedreward/run-2_event_computer_punish.txt'
Creating '/ZPOOL/data/projects/rf1-sra-sharedreward/derivatives/fsl/EVfiles/sub-10647/sharedreward/run-2_event_computer_reward.txt'
Creating '/ZPOOL/data/projects/rf1-sra-sharedreward/derivatives/fsl/EVfiles/sub-10647/sharedreward/run-2_event_friend_neutral.txt'
Creating '/ZPOOL/data/projects/rf1-sra-sharedreward/derivatives/fsl/EVfiles/sub-10647/sharedreward/run-2_event_friend_punish.txt'
Creating '/ZPOOL/data/projects/rf1-sra-sharedreward/derivatives/fsl/EVfiles/sub-10647/sharedreward/run-2_event_friend_reward.txt'
Creating '/ZPOOL/data/projects/rf1-sra-sharedreward/derivatives/fsl/EVfiles/sub-10647/sharedreward/run-2_event_stranger_neutral.txt'
Creating '/ZPOOL/data/projects/rf1-sra-sharedreward/derivatives/fsl/EVfiles/sub-10647/sharedreward/run-2_event_stranger_punish.txt'
Creating '/ZPOOL/data/projects/rf1-sra-sharedreward/derivatives/fsl/EVfiles/sub-10647/sharedreward/run-2_event_stranger_reward.txt'
Creating '/ZPOOL/data/projects/rf1-sra-sharedreward/derivatives/fsl/EVfiles/sub-10647/sharedreward/run-2_friend_face.txt'
Creating '/ZPOOL/data/projects/rf1-sra-sharedreward/derivatives/fsl/EVfiles/sub-10647/sharedreward/run-2_stranger_face.txt'
Creating '/ZPOOL/data/projects/rf1-sra-sharedreward/derivatives/fsl/EVfiles/sub-10649/sharedreward/run-1_computer_non-face.txt'
Creating '/ZPOOL/data/projects/rf1-sra-sharedreward/derivatives/fsl/EVfiles/sub-10649/sharedreward/run-1_event_computer_neutral.txt'
Creating '/ZPOOL/data/projects/rf1-sra-sharedreward/derivatives/fsl/EVfiles/sub-10649/sharedreward/run-1_event_computer_punish.txt'
Creating '/ZPOOL/data/projects/rf1-sra-sharedreward/derivatives/fsl/EVfiles/sub-10649/sharedreward/run-1_event_computer_reward.txt'
Creating '/ZPOOL/data/projects/rf1-sra-sharedreward/derivatives/fsl/EVfiles/sub-10649/sharedreward/run-1_event_friend_neutral.txt'
Creating '/ZPOOL/data/projects/rf1-sra-sharedreward/derivatives/fsl/EVfiles/sub-10649/sharedreward/run-1_event_friend_punish.txt'
Creating '/ZPOOL/data/projects/rf1-sra-sharedreward/derivatives/fsl/EVfiles/sub-10649/sharedreward/run-1_event_friend_reward.txt'
Creating '/ZPOOL/data/projects/rf1-sra-sharedreward/derivatives/fsl/EVfiles/sub-10649/sharedreward/run-1_event_stranger_neutral.txt'
Creating '/ZPOOL/data/projects/rf1-sra-sharedreward/derivatives/fsl/EVfiles/sub-10649/sharedreward/run-1_event_stranger_punish.txt'
Creating '/ZPOOL/data/projects/rf1-sra-sharedreward/derivatives/fsl/EVfiles/sub-10649/sharedreward/run-1_event_stranger_reward.txt'
Creating '/ZPOOL/data/projects/rf1-sra-sharedreward/derivatives/fsl/EVfiles/sub-10649/sharedreward/run-1_friend_face.txt'
Creating '/ZPOOL/data/projects/rf1-sra-sharedreward/derivatives/fsl/EVfiles/sub-10649/sharedreward/run-1_stranger_face.txt'
Creating '/ZPOOL/data/projects/rf1-sra-sharedreward/derivatives/fsl/EVfiles/sub-10649/sharedreward/run-2_computer_non-face.txt'
Creating '/ZPOOL/data/projects/rf1-sra-sharedreward/derivatives/fsl/EVfiles/sub-10649/sharedreward/run-2_event_computer_neutral.txt'
Creating '/ZPOOL/data/projects/rf1-sra-sharedreward/derivatives/fsl/EVfiles/sub-10649/sharedreward/run-2_event_computer_punish.txt'
Creating '/ZPOOL/data/projects/rf1-sra-sharedreward/derivatives/fsl/EVfiles/sub-10649/sharedreward/run-2_event_computer_reward.txt'
Creating '/ZPOOL/data/projects/rf1-sra-sharedreward/derivatives/fsl/EVfiles/sub-10649/sharedreward/run-2_event_friend_neutral.txt'
Creating '/ZPOOL/data/projects/rf1-sra-sharedreward/derivatives/fsl/EVfiles/sub-10649/sharedreward/run-2_event_friend_punish.txt'
Creating '/ZPOOL/data/projects/rf1-sra-sharedreward/derivatives/fsl/EVfiles/sub-10649/sharedreward/run-2_event_friend_reward.txt'
Creating '/ZPOOL/data/projects/rf1-sra-sharedreward/derivatives/fsl/EVfiles/sub-10649/sharedreward/run-2_event_stranger_neutral.txt'
Creating '/ZPOOL/data/projects/rf1-sra-sharedreward/derivatives/fsl/EVfiles/sub-10649/sharedreward/run-2_event_stranger_punish.txt'
Creating '/ZPOOL/data/projects/rf1-sra-sharedreward/derivatives/fsl/EVfiles/sub-10649/sharedreward/run-2_event_stranger_reward.txt'
Creating '/ZPOOL/data/projects/rf1-sra-sharedreward/derivatives/fsl/EVfiles/sub-10649/sharedreward/run-2_friend_face.txt'
Creating '/ZPOOL/data/projects/rf1-sra-sharedreward/derivatives/fsl/EVfiles/sub-10649/sharedreward/run-2_stranger_face.txt'
Creating '/ZPOOL/data/projects/rf1-sra-sharedreward/derivatives/fsl/EVfiles/sub-10652/sharedreward/run-1_computer_non-face.txt'
Creating '/ZPOOL/data/projects/rf1-sra-sharedreward/derivatives/fsl/EVfiles/sub-10652/sharedreward/run-1_event_computer_neutral.txt'
Creating '/ZPOOL/data/projects/rf1-sra-sharedreward/derivatives/fsl/EVfiles/sub-10652/sharedreward/run-1_event_computer_punish.txt'
Creating '/ZPOOL/data/projects/rf1-sra-sharedreward/derivatives/fsl/EVfiles/sub-10652/sharedreward/run-1_event_computer_reward.txt'
Creating '/ZPOOL/data/projects/rf1-sra-sharedreward/derivatives/fsl/EVfiles/sub-10652/sharedreward/run-1_event_friend_neutral.txt'
Creating '/ZPOOL/data/projects/rf1-sra-sharedreward/derivatives/fsl/EVfiles/sub-10652/sharedreward/run-1_event_friend_punish.txt'
Creating '/ZPOOL/data/projects/rf1-sra-sharedreward/derivatives/fsl/EVfiles/sub-10652/sharedreward/run-1_event_friend_reward.txt'
Creating '/ZPOOL/data/projects/rf1-sra-sharedreward/derivatives/fsl/EVfiles/sub-10652/sharedreward/run-1_event_stranger_neutral.txt'
Creating '/ZPOOL/data/projects/rf1-sra-sharedreward/derivatives/fsl/EVfiles/sub-10652/sharedreward/run-1_event_stranger_punish.txt'
Creating '/ZPOOL/data/projects/rf1-sra-sharedreward/derivatives/fsl/EVfiles/sub-10652/sharedreward/run-1_event_stranger_reward.txt'
Creating '/ZPOOL/data/projects/rf1-sra-sharedreward/derivatives/fsl/EVfiles/sub-10652/sharedreward/run-1_friend_face.txt'
Creating '/ZPOOL/data/projects/rf1-sra-sharedreward/derivatives/fsl/EVfiles/sub-10652/sharedreward/run-1_stranger_face.txt'
Creating '/ZPOOL/data/projects/rf1-sra-sharedreward/derivatives/fsl/EVfiles/sub-10652/sharedreward/run-2_computer_non-face.txt'
Creating '/ZPOOL/data/projects/rf1-sra-sharedreward/derivatives/fsl/EVfiles/sub-10652/sharedreward/run-2_event_computer_neutral.txt'
Creating '/ZPOOL/data/projects/rf1-sra-sharedreward/derivatives/fsl/EVfiles/sub-10652/sharedreward/run-2_event_computer_punish.txt'
Creating '/ZPOOL/data/projects/rf1-sra-sharedreward/derivatives/fsl/EVfiles/sub-10652/sharedreward/run-2_event_computer_reward.txt'
Creating '/ZPOOL/data/projects/rf1-sra-sharedreward/derivatives/fsl/EVfiles/sub-10652/sharedreward/run-2_event_friend_neutral.txt'
Creating '/ZPOOL/data/projects/rf1-sra-sharedreward/derivatives/fsl/EVfiles/sub-10652/sharedreward/run-2_event_friend_punish.txt'
Creating '/ZPOOL/data/projects/rf1-sra-sharedreward/derivatives/fsl/EVfiles/sub-10652/sharedreward/run-2_event_friend_reward.txt'
Creating '/ZPOOL/data/projects/rf1-sra-sharedreward/derivatives/fsl/EVfiles/sub-10652/sharedreward/run-2_event_stranger_neutral.txt'
Creating '/ZPOOL/data/projects/rf1-sra-sharedreward/derivatives/fsl/EVfiles/sub-10652/sharedreward/run-2_event_stranger_punish.txt'
Creating '/ZPOOL/data/projects/rf1-sra-sharedreward/derivatives/fsl/EVfiles/sub-10652/sharedreward/run-2_event_stranger_reward.txt'
Creating '/ZPOOL/data/projects/rf1-sra-sharedreward/derivatives/fsl/EVfiles/sub-10652/sharedreward/run-2_friend_face.txt'
Creating '/ZPOOL/data/projects/rf1-sra-sharedreward/derivatives/fsl/EVfiles/sub-10652/sharedreward/run-2_stranger_face.txt'
Creating '/ZPOOL/data/projects/rf1-sra-sharedreward/derivatives/fsl/EVfiles/sub-10656/sharedreward/run-1_computer_non-face.txt'
Creating '/ZPOOL/data/projects/rf1-sra-sharedreward/derivatives/fsl/EVfiles/sub-10656/sharedreward/run-1_event_computer_neutral.txt'
Creating '/ZPOOL/data/projects/rf1-sra-sharedreward/derivatives/fsl/EVfiles/sub-10656/sharedreward/run-1_event_computer_punish.txt'
Creating '/ZPOOL/data/projects/rf1-sra-sharedreward/derivatives/fsl/EVfiles/sub-10656/sharedreward/run-1_event_computer_reward.txt'
Creating '/ZPOOL/data/projects/rf1-sra-sharedreward/derivatives/fsl/EVfiles/sub-10656/sharedreward/run-1_event_friend_neutral.txt'
Creating '/ZPOOL/data/projects/rf1-sra-sharedreward/derivatives/fsl/EVfiles/sub-10656/sharedreward/run-1_event_friend_punish.txt'
Creating '/ZPOOL/data/projects/rf1-sra-sharedreward/derivatives/fsl/EVfiles/sub-10656/sharedreward/run-1_event_friend_reward.txt'
Creating '/ZPOOL/data/projects/rf1-sra-sharedreward/derivatives/fsl/EVfiles/sub-10656/sharedreward/run-1_event_stranger_neutral.txt'
Creating '/ZPOOL/data/projects/rf1-sra-sharedreward/derivatives/fsl/EVfiles/sub-10656/sharedreward/run-1_event_stranger_punish.txt'
Creating '/ZPOOL/data/projects/rf1-sra-sharedreward/derivatives/fsl/EVfiles/sub-10656/sharedreward/run-1_event_stranger_reward.txt'
Creating '/ZPOOL/data/projects/rf1-sra-sharedreward/derivatives/fsl/EVfiles/sub-10656/sharedreward/run-1_friend_face.txt'
Creating '/ZPOOL/data/projects/rf1-sra-sharedreward/derivatives/fsl/EVfiles/sub-10656/sharedreward/run-1_stranger_face.txt'
Creating '/ZPOOL/data/projects/rf1-sra-sharedreward/derivatives/fsl/EVfiles/sub-10656/sharedreward/run-2_computer_non-face.txt'
Creating '/ZPOOL/data/projects/rf1-sra-sharedreward/derivatives/fsl/EVfiles/sub-10656/sharedreward/run-2_event_computer_neutral.txt'
Creating '/ZPOOL/data/projects/rf1-sra-sharedreward/derivatives/fsl/EVfiles/sub-10656/sharedreward/run-2_event_computer_punish.txt'
Creating '/ZPOOL/data/projects/rf1-sra-sharedreward/derivatives/fsl/EVfiles/sub-10656/sharedreward/run-2_event_computer_reward.txt'
Creating '/ZPOOL/data/projects/rf1-sra-sharedreward/derivatives/fsl/EVfiles/sub-10656/sharedreward/run-2_event_friend_neutral.txt'
Creating '/ZPOOL/data/projects/rf1-sra-sharedreward/derivatives/fsl/EVfiles/sub-10656/sharedreward/run-2_event_friend_punish.txt'
Creating '/ZPOOL/data/projects/rf1-sra-sharedreward/derivatives/fsl/EVfiles/sub-10656/sharedreward/run-2_event_friend_reward.txt'
Creating '/ZPOOL/data/projects/rf1-sra-sharedreward/derivatives/fsl/EVfiles/sub-10656/sharedreward/run-2_event_stranger_neutral.txt'
Creating '/ZPOOL/data/projects/rf1-sra-sharedreward/derivatives/fsl/EVfiles/sub-10656/sharedreward/run-2_event_stranger_punish.txt'
Creating '/ZPOOL/data/projects/rf1-sra-sharedreward/derivatives/fsl/EVfiles/sub-10656/sharedreward/run-2_event_stranger_reward.txt'
Creating '/ZPOOL/data/projects/rf1-sra-sharedreward/derivatives/fsl/EVfiles/sub-10656/sharedreward/run-2_friend_face.txt'
Creating '/ZPOOL/data/projects/rf1-sra-sharedreward/derivatives/fsl/EVfiles/sub-10656/sharedreward/run-2_stranger_face.txt'
Creating '/ZPOOL/data/projects/rf1-sra-sharedreward/derivatives/fsl/EVfiles/sub-10657/sharedreward/run-1_computer_non-face.txt'
Creating '/ZPOOL/data/projects/rf1-sra-sharedreward/derivatives/fsl/EVfiles/sub-10657/sharedreward/run-1_event_computer_neutral.txt'
Creating '/ZPOOL/data/projects/rf1-sra-sharedreward/derivatives/fsl/EVfiles/sub-10657/sharedreward/run-1_event_computer_punish.txt'
Creating '/ZPOOL/data/projects/rf1-sra-sharedreward/derivatives/fsl/EVfiles/sub-10657/sharedreward/run-1_event_computer_reward.txt'
Creating '/ZPOOL/data/projects/rf1-sra-sharedreward/derivatives/fsl/EVfiles/sub-10657/sharedreward/run-1_event_friend_neutral.txt'
Creating '/ZPOOL/data/projects/rf1-sra-sharedreward/derivatives/fsl/EVfiles/sub-10657/sharedreward/run-1_event_friend_punish.txt'
Creating '/ZPOOL/data/projects/rf1-sra-sharedreward/derivatives/fsl/EVfiles/sub-10657/sharedreward/run-1_event_friend_reward.txt'
Creating '/ZPOOL/data/projects/rf1-sra-sharedreward/derivatives/fsl/EVfiles/sub-10657/sharedreward/run-1_event_stranger_neutral.txt'
Creating '/ZPOOL/data/projects/rf1-sra-sharedreward/derivatives/fsl/EVfiles/sub-10657/sharedreward/run-1_event_stranger_punish.txt'
Creating '/ZPOOL/data/projects/rf1-sra-sharedreward/derivatives/fsl/EVfiles/sub-10657/sharedreward/run-1_event_stranger_reward.txt'
Creating '/ZPOOL/data/projects/rf1-sra-sharedreward/derivatives/fsl/EVfiles/sub-10657/sharedreward/run-1_friend_face.txt'
Creating '/ZPOOL/data/projects/rf1-sra-sharedreward/derivatives/fsl/EVfiles/sub-10657/sharedreward/run-1_stranger_face.txt'
Creating '/ZPOOL/data/projects/rf1-sra-sharedreward/derivatives/fsl/EVfiles/sub-10657/sharedreward/run-2_computer_non-face.txt'
Creating '/ZPOOL/data/projects/rf1-sra-sharedreward/derivatives/fsl/EVfiles/sub-10657/sharedreward/run-2_event_computer_neutral.txt'
Creating '/ZPOOL/data/projects/rf1-sra-sharedreward/derivatives/fsl/EVfiles/sub-10657/sharedreward/run-2_event_computer_punish.txt'
Creating '/ZPOOL/data/projects/rf1-sra-sharedreward/derivatives/fsl/EVfiles/sub-10657/sharedreward/run-2_event_computer_reward.txt'
Creating '/ZPOOL/data/projects/rf1-sra-sharedreward/derivatives/fsl/EVfiles/sub-10657/sharedreward/run-2_event_friend_neutral.txt'
Creating '/ZPOOL/data/projects/rf1-sra-sharedreward/derivatives/fsl/EVfiles/sub-10657/sharedreward/run-2_event_friend_punish.txt'
Creating '/ZPOOL/data/projects/rf1-sra-sharedreward/derivatives/fsl/EVfiles/sub-10657/sharedreward/run-2_event_friend_reward.txt'
Creating '/ZPOOL/data/projects/rf1-sra-sharedreward/derivatives/fsl/EVfiles/sub-10657/sharedreward/run-2_event_stranger_neutral.txt'
Creating '/ZPOOL/data/projects/rf1-sra-sharedreward/derivatives/fsl/EVfiles/sub-10657/sharedreward/run-2_event_stranger_punish.txt'
Creating '/ZPOOL/data/projects/rf1-sra-sharedreward/derivatives/fsl/EVfiles/sub-10657/sharedreward/run-2_event_stranger_reward.txt'
Creating '/ZPOOL/data/projects/rf1-sra-sharedreward/derivatives/fsl/EVfiles/sub-10657/sharedreward/run-2_friend_face.txt'
Creating '/ZPOOL/data/projects/rf1-sra-sharedreward/derivatives/fsl/EVfiles/sub-10657/sharedreward/run-2_stranger_face.txt'
Creating '/ZPOOL/data/projects/rf1-sra-sharedreward/derivatives/fsl/EVfiles/sub-10659/sharedreward/run-1_computer_non-face.txt'
Creating '/ZPOOL/data/projects/rf1-sra-sharedreward/derivatives/fsl/EVfiles/sub-10659/sharedreward/run-1_event_computer_neutral.txt'
Creating '/ZPOOL/data/projects/rf1-sra-sharedreward/derivatives/fsl/EVfiles/sub-10659/sharedreward/run-1_event_computer_punish.txt'
Creating '/ZPOOL/data/projects/rf1-sra-sharedreward/derivatives/fsl/EVfiles/sub-10659/sharedreward/run-1_event_computer_reward.txt'
Creating '/ZPOOL/data/projects/rf1-sra-sharedreward/derivatives/fsl/EVfiles/sub-10659/sharedreward/run-1_event_friend_neutral.txt'
Creating '/ZPOOL/data/projects/rf1-sra-sharedreward/derivatives/fsl/EVfiles/sub-10659/sharedreward/run-1_event_friend_punish.txt'
Creating '/ZPOOL/data/projects/rf1-sra-sharedreward/derivatives/fsl/EVfiles/sub-10659/sharedreward/run-1_event_friend_reward.txt'
Creating '/ZPOOL/data/projects/rf1-sra-sharedreward/derivatives/fsl/EVfiles/sub-10659/sharedreward/run-1_event_stranger_neutral.txt'
Creating '/ZPOOL/data/projects/rf1-sra-sharedreward/derivatives/fsl/EVfiles/sub-10659/sharedreward/run-1_event_stranger_punish.txt'
Creating '/ZPOOL/data/projects/rf1-sra-sharedreward/derivatives/fsl/EVfiles/sub-10659/sharedreward/run-1_event_stranger_reward.txt'
Creating '/ZPOOL/data/projects/rf1-sra-sharedreward/derivatives/fsl/EVfiles/sub-10659/sharedreward/run-1_friend_face.txt'
Creating '/ZPOOL/data/projects/rf1-sra-sharedreward/derivatives/fsl/EVfiles/sub-10659/sharedreward/run-1_stranger_face.txt'
Creating '/ZPOOL/data/projects/rf1-sra-sharedreward/derivatives/fsl/EVfiles/sub-10659/sharedreward/run-2_computer_non-face.txt'
Creating '/ZPOOL/data/projects/rf1-sra-sharedreward/derivatives/fsl/EVfiles/sub-10659/sharedreward/run-2_event_computer_neutral.txt'
Creating '/ZPOOL/data/projects/rf1-sra-sharedreward/derivatives/fsl/EVfiles/sub-10659/sharedreward/run-2_event_computer_punish.txt'
Creating '/ZPOOL/data/projects/rf1-sra-sharedreward/derivatives/fsl/EVfiles/sub-10659/sharedreward/run-2_event_computer_reward.txt'
Creating '/ZPOOL/data/projects/rf1-sra-sharedreward/derivatives/fsl/EVfiles/sub-10659/sharedreward/run-2_event_friend_neutral.txt'
Creating '/ZPOOL/data/projects/rf1-sra-sharedreward/derivatives/fsl/EVfiles/sub-10659/sharedreward/run-2_event_friend_punish.txt'
Creating '/ZPOOL/data/projects/rf1-sra-sharedreward/derivatives/fsl/EVfiles/sub-10659/sharedreward/run-2_event_friend_reward.txt'
Creating '/ZPOOL/data/projects/rf1-sra-sharedreward/derivatives/fsl/EVfiles/sub-10659/sharedreward/run-2_event_stranger_neutral.txt'
Creating '/ZPOOL/data/projects/rf1-sra-sharedreward/derivatives/fsl/EVfiles/sub-10659/sharedreward/run-2_event_stranger_punish.txt'
Creating '/ZPOOL/data/projects/rf1-sra-sharedreward/derivatives/fsl/EVfiles/sub-10659/sharedreward/run-2_event_stranger_reward.txt'
Creating '/ZPOOL/data/projects/rf1-sra-sharedreward/derivatives/fsl/EVfiles/sub-10659/sharedreward/run-2_friend_face.txt'
Creating '/ZPOOL/data/projects/rf1-sra-sharedreward/derivatives/fsl/EVfiles/sub-10659/sharedreward/run-2_stranger_face.txt'
Creating '/ZPOOL/data/projects/rf1-sra-sharedreward/derivatives/fsl/EVfiles/sub-10661/sharedreward/run-1_computer_non-face.txt'
Creating '/ZPOOL/data/projects/rf1-sra-sharedreward/derivatives/fsl/EVfiles/sub-10661/sharedreward/run-1_event_computer_neutral.txt'
Creating '/ZPOOL/data/projects/rf1-sra-sharedreward/derivatives/fsl/EVfiles/sub-10661/sharedreward/run-1_event_computer_punish.txt'
Creating '/ZPOOL/data/projects/rf1-sra-sharedreward/derivatives/fsl/EVfiles/sub-10661/sharedreward/run-1_event_computer_reward.txt'
Creating '/ZPOOL/data/projects/rf1-sra-sharedreward/derivatives/fsl/EVfiles/sub-10661/sharedreward/run-1_event_friend_neutral.txt'
Creating '/ZPOOL/data/projects/rf1-sra-sharedreward/derivatives/fsl/EVfiles/sub-10661/sharedreward/run-1_event_friend_punish.txt'
Creating '/ZPOOL/data/projects/rf1-sra-sharedreward/derivatives/fsl/EVfiles/sub-10661/sharedreward/run-1_event_friend_reward.txt'
Creating '/ZPOOL/data/projects/rf1-sra-sharedreward/derivatives/fsl/EVfiles/sub-10661/sharedreward/run-1_event_stranger_neutral.txt'
Creating '/ZPOOL/data/projects/rf1-sra-sharedreward/derivatives/fsl/EVfiles/sub-10661/sharedreward/run-1_event_stranger_punish.txt'
Creating '/ZPOOL/data/projects/rf1-sra-sharedreward/derivatives/fsl/EVfiles/sub-10661/sharedreward/run-1_event_stranger_reward.txt'
Creating '/ZPOOL/data/projects/rf1-sra-sharedreward/derivatives/fsl/EVfiles/sub-10661/sharedreward/run-1_friend_face.txt'
Creating '/ZPOOL/data/projects/rf1-sra-sharedreward/derivatives/fsl/EVfiles/sub-10661/sharedreward/run-1_stranger_face.txt'
Creating '/ZPOOL/data/projects/rf1-sra-sharedreward/derivatives/fsl/EVfiles/sub-10661/sharedreward/run-2_computer_non-face.txt'
Creating '/ZPOOL/data/projects/rf1-sra-sharedreward/derivatives/fsl/EVfiles/sub-10661/sharedreward/run-2_event_computer_neutral.txt'
Creating '/ZPOOL/data/projects/rf1-sra-sharedreward/derivatives/fsl/EVfiles/sub-10661/sharedreward/run-2_event_computer_punish.txt'
Creating '/ZPOOL/data/projects/rf1-sra-sharedreward/derivatives/fsl/EVfiles/sub-10661/sharedreward/run-2_event_computer_reward.txt'
Creating '/ZPOOL/data/projects/rf1-sra-sharedreward/derivatives/fsl/EVfiles/sub-10661/sharedreward/run-2_event_friend_neutral.txt'
Creating '/ZPOOL/data/projects/rf1-sra-sharedreward/derivatives/fsl/EVfiles/sub-10661/sharedreward/run-2_event_friend_punish.txt'
Creating '/ZPOOL/data/projects/rf1-sra-sharedreward/derivatives/fsl/EVfiles/sub-10661/sharedreward/run-2_event_friend_reward.txt'
Creating '/ZPOOL/data/projects/rf1-sra-sharedreward/derivatives/fsl/EVfiles/sub-10661/sharedreward/run-2_event_stranger_neutral.txt'
Creating '/ZPOOL/data/projects/rf1-sra-sharedreward/derivatives/fsl/EVfiles/sub-10661/sharedreward/run-2_event_stranger_punish.txt'
Creating '/ZPOOL/data/projects/rf1-sra-sharedreward/derivatives/fsl/EVfiles/sub-10661/sharedreward/run-2_event_stranger_reward.txt'
Creating '/ZPOOL/data/projects/rf1-sra-sharedreward/derivatives/fsl/EVfiles/sub-10661/sharedreward/run-2_friend_face.txt'
Creating '/ZPOOL/data/projects/rf1-sra-sharedreward/derivatives/fsl/EVfiles/sub-10661/sharedreward/run-2_stranger_face.txt'
Creating '/ZPOOL/data/projects/rf1-sra-sharedreward/derivatives/fsl/EVfiles/sub-10663/sharedreward/run-1_computer_non-face.txt'
Creating '/ZPOOL/data/projects/rf1-sra-sharedreward/derivatives/fsl/EVfiles/sub-10663/sharedreward/run-1_event_computer_neutral.txt'
Creating '/ZPOOL/data/projects/rf1-sra-sharedreward/derivatives/fsl/EVfiles/sub-10663/sharedreward/run-1_event_computer_punish.txt'
Creating '/ZPOOL/data/projects/rf1-sra-sharedreward/derivatives/fsl/EVfiles/sub-10663/sharedreward/run-1_event_computer_reward.txt'
Creating '/ZPOOL/data/projects/rf1-sra-sharedreward/derivatives/fsl/EVfiles/sub-10663/sharedreward/run-1_event_friend_neutral.txt'
Creating '/ZPOOL/data/projects/rf1-sra-sharedreward/derivatives/fsl/EVfiles/sub-10663/sharedreward/run-1_event_friend_punish.txt'
Creating '/ZPOOL/data/projects/rf1-sra-sharedreward/derivatives/fsl/EVfiles/sub-10663/sharedreward/run-1_event_friend_reward.txt'
Creating '/ZPOOL/data/projects/rf1-sra-sharedreward/derivatives/fsl/EVfiles/sub-10663/sharedreward/run-1_event_stranger_neutral.txt'
Creating '/ZPOOL/data/projects/rf1-sra-sharedreward/derivatives/fsl/EVfiles/sub-10663/sharedreward/run-1_event_stranger_punish.txt'
Creating '/ZPOOL/data/projects/rf1-sra-sharedreward/derivatives/fsl/EVfiles/sub-10663/sharedreward/run-1_event_stranger_reward.txt'
Creating '/ZPOOL/data/projects/rf1-sra-sharedreward/derivatives/fsl/EVfiles/sub-10663/sharedreward/run-1_friend_face.txt'
Creating '/ZPOOL/data/projects/rf1-sra-sharedreward/derivatives/fsl/EVfiles/sub-10663/sharedreward/run-1_stranger_face.txt'
Creating '/ZPOOL/data/projects/rf1-sra-sharedreward/derivatives/fsl/EVfiles/sub-10663/sharedreward/run-2_computer_non-face.txt'
Creating '/ZPOOL/data/projects/rf1-sra-sharedreward/derivatives/fsl/EVfiles/sub-10663/sharedreward/run-2_event_computer_neutral.txt'
Creating '/ZPOOL/data/projects/rf1-sra-sharedreward/derivatives/fsl/EVfiles/sub-10663/sharedreward/run-2_event_computer_punish.txt'
Creating '/ZPOOL/data/projects/rf1-sra-sharedreward/derivatives/fsl/EVfiles/sub-10663/sharedreward/run-2_event_computer_reward.txt'
Creating '/ZPOOL/data/projects/rf1-sra-sharedreward/derivatives/fsl/EVfiles/sub-10663/sharedreward/run-2_event_friend_neutral.txt'
Creating '/ZPOOL/data/projects/rf1-sra-sharedreward/derivatives/fsl/EVfiles/sub-10663/sharedreward/run-2_event_friend_punish.txt'
Creating '/ZPOOL/data/projects/rf1-sra-sharedreward/derivatives/fsl/EVfiles/sub-10663/sharedreward/run-2_event_friend_reward.txt'
Creating '/ZPOOL/data/projects/rf1-sra-sharedreward/derivatives/fsl/EVfiles/sub-10663/sharedreward/run-2_event_stranger_neutral.txt'
Creating '/ZPOOL/data/projects/rf1-sra-sharedreward/derivatives/fsl/EVfiles/sub-10663/sharedreward/run-2_event_stranger_punish.txt'
Creating '/ZPOOL/data/projects/rf1-sra-sharedreward/derivatives/fsl/EVfiles/sub-10663/sharedreward/run-2_event_stranger_reward.txt'
Creating '/ZPOOL/data/projects/rf1-sra-sharedreward/derivatives/fsl/EVfiles/sub-10663/sharedreward/run-2_friend_face.txt'
Creating '/ZPOOL/data/projects/rf1-sra-sharedreward/derivatives/fsl/EVfiles/sub-10663/sharedreward/run-2_stranger_face.txt'
PATH ERROR: cannot locate /ZPOOL/data/projects/rf1-sra-data/bids/sub-10668/func/sub-10668_task-sharedreward_run-2_events.tsv.
Creating '/ZPOOL/data/projects/rf1-sra-sharedreward/derivatives/fsl/EVfiles/sub-10673/sharedreward/run-1_computer_non-face.txt'
Creating '/ZPOOL/data/projects/rf1-sra-sharedreward/derivatives/fsl/EVfiles/sub-10673/sharedreward/run-1_event_computer_neutral.txt'
Creating '/ZPOOL/data/projects/rf1-sra-sharedreward/derivatives/fsl/EVfiles/sub-10673/sharedreward/run-1_event_computer_punish.txt'
Creating '/ZPOOL/data/projects/rf1-sra-sharedreward/derivatives/fsl/EVfiles/sub-10673/sharedreward/run-1_event_computer_reward.txt'
Creating '/ZPOOL/data/projects/rf1-sra-sharedreward/derivatives/fsl/EVfiles/sub-10673/sharedreward/run-1_event_friend_neutral.txt'
Creating '/ZPOOL/data/projects/rf1-sra-sharedreward/derivatives/fsl/EVfiles/sub-10673/sharedreward/run-1_event_friend_punish.txt'
Creating '/ZPOOL/data/projects/rf1-sra-sharedreward/derivatives/fsl/EVfiles/sub-10673/sharedreward/run-1_event_friend_reward.txt'
Creating '/ZPOOL/data/projects/rf1-sra-sharedreward/derivatives/fsl/EVfiles/sub-10673/sharedreward/run-1_event_stranger_neutral.txt'
Creating '/ZPOOL/data/projects/rf1-sra-sharedreward/derivatives/fsl/EVfiles/sub-10673/sharedreward/run-1_event_stranger_punish.txt'
Creating '/ZPOOL/data/projects/rf1-sra-sharedreward/derivatives/fsl/EVfiles/sub-10673/sharedreward/run-1_event_stranger_reward.txt'
Creating '/ZPOOL/data/projects/rf1-sra-sharedreward/derivatives/fsl/EVfiles/sub-10673/sharedreward/run-1_friend_face.txt'
Creating '/ZPOOL/data/projects/rf1-sra-sharedreward/derivatives/fsl/EVfiles/sub-10673/sharedreward/run-1_stranger_face.txt'
Creating '/ZPOOL/data/projects/rf1-sra-sharedreward/derivatives/fsl/EVfiles/sub-10673/sharedreward/run-2_computer_non-face.txt'
Creating '/ZPOOL/data/projects/rf1-sra-sharedreward/derivatives/fsl/EVfiles/sub-10673/sharedreward/run-2_event_computer_neutral.txt'
Creating '/ZPOOL/data/projects/rf1-sra-sharedreward/derivatives/fsl/EVfiles/sub-10673/sharedreward/run-2_event_computer_punish.txt'
Creating '/ZPOOL/data/projects/rf1-sra-sharedreward/derivatives/fsl/EVfiles/sub-10673/sharedreward/run-2_event_computer_reward.txt'
Creating '/ZPOOL/data/projects/rf1-sra-sharedreward/derivatives/fsl/EVfiles/sub-10673/sharedreward/run-2_event_friend_neutral.txt'
Creating '/ZPOOL/data/projects/rf1-sra-sharedreward/derivatives/fsl/EVfiles/sub-10673/sharedreward/run-2_event_friend_punish.txt'
Creating '/ZPOOL/data/projects/rf1-sra-sharedreward/derivatives/fsl/EVfiles/sub-10673/sharedreward/run-2_event_friend_reward.txt'
Creating '/ZPOOL/data/projects/rf1-sra-sharedreward/derivatives/fsl/EVfiles/sub-10673/sharedreward/run-2_event_stranger_neutral.txt'
Creating '/ZPOOL/data/projects/rf1-sra-sharedreward/derivatives/fsl/EVfiles/sub-10673/sharedreward/run-2_event_stranger_punish.txt'
Creating '/ZPOOL/data/projects/rf1-sra-sharedreward/derivatives/fsl/EVfiles/sub-10673/sharedreward/run-2_event_stranger_reward.txt'
Creating '/ZPOOL/data/projects/rf1-sra-sharedreward/derivatives/fsl/EVfiles/sub-10673/sharedreward/run-2_friend_face.txt'
Creating '/ZPOOL/data/projects/rf1-sra-sharedreward/derivatives/fsl/EVfiles/sub-10673/sharedreward/run-2_stranger_face.txt'
Creating '/ZPOOL/data/projects/rf1-sra-sharedreward/derivatives/fsl/EVfiles/sub-10674/sharedreward/run-1_computer_non-face.txt'
Creating '/ZPOOL/data/projects/rf1-sra-sharedreward/derivatives/fsl/EVfiles/sub-10674/sharedreward/run-1_event_computer_neutral.txt'
Creating '/ZPOOL/data/projects/rf1-sra-sharedreward/derivatives/fsl/EVfiles/sub-10674/sharedreward/run-1_event_computer_punish.txt'
Creating '/ZPOOL/data/projects/rf1-sra-sharedreward/derivatives/fsl/EVfiles/sub-10674/sharedreward/run-1_event_computer_reward.txt'
Creating '/ZPOOL/data/projects/rf1-sra-sharedreward/derivatives/fsl/EVfiles/sub-10674/sharedreward/run-1_event_friend_neutral.txt'
Creating '/ZPOOL/data/projects/rf1-sra-sharedreward/derivatives/fsl/EVfiles/sub-10674/sharedreward/run-1_event_friend_punish.txt'
Creating '/ZPOOL/data/projects/rf1-sra-sharedreward/derivatives/fsl/EVfiles/sub-10674/sharedreward/run-1_event_friend_reward.txt'
Creating '/ZPOOL/data/projects/rf1-sra-sharedreward/derivatives/fsl/EVfiles/sub-10674/sharedreward/run-1_event_stranger_neutral.txt'
Creating '/ZPOOL/data/projects/rf1-sra-sharedreward/derivatives/fsl/EVfiles/sub-10674/sharedreward/run-1_event_stranger_punish.txt'
Creating '/ZPOOL/data/projects/rf1-sra-sharedreward/derivatives/fsl/EVfiles/sub-10674/sharedreward/run-1_event_stranger_reward.txt'
Creating '/ZPOOL/data/projects/rf1-sra-sharedreward/derivatives/fsl/EVfiles/sub-10674/sharedreward/run-1_friend_face.txt'
Creating '/ZPOOL/data/projects/rf1-sra-sharedreward/derivatives/fsl/EVfiles/sub-10674/sharedreward/run-1_stranger_face.txt'
Creating '/ZPOOL/data/projects/rf1-sra-sharedreward/derivatives/fsl/EVfiles/sub-10674/sharedreward/run-2_computer_non-face.txt'
Creating '/ZPOOL/data/projects/rf1-sra-sharedreward/derivatives/fsl/EVfiles/sub-10674/sharedreward/run-2_event_computer_neutral.txt'
Creating '/ZPOOL/data/projects/rf1-sra-sharedreward/derivatives/fsl/EVfiles/sub-10674/sharedreward/run-2_event_computer_punish.txt'
Creating '/ZPOOL/data/projects/rf1-sra-sharedreward/derivatives/fsl/EVfiles/sub-10674/sharedreward/run-2_event_computer_reward.txt'
Creating '/ZPOOL/data/projects/rf1-sra-sharedreward/derivatives/fsl/EVfiles/sub-10674/sharedreward/run-2_event_friend_neutral.txt'
Creating '/ZPOOL/data/projects/rf1-sra-sharedreward/derivatives/fsl/EVfiles/sub-10674/sharedreward/run-2_event_friend_punish.txt'
Creating '/ZPOOL/data/projects/rf1-sra-sharedreward/derivatives/fsl/EVfiles/sub-10674/sharedreward/run-2_event_friend_reward.txt'
Creating '/ZPOOL/data/projects/rf1-sra-sharedreward/derivatives/fsl/EVfiles/sub-10674/sharedreward/run-2_event_stranger_neutral.txt'
Creating '/ZPOOL/data/projects/rf1-sra-sharedreward/derivatives/fsl/EVfiles/sub-10674/sharedreward/run-2_event_stranger_punish.txt'
Creating '/ZPOOL/data/projects/rf1-sra-sharedreward/derivatives/fsl/EVfiles/sub-10674/sharedreward/run-2_event_stranger_reward.txt'
Creating '/ZPOOL/data/projects/rf1-sra-sharedreward/derivatives/fsl/EVfiles/sub-10674/sharedreward/run-2_friend_face.txt'
Creating '/ZPOOL/data/projects/rf1-sra-sharedreward/derivatives/fsl/EVfiles/sub-10674/sharedreward/run-2_stranger_face.txt'
Creating '/ZPOOL/data/projects/rf1-sra-sharedreward/derivatives/fsl/EVfiles/sub-10677/sharedreward/run-1_computer_non-face.txt'
Creating '/ZPOOL/data/projects/rf1-sra-sharedreward/derivatives/fsl/EVfiles/sub-10677/sharedreward/run-1_event_computer_neutral.txt'
Creating '/ZPOOL/data/projects/rf1-sra-sharedreward/derivatives/fsl/EVfiles/sub-10677/sharedreward/run-1_event_computer_punish.txt'
Creating '/ZPOOL/data/projects/rf1-sra-sharedreward/derivatives/fsl/EVfiles/sub-10677/sharedreward/run-1_event_computer_reward.txt'
Creating '/ZPOOL/data/projects/rf1-sra-sharedreward/derivatives/fsl/EVfiles/sub-10677/sharedreward/run-1_event_friend_neutral.txt'
Creating '/ZPOOL/data/projects/rf1-sra-sharedreward/derivatives/fsl/EVfiles/sub-10677/sharedreward/run-1_event_friend_punish.txt'
Creating '/ZPOOL/data/projects/rf1-sra-sharedreward/derivatives/fsl/EVfiles/sub-10677/sharedreward/run-1_event_friend_reward.txt'
Creating '/ZPOOL/data/projects/rf1-sra-sharedreward/derivatives/fsl/EVfiles/sub-10677/sharedreward/run-1_event_stranger_neutral.txt'
Creating '/ZPOOL/data/projects/rf1-sra-sharedreward/derivatives/fsl/EVfiles/sub-10677/sharedreward/run-1_event_stranger_punish.txt'
Creating '/ZPOOL/data/projects/rf1-sra-sharedreward/derivatives/fsl/EVfiles/sub-10677/sharedreward/run-1_event_stranger_reward.txt'
Creating '/ZPOOL/data/projects/rf1-sra-sharedreward/derivatives/fsl/EVfiles/sub-10677/sharedreward/run-1_friend_face.txt'
Creating '/ZPOOL/data/projects/rf1-sra-sharedreward/derivatives/fsl/EVfiles/sub-10677/sharedreward/run-1_stranger_face.txt'
Creating '/ZPOOL/data/projects/rf1-sra-sharedreward/derivatives/fsl/EVfiles/sub-10677/sharedreward/run-2_computer_non-face.txt'
Creating '/ZPOOL/data/projects/rf1-sra-sharedreward/derivatives/fsl/EVfiles/sub-10677/sharedreward/run-2_event_computer_neutral.txt'
Creating '/ZPOOL/data/projects/rf1-sra-sharedreward/derivatives/fsl/EVfiles/sub-10677/sharedreward/run-2_event_computer_punish.txt'
Creating '/ZPOOL/data/projects/rf1-sra-sharedreward/derivatives/fsl/EVfiles/sub-10677/sharedreward/run-2_event_computer_reward.txt'
Creating '/ZPOOL/data/projects/rf1-sra-sharedreward/derivatives/fsl/EVfiles/sub-10677/sharedreward/run-2_event_friend_neutral.txt'
Creating '/ZPOOL/data/projects/rf1-sra-sharedreward/derivatives/fsl/EVfiles/sub-10677/sharedreward/run-2_event_friend_punish.txt'
Creating '/ZPOOL/data/projects/rf1-sra-sharedreward/derivatives/fsl/EVfiles/sub-10677/sharedreward/run-2_event_friend_reward.txt'
Creating '/ZPOOL/data/projects/rf1-sra-sharedreward/derivatives/fsl/EVfiles/sub-10677/sharedreward/run-2_event_stranger_neutral.txt'
Creating '/ZPOOL/data/projects/rf1-sra-sharedreward/derivatives/fsl/EVfiles/sub-10677/sharedreward/run-2_event_stranger_punish.txt'
Creating '/ZPOOL/data/projects/rf1-sra-sharedreward/derivatives/fsl/EVfiles/sub-10677/sharedreward/run-2_event_stranger_reward.txt'
Creating '/ZPOOL/data/projects/rf1-sra-sharedreward/derivatives/fsl/EVfiles/sub-10677/sharedreward/run-2_friend_face.txt'
Creating '/ZPOOL/data/projects/rf1-sra-sharedreward/derivatives/fsl/EVfiles/sub-10677/sharedreward/run-2_stranger_face.txt'
Creating '/ZPOOL/data/projects/rf1-sra-sharedreward/derivatives/fsl/EVfiles/sub-10685/sharedreward/run-1_computer_non-face.txt'
Creating '/ZPOOL/data/projects/rf1-sra-sharedreward/derivatives/fsl/EVfiles/sub-10685/sharedreward/run-1_event_computer_neutral.txt'
Creating '/ZPOOL/data/projects/rf1-sra-sharedreward/derivatives/fsl/EVfiles/sub-10685/sharedreward/run-1_event_computer_punish.txt'
Creating '/ZPOOL/data/projects/rf1-sra-sharedreward/derivatives/fsl/EVfiles/sub-10685/sharedreward/run-1_event_computer_reward.txt'
Creating '/ZPOOL/data/projects/rf1-sra-sharedreward/derivatives/fsl/EVfiles/sub-10685/sharedreward/run-1_event_friend_neutral.txt'
Creating '/ZPOOL/data/projects/rf1-sra-sharedreward/derivatives/fsl/EVfiles/sub-10685/sharedreward/run-1_event_friend_punish.txt'
Creating '/ZPOOL/data/projects/rf1-sra-sharedreward/derivatives/fsl/EVfiles/sub-10685/sharedreward/run-1_event_friend_reward.txt'
Creating '/ZPOOL/data/projects/rf1-sra-sharedreward/derivatives/fsl/EVfiles/sub-10685/sharedreward/run-1_event_stranger_neutral.txt'
Creating '/ZPOOL/data/projects/rf1-sra-sharedreward/derivatives/fsl/EVfiles/sub-10685/sharedreward/run-1_event_stranger_punish.txt'
Creating '/ZPOOL/data/projects/rf1-sra-sharedreward/derivatives/fsl/EVfiles/sub-10685/sharedreward/run-1_event_stranger_reward.txt'
Creating '/ZPOOL/data/projects/rf1-sra-sharedreward/derivatives/fsl/EVfiles/sub-10685/sharedreward/run-1_friend_face.txt'
Creating '/ZPOOL/data/projects/rf1-sra-sharedreward/derivatives/fsl/EVfiles/sub-10685/sharedreward/run-1_stranger_face.txt'
Creating '/ZPOOL/data/projects/rf1-sra-sharedreward/derivatives/fsl/EVfiles/sub-10685/sharedreward/run-2_computer_non-face.txt'
Creating '/ZPOOL/data/projects/rf1-sra-sharedreward/derivatives/fsl/EVfiles/sub-10685/sharedreward/run-2_event_computer_neutral.txt'
Creating '/ZPOOL/data/projects/rf1-sra-sharedreward/derivatives/fsl/EVfiles/sub-10685/sharedreward/run-2_event_computer_punish.txt'
Creating '/ZPOOL/data/projects/rf1-sra-sharedreward/derivatives/fsl/EVfiles/sub-10685/sharedreward/run-2_event_computer_reward.txt'
Creating '/ZPOOL/data/projects/rf1-sra-sharedreward/derivatives/fsl/EVfiles/sub-10685/sharedreward/run-2_event_friend_neutral.txt'
Creating '/ZPOOL/data/projects/rf1-sra-sharedreward/derivatives/fsl/EVfiles/sub-10685/sharedreward/run-2_event_friend_punish.txt'
Creating '/ZPOOL/data/projects/rf1-sra-sharedreward/derivatives/fsl/EVfiles/sub-10685/sharedreward/run-2_event_friend_reward.txt'
Creating '/ZPOOL/data/projects/rf1-sra-sharedreward/derivatives/fsl/EVfiles/sub-10685/sharedreward/run-2_event_stranger_neutral.txt'
Creating '/ZPOOL/data/projects/rf1-sra-sharedreward/derivatives/fsl/EVfiles/sub-10685/sharedreward/run-2_event_stranger_punish.txt'
Creating '/ZPOOL/data/projects/rf1-sra-sharedreward/derivatives/fsl/EVfiles/sub-10685/sharedreward/run-2_event_stranger_reward.txt'
Creating '/ZPOOL/data/projects/rf1-sra-sharedreward/derivatives/fsl/EVfiles/sub-10685/sharedreward/run-2_friend_face.txt'
Creating '/ZPOOL/data/projects/rf1-sra-sharedreward/derivatives/fsl/EVfiles/sub-10685/sharedreward/run-2_stranger_face.txt'
Creating '/ZPOOL/data/projects/rf1-sra-sharedreward/derivatives/fsl/EVfiles/sub-10690/sharedreward/run-1_computer_non-face.txt'
Creating '/ZPOOL/data/projects/rf1-sra-sharedreward/derivatives/fsl/EVfiles/sub-10690/sharedreward/run-1_event_computer_neutral.txt'
Creating '/ZPOOL/data/projects/rf1-sra-sharedreward/derivatives/fsl/EVfiles/sub-10690/sharedreward/run-1_event_computer_punish.txt'
Creating '/ZPOOL/data/projects/rf1-sra-sharedreward/derivatives/fsl/EVfiles/sub-10690/sharedreward/run-1_event_computer_reward.txt'
Creating '/ZPOOL/data/projects/rf1-sra-sharedreward/derivatives/fsl/EVfiles/sub-10690/sharedreward/run-1_event_friend_neutral.txt'
Creating '/ZPOOL/data/projects/rf1-sra-sharedreward/derivatives/fsl/EVfiles/sub-10690/sharedreward/run-1_event_friend_punish.txt'
Creating '/ZPOOL/data/projects/rf1-sra-sharedreward/derivatives/fsl/EVfiles/sub-10690/sharedreward/run-1_event_friend_reward.txt'
Creating '/ZPOOL/data/projects/rf1-sra-sharedreward/derivatives/fsl/EVfiles/sub-10690/sharedreward/run-1_event_stranger_neutral.txt'
Creating '/ZPOOL/data/projects/rf1-sra-sharedreward/derivatives/fsl/EVfiles/sub-10690/sharedreward/run-1_event_stranger_punish.txt'
Creating '/ZPOOL/data/projects/rf1-sra-sharedreward/derivatives/fsl/EVfiles/sub-10690/sharedreward/run-1_event_stranger_reward.txt'
Creating '/ZPOOL/data/projects/rf1-sra-sharedreward/derivatives/fsl/EVfiles/sub-10690/sharedreward/run-1_friend_face.txt'
Creating '/ZPOOL/data/projects/rf1-sra-sharedreward/derivatives/fsl/EVfiles/sub-10690/sharedreward/run-1_stranger_face.txt'
Creating '/ZPOOL/data/projects/rf1-sra-sharedreward/derivatives/fsl/EVfiles/sub-10690/sharedreward/run-2_computer_non-face.txt'
Creating '/ZPOOL/data/projects/rf1-sra-sharedreward/derivatives/fsl/EVfiles/sub-10690/sharedreward/run-2_event_computer_neutral.txt'
Creating '/ZPOOL/data/projects/rf1-sra-sharedreward/derivatives/fsl/EVfiles/sub-10690/sharedreward/run-2_event_computer_punish.txt'
Creating '/ZPOOL/data/projects/rf1-sra-sharedreward/derivatives/fsl/EVfiles/sub-10690/sharedreward/run-2_event_computer_reward.txt'
Creating '/ZPOOL/data/projects/rf1-sra-sharedreward/derivatives/fsl/EVfiles/sub-10690/sharedreward/run-2_event_friend_neutral.txt'
Creating '/ZPOOL/data/projects/rf1-sra-sharedreward/derivatives/fsl/EVfiles/sub-10690/sharedreward/run-2_event_friend_punish.txt'
Creating '/ZPOOL/data/projects/rf1-sra-sharedreward/derivatives/fsl/EVfiles/sub-10690/sharedreward/run-2_event_friend_reward.txt'
Creating '/ZPOOL/data/projects/rf1-sra-sharedreward/derivatives/fsl/EVfiles/sub-10690/sharedreward/run-2_event_stranger_neutral.txt'
Creating '/ZPOOL/data/projects/rf1-sra-sharedreward/derivatives/fsl/EVfiles/sub-10690/sharedreward/run-2_event_stranger_punish.txt'
Creating '/ZPOOL/data/projects/rf1-sra-sharedreward/derivatives/fsl/EVfiles/sub-10690/sharedreward/run-2_event_stranger_reward.txt'
Creating '/ZPOOL/data/projects/rf1-sra-sharedreward/derivatives/fsl/EVfiles/sub-10690/sharedreward/run-2_friend_face.txt'
Creating '/ZPOOL/data/projects/rf1-sra-sharedreward/derivatives/fsl/EVfiles/sub-10690/sharedreward/run-2_stranger_face.txt'
Creating '/ZPOOL/data/projects/rf1-sra-sharedreward/derivatives/fsl/EVfiles/sub-10691/sharedreward/run-1_computer_non-face.txt'
Creating '/ZPOOL/data/projects/rf1-sra-sharedreward/derivatives/fsl/EVfiles/sub-10691/sharedreward/run-1_event_computer_neutral.txt'
Creating '/ZPOOL/data/projects/rf1-sra-sharedreward/derivatives/fsl/EVfiles/sub-10691/sharedreward/run-1_event_computer_punish.txt'
Creating '/ZPOOL/data/projects/rf1-sra-sharedreward/derivatives/fsl/EVfiles/sub-10691/sharedreward/run-1_event_computer_reward.txt'
Creating '/ZPOOL/data/projects/rf1-sra-sharedreward/derivatives/fsl/EVfiles/sub-10691/sharedreward/run-1_event_friend_neutral.txt'
Creating '/ZPOOL/data/projects/rf1-sra-sharedreward/derivatives/fsl/EVfiles/sub-10691/sharedreward/run-1_event_friend_punish.txt'
Creating '/ZPOOL/data/projects/rf1-sra-sharedreward/derivatives/fsl/EVfiles/sub-10691/sharedreward/run-1_event_friend_reward.txt'
Creating '/ZPOOL/data/projects/rf1-sra-sharedreward/derivatives/fsl/EVfiles/sub-10691/sharedreward/run-1_event_stranger_neutral.txt'
Creating '/ZPOOL/data/projects/rf1-sra-sharedreward/derivatives/fsl/EVfiles/sub-10691/sharedreward/run-1_event_stranger_punish.txt'
Creating '/ZPOOL/data/projects/rf1-sra-sharedreward/derivatives/fsl/EVfiles/sub-10691/sharedreward/run-1_event_stranger_reward.txt'
Creating '/ZPOOL/data/projects/rf1-sra-sharedreward/derivatives/fsl/EVfiles/sub-10691/sharedreward/run-1_friend_face.txt'
Creating '/ZPOOL/data/projects/rf1-sra-sharedreward/derivatives/fsl/EVfiles/sub-10691/sharedreward/run-1_stranger_face.txt'
Creating '/ZPOOL/data/projects/rf1-sra-sharedreward/derivatives/fsl/EVfiles/sub-10691/sharedreward/run-2_computer_non-face.txt'
Creating '/ZPOOL/data/projects/rf1-sra-sharedreward/derivatives/fsl/EVfiles/sub-10691/sharedreward/run-2_event_computer_neutral.txt'
Creating '/ZPOOL/data/projects/rf1-sra-sharedreward/derivatives/fsl/EVfiles/sub-10691/sharedreward/run-2_event_computer_punish.txt'
Creating '/ZPOOL/data/projects/rf1-sra-sharedreward/derivatives/fsl/EVfiles/sub-10691/sharedreward/run-2_event_computer_reward.txt'
Creating '/ZPOOL/data/projects/rf1-sra-sharedreward/derivatives/fsl/EVfiles/sub-10691/sharedreward/run-2_event_friend_neutral.txt'
Creating '/ZPOOL/data/projects/rf1-sra-sharedreward/derivatives/fsl/EVfiles/sub-10691/sharedreward/run-2_event_friend_punish.txt'
Creating '/ZPOOL/data/projects/rf1-sra-sharedreward/derivatives/fsl/EVfiles/sub-10691/sharedreward/run-2_event_friend_reward.txt'
Creating '/ZPOOL/data/projects/rf1-sra-sharedreward/derivatives/fsl/EVfiles/sub-10691/sharedreward/run-2_event_stranger_neutral.txt'
Creating '/ZPOOL/data/projects/rf1-sra-sharedreward/derivatives/fsl/EVfiles/sub-10691/sharedreward/run-2_event_stranger_punish.txt'
Creating '/ZPOOL/data/projects/rf1-sra-sharedreward/derivatives/fsl/EVfiles/sub-10691/sharedreward/run-2_event_stranger_reward.txt'
Creating '/ZPOOL/data/projects/rf1-sra-sharedreward/derivatives/fsl/EVfiles/sub-10691/sharedreward/run-2_friend_face.txt'
Creating '/ZPOOL/data/projects/rf1-sra-sharedreward/derivatives/fsl/EVfiles/sub-10691/sharedreward/run-2_stranger_face.txt'
Creating '/ZPOOL/data/projects/rf1-sra-sharedreward/derivatives/fsl/EVfiles/sub-10700/sharedreward/run-1_computer_non-face.txt'
Creating '/ZPOOL/data/projects/rf1-sra-sharedreward/derivatives/fsl/EVfiles/sub-10700/sharedreward/run-1_event_computer_neutral.txt'
Creating '/ZPOOL/data/projects/rf1-sra-sharedreward/derivatives/fsl/EVfiles/sub-10700/sharedreward/run-1_event_computer_punish.txt'
Creating '/ZPOOL/data/projects/rf1-sra-sharedreward/derivatives/fsl/EVfiles/sub-10700/sharedreward/run-1_event_computer_reward.txt'
Creating '/ZPOOL/data/projects/rf1-sra-sharedreward/derivatives/fsl/EVfiles/sub-10700/sharedreward/run-1_event_friend_neutral.txt'
Creating '/ZPOOL/data/projects/rf1-sra-sharedreward/derivatives/fsl/EVfiles/sub-10700/sharedreward/run-1_event_friend_punish.txt'
Creating '/ZPOOL/data/projects/rf1-sra-sharedreward/derivatives/fsl/EVfiles/sub-10700/sharedreward/run-1_event_friend_reward.txt'
Creating '/ZPOOL/data/projects/rf1-sra-sharedreward/derivatives/fsl/EVfiles/sub-10700/sharedreward/run-1_event_stranger_neutral.txt'
Creating '/ZPOOL/data/projects/rf1-sra-sharedreward/derivatives/fsl/EVfiles/sub-10700/sharedreward/run-1_event_stranger_punish.txt'
Creating '/ZPOOL/data/projects/rf1-sra-sharedreward/derivatives/fsl/EVfiles/sub-10700/sharedreward/run-1_event_stranger_reward.txt'
Creating '/ZPOOL/data/projects/rf1-sra-sharedreward/derivatives/fsl/EVfiles/sub-10700/sharedreward/run-1_friend_face.txt'
Creating '/ZPOOL/data/projects/rf1-sra-sharedreward/derivatives/fsl/EVfiles/sub-10700/sharedreward/run-1_stranger_face.txt'
Creating '/ZPOOL/data/projects/rf1-sra-sharedreward/derivatives/fsl/EVfiles/sub-10700/sharedreward/run-2_computer_non-face.txt'
Creating '/ZPOOL/data/projects/rf1-sra-sharedreward/derivatives/fsl/EVfiles/sub-10700/sharedreward/run-2_event_computer_neutral.txt'
Creating '/ZPOOL/data/projects/rf1-sra-sharedreward/derivatives/fsl/EVfiles/sub-10700/sharedreward/run-2_event_computer_punish.txt'
Creating '/ZPOOL/data/projects/rf1-sra-sharedreward/derivatives/fsl/EVfiles/sub-10700/sharedreward/run-2_event_computer_reward.txt'
Creating '/ZPOOL/data/projects/rf1-sra-sharedreward/derivatives/fsl/EVfiles/sub-10700/sharedreward/run-2_event_friend_neutral.txt'
Creating '/ZPOOL/data/projects/rf1-sra-sharedreward/derivatives/fsl/EVfiles/sub-10700/sharedreward/run-2_event_friend_punish.txt'
Creating '/ZPOOL/data/projects/rf1-sra-sharedreward/derivatives/fsl/EVfiles/sub-10700/sharedreward/run-2_event_friend_reward.txt'
Creating '/ZPOOL/data/projects/rf1-sra-sharedreward/derivatives/fsl/EVfiles/sub-10700/sharedreward/run-2_event_stranger_neutral.txt'
Creating '/ZPOOL/data/projects/rf1-sra-sharedreward/derivatives/fsl/EVfiles/sub-10700/sharedreward/run-2_event_stranger_punish.txt'
Creating '/ZPOOL/data/projects/rf1-sra-sharedreward/derivatives/fsl/EVfiles/sub-10700/sharedreward/run-2_event_stranger_reward.txt'
Creating '/ZPOOL/data/projects/rf1-sra-sharedreward/derivatives/fsl/EVfiles/sub-10700/sharedreward/run-2_friend_face.txt'
Creating '/ZPOOL/data/projects/rf1-sra-sharedreward/derivatives/fsl/EVfiles/sub-10700/sharedreward/run-2_stranger_face.txt'
Creating '/ZPOOL/data/projects/rf1-sra-sharedreward/derivatives/fsl/EVfiles/sub-10701/sharedreward/run-1_computer_non-face.txt'
Creating '/ZPOOL/data/projects/rf1-sra-sharedreward/derivatives/fsl/EVfiles/sub-10701/sharedreward/run-1_event_computer_neutral.txt'
Creating '/ZPOOL/data/projects/rf1-sra-sharedreward/derivatives/fsl/EVfiles/sub-10701/sharedreward/run-1_event_computer_punish.txt'
Creating '/ZPOOL/data/projects/rf1-sra-sharedreward/derivatives/fsl/EVfiles/sub-10701/sharedreward/run-1_event_computer_reward.txt'
Creating '/ZPOOL/data/projects/rf1-sra-sharedreward/derivatives/fsl/EVfiles/sub-10701/sharedreward/run-1_event_friend_neutral.txt'
Creating '/ZPOOL/data/projects/rf1-sra-sharedreward/derivatives/fsl/EVfiles/sub-10701/sharedreward/run-1_event_friend_punish.txt'
Creating '/ZPOOL/data/projects/rf1-sra-sharedreward/derivatives/fsl/EVfiles/sub-10701/sharedreward/run-1_event_friend_reward.txt'
Creating '/ZPOOL/data/projects/rf1-sra-sharedreward/derivatives/fsl/EVfiles/sub-10701/sharedreward/run-1_event_stranger_neutral.txt'
Creating '/ZPOOL/data/projects/rf1-sra-sharedreward/derivatives/fsl/EVfiles/sub-10701/sharedreward/run-1_event_stranger_punish.txt'
Creating '/ZPOOL/data/projects/rf1-sra-sharedreward/derivatives/fsl/EVfiles/sub-10701/sharedreward/run-1_event_stranger_reward.txt'
Creating '/ZPOOL/data/projects/rf1-sra-sharedreward/derivatives/fsl/EVfiles/sub-10701/sharedreward/run-1_friend_face.txt'
Creating '/ZPOOL/data/projects/rf1-sra-sharedreward/derivatives/fsl/EVfiles/sub-10701/sharedreward/run-1_stranger_face.txt'
Creating '/ZPOOL/data/projects/rf1-sra-sharedreward/derivatives/fsl/EVfiles/sub-10701/sharedreward/run-2_computer_non-face.txt'
Creating '/ZPOOL/data/projects/rf1-sra-sharedreward/derivatives/fsl/EVfiles/sub-10701/sharedreward/run-2_event_computer_neutral.txt'
Creating '/ZPOOL/data/projects/rf1-sra-sharedreward/derivatives/fsl/EVfiles/sub-10701/sharedreward/run-2_event_computer_punish.txt'
Creating '/ZPOOL/data/projects/rf1-sra-sharedreward/derivatives/fsl/EVfiles/sub-10701/sharedreward/run-2_event_computer_reward.txt'
Creating '/ZPOOL/data/projects/rf1-sra-sharedreward/derivatives/fsl/EVfiles/sub-10701/sharedreward/run-2_event_friend_neutral.txt'
Creating '/ZPOOL/data/projects/rf1-sra-sharedreward/derivatives/fsl/EVfiles/sub-10701/sharedreward/run-2_event_friend_punish.txt'
Creating '/ZPOOL/data/projects/rf1-sra-sharedreward/derivatives/fsl/EVfiles/sub-10701/sharedreward/run-2_event_friend_reward.txt'
Creating '/ZPOOL/data/projects/rf1-sra-sharedreward/derivatives/fsl/EVfiles/sub-10701/sharedreward/run-2_event_stranger_neutral.txt'
Creating '/ZPOOL/data/projects/rf1-sra-sharedreward/derivatives/fsl/EVfiles/sub-10701/sharedreward/run-2_event_stranger_punish.txt'
Creating '/ZPOOL/data/projects/rf1-sra-sharedreward/derivatives/fsl/EVfiles/sub-10701/sharedreward/run-2_event_stranger_reward.txt'
Creating '/ZPOOL/data/projects/rf1-sra-sharedreward/derivatives/fsl/EVfiles/sub-10701/sharedreward/run-2_friend_face.txt'
Creating '/ZPOOL/data/projects/rf1-sra-sharedreward/derivatives/fsl/EVfiles/sub-10701/sharedreward/run-2_stranger_face.txt'
Creating '/ZPOOL/data/projects/rf1-sra-sharedreward/derivatives/fsl/EVfiles/sub-10716/sharedreward/run-1_computer_non-face.txt'
Creating '/ZPOOL/data/projects/rf1-sra-sharedreward/derivatives/fsl/EVfiles/sub-10716/sharedreward/run-1_event_computer_neutral.txt'
Creating '/ZPOOL/data/projects/rf1-sra-sharedreward/derivatives/fsl/EVfiles/sub-10716/sharedreward/run-1_event_computer_punish.txt'
Creating '/ZPOOL/data/projects/rf1-sra-sharedreward/derivatives/fsl/EVfiles/sub-10716/sharedreward/run-1_event_computer_reward.txt'
Creating '/ZPOOL/data/projects/rf1-sra-sharedreward/derivatives/fsl/EVfiles/sub-10716/sharedreward/run-1_event_friend_neutral.txt'
Creating '/ZPOOL/data/projects/rf1-sra-sharedreward/derivatives/fsl/EVfiles/sub-10716/sharedreward/run-1_event_friend_punish.txt'
Creating '/ZPOOL/data/projects/rf1-sra-sharedreward/derivatives/fsl/EVfiles/sub-10716/sharedreward/run-1_event_friend_reward.txt'
Creating '/ZPOOL/data/projects/rf1-sra-sharedreward/derivatives/fsl/EVfiles/sub-10716/sharedreward/run-1_event_stranger_neutral.txt'
Creating '/ZPOOL/data/projects/rf1-sra-sharedreward/derivatives/fsl/EVfiles/sub-10716/sharedreward/run-1_event_stranger_punish.txt'
Creating '/ZPOOL/data/projects/rf1-sra-sharedreward/derivatives/fsl/EVfiles/sub-10716/sharedreward/run-1_event_stranger_reward.txt'
Creating '/ZPOOL/data/projects/rf1-sra-sharedreward/derivatives/fsl/EVfiles/sub-10716/sharedreward/run-1_friend_face.txt'
Creating '/ZPOOL/data/projects/rf1-sra-sharedreward/derivatives/fsl/EVfiles/sub-10716/sharedreward/run-1_stranger_face.txt'
Creating '/ZPOOL/data/projects/rf1-sra-sharedreward/derivatives/fsl/EVfiles/sub-10716/sharedreward/run-2_computer_non-face.txt'
Creating '/ZPOOL/data/projects/rf1-sra-sharedreward/derivatives/fsl/EVfiles/sub-10716/sharedreward/run-2_event_computer_neutral.txt'
Creating '/ZPOOL/data/projects/rf1-sra-sharedreward/derivatives/fsl/EVfiles/sub-10716/sharedreward/run-2_event_computer_punish.txt'
Creating '/ZPOOL/data/projects/rf1-sra-sharedreward/derivatives/fsl/EVfiles/sub-10716/sharedreward/run-2_event_computer_reward.txt'
Creating '/ZPOOL/data/projects/rf1-sra-sharedreward/derivatives/fsl/EVfiles/sub-10716/sharedreward/run-2_event_friend_neutral.txt'
Creating '/ZPOOL/data/projects/rf1-sra-sharedreward/derivatives/fsl/EVfiles/sub-10716/sharedreward/run-2_event_friend_punish.txt'
Creating '/ZPOOL/data/projects/rf1-sra-sharedreward/derivatives/fsl/EVfiles/sub-10716/sharedreward/run-2_event_friend_reward.txt'
Creating '/ZPOOL/data/projects/rf1-sra-sharedreward/derivatives/fsl/EVfiles/sub-10716/sharedreward/run-2_event_stranger_neutral.txt'
Creating '/ZPOOL/data/projects/rf1-sra-sharedreward/derivatives/fsl/EVfiles/sub-10716/sharedreward/run-2_event_stranger_punish.txt'
Creating '/ZPOOL/data/projects/rf1-sra-sharedreward/derivatives/fsl/EVfiles/sub-10716/sharedreward/run-2_event_stranger_reward.txt'
Creating '/ZPOOL/data/projects/rf1-sra-sharedreward/derivatives/fsl/EVfiles/sub-10716/sharedreward/run-2_friend_face.txt'
Creating '/ZPOOL/data/projects/rf1-sra-sharedreward/derivatives/fsl/EVfiles/sub-10716/sharedreward/run-2_stranger_face.txt'
Creating '/ZPOOL/data/projects/rf1-sra-sharedreward/derivatives/fsl/EVfiles/sub-10718/sharedreward/run-1_computer_non-face.txt'
Creating '/ZPOOL/data/projects/rf1-sra-sharedreward/derivatives/fsl/EVfiles/sub-10718/sharedreward/run-1_event_computer_neutral.txt'
Creating '/ZPOOL/data/projects/rf1-sra-sharedreward/derivatives/fsl/EVfiles/sub-10718/sharedreward/run-1_event_computer_punish.txt'
Creating '/ZPOOL/data/projects/rf1-sra-sharedreward/derivatives/fsl/EVfiles/sub-10718/sharedreward/run-1_event_computer_reward.txt'
Creating '/ZPOOL/data/projects/rf1-sra-sharedreward/derivatives/fsl/EVfiles/sub-10718/sharedreward/run-1_event_friend_neutral.txt'
Creating '/ZPOOL/data/projects/rf1-sra-sharedreward/derivatives/fsl/EVfiles/sub-10718/sharedreward/run-1_event_friend_punish.txt'
Creating '/ZPOOL/data/projects/rf1-sra-sharedreward/derivatives/fsl/EVfiles/sub-10718/sharedreward/run-1_event_friend_reward.txt'
Creating '/ZPOOL/data/projects/rf1-sra-sharedreward/derivatives/fsl/EVfiles/sub-10718/sharedreward/run-1_event_stranger_neutral.txt'
Creating '/ZPOOL/data/projects/rf1-sra-sharedreward/derivatives/fsl/EVfiles/sub-10718/sharedreward/run-1_event_stranger_punish.txt'
Creating '/ZPOOL/data/projects/rf1-sra-sharedreward/derivatives/fsl/EVfiles/sub-10718/sharedreward/run-1_event_stranger_reward.txt'
Creating '/ZPOOL/data/projects/rf1-sra-sharedreward/derivatives/fsl/EVfiles/sub-10718/sharedreward/run-1_friend_face.txt'
Creating '/ZPOOL/data/projects/rf1-sra-sharedreward/derivatives/fsl/EVfiles/sub-10718/sharedreward/run-1_stranger_face.txt'
Creating '/ZPOOL/data/projects/rf1-sra-sharedreward/derivatives/fsl/EVfiles/sub-10718/sharedreward/run-2_computer_non-face.txt'
Creating '/ZPOOL/data/projects/rf1-sra-sharedreward/derivatives/fsl/EVfiles/sub-10718/sharedreward/run-2_event_computer_neutral.txt'
Creating '/ZPOOL/data/projects/rf1-sra-sharedreward/derivatives/fsl/EVfiles/sub-10718/sharedreward/run-2_event_computer_punish.txt'
Creating '/ZPOOL/data/projects/rf1-sra-sharedreward/derivatives/fsl/EVfiles/sub-10718/sharedreward/run-2_event_computer_reward.txt'
Creating '/ZPOOL/data/projects/rf1-sra-sharedreward/derivatives/fsl/EVfiles/sub-10718/sharedreward/run-2_event_friend_neutral.txt'
Creating '/ZPOOL/data/projects/rf1-sra-sharedreward/derivatives/fsl/EVfiles/sub-10718/sharedreward/run-2_event_friend_punish.txt'
Creating '/ZPOOL/data/projects/rf1-sra-sharedreward/derivatives/fsl/EVfiles/sub-10718/sharedreward/run-2_event_friend_reward.txt'
Creating '/ZPOOL/data/projects/rf1-sra-sharedreward/derivatives/fsl/EVfiles/sub-10718/sharedreward/run-2_event_stranger_neutral.txt'
Creating '/ZPOOL/data/projects/rf1-sra-sharedreward/derivatives/fsl/EVfiles/sub-10718/sharedreward/run-2_event_stranger_punish.txt'
Creating '/ZPOOL/data/projects/rf1-sra-sharedreward/derivatives/fsl/EVfiles/sub-10718/sharedreward/run-2_event_stranger_reward.txt'
Creating '/ZPOOL/data/projects/rf1-sra-sharedreward/derivatives/fsl/EVfiles/sub-10718/sharedreward/run-2_friend_face.txt'
Creating '/ZPOOL/data/projects/rf1-sra-sharedreward/derivatives/fsl/EVfiles/sub-10718/sharedreward/run-2_stranger_face.txt'
Creating '/ZPOOL/data/projects/rf1-sra-sharedreward/derivatives/fsl/EVfiles/sub-10720/sharedreward/run-1_computer_non-face.txt'
Creating '/ZPOOL/data/projects/rf1-sra-sharedreward/derivatives/fsl/EVfiles/sub-10720/sharedreward/run-1_event_computer_neutral.txt'
Creating '/ZPOOL/data/projects/rf1-sra-sharedreward/derivatives/fsl/EVfiles/sub-10720/sharedreward/run-1_event_computer_punish.txt'
Creating '/ZPOOL/data/projects/rf1-sra-sharedreward/derivatives/fsl/EVfiles/sub-10720/sharedreward/run-1_event_computer_reward.txt'
Creating '/ZPOOL/data/projects/rf1-sra-sharedreward/derivatives/fsl/EVfiles/sub-10720/sharedreward/run-1_event_friend_neutral.txt'
Creating '/ZPOOL/data/projects/rf1-sra-sharedreward/derivatives/fsl/EVfiles/sub-10720/sharedreward/run-1_event_friend_punish.txt'
Creating '/ZPOOL/data/projects/rf1-sra-sharedreward/derivatives/fsl/EVfiles/sub-10720/sharedreward/run-1_event_friend_reward.txt'
Creating '/ZPOOL/data/projects/rf1-sra-sharedreward/derivatives/fsl/EVfiles/sub-10720/sharedreward/run-1_event_stranger_neutral.txt'
Creating '/ZPOOL/data/projects/rf1-sra-sharedreward/derivatives/fsl/EVfiles/sub-10720/sharedreward/run-1_event_stranger_punish.txt'
Creating '/ZPOOL/data/projects/rf1-sra-sharedreward/derivatives/fsl/EVfiles/sub-10720/sharedreward/run-1_event_stranger_reward.txt'
Creating '/ZPOOL/data/projects/rf1-sra-sharedreward/derivatives/fsl/EVfiles/sub-10720/sharedreward/run-1_friend_face.txt'
Creating '/ZPOOL/data/projects/rf1-sra-sharedreward/derivatives/fsl/EVfiles/sub-10720/sharedreward/run-1_stranger_face.txt'
Creating '/ZPOOL/data/projects/rf1-sra-sharedreward/derivatives/fsl/EVfiles/sub-10720/sharedreward/run-2_computer_non-face.txt'
Creating '/ZPOOL/data/projects/rf1-sra-sharedreward/derivatives/fsl/EVfiles/sub-10720/sharedreward/run-2_event_computer_neutral.txt'
Creating '/ZPOOL/data/projects/rf1-sra-sharedreward/derivatives/fsl/EVfiles/sub-10720/sharedreward/run-2_event_computer_punish.txt'
Creating '/ZPOOL/data/projects/rf1-sra-sharedreward/derivatives/fsl/EVfiles/sub-10720/sharedreward/run-2_event_computer_reward.txt'
Creating '/ZPOOL/data/projects/rf1-sra-sharedreward/derivatives/fsl/EVfiles/sub-10720/sharedreward/run-2_event_friend_neutral.txt'
Creating '/ZPOOL/data/projects/rf1-sra-sharedreward/derivatives/fsl/EVfiles/sub-10720/sharedreward/run-2_event_friend_punish.txt'
Creating '/ZPOOL/data/projects/rf1-sra-sharedreward/derivatives/fsl/EVfiles/sub-10720/sharedreward/run-2_event_friend_reward.txt'
Creating '/ZPOOL/data/projects/rf1-sra-sharedreward/derivatives/fsl/EVfiles/sub-10720/sharedreward/run-2_event_stranger_neutral.txt'
Creating '/ZPOOL/data/projects/rf1-sra-sharedreward/derivatives/fsl/EVfiles/sub-10720/sharedreward/run-2_event_stranger_punish.txt'
Creating '/ZPOOL/data/projects/rf1-sra-sharedreward/derivatives/fsl/EVfiles/sub-10720/sharedreward/run-2_event_stranger_reward.txt'
Creating '/ZPOOL/data/projects/rf1-sra-sharedreward/derivatives/fsl/EVfiles/sub-10720/sharedreward/run-2_friend_face.txt'
Creating '/ZPOOL/data/projects/rf1-sra-sharedreward/derivatives/fsl/EVfiles/sub-10720/sharedreward/run-2_stranger_face.txt'
Creating '/ZPOOL/data/projects/rf1-sra-sharedreward/derivatives/fsl/EVfiles/sub-10723/sharedreward/run-1_computer_non-face.txt'
Creating '/ZPOOL/data/projects/rf1-sra-sharedreward/derivatives/fsl/EVfiles/sub-10723/sharedreward/run-1_event_computer_neutral.txt'
Creating '/ZPOOL/data/projects/rf1-sra-sharedreward/derivatives/fsl/EVfiles/sub-10723/sharedreward/run-1_event_computer_punish.txt'
Creating '/ZPOOL/data/projects/rf1-sra-sharedreward/derivatives/fsl/EVfiles/sub-10723/sharedreward/run-1_event_computer_reward.txt'
Creating '/ZPOOL/data/projects/rf1-sra-sharedreward/derivatives/fsl/EVfiles/sub-10723/sharedreward/run-1_event_friend_neutral.txt'
Creating '/ZPOOL/data/projects/rf1-sra-sharedreward/derivatives/fsl/EVfiles/sub-10723/sharedreward/run-1_event_friend_punish.txt'
Creating '/ZPOOL/data/projects/rf1-sra-sharedreward/derivatives/fsl/EVfiles/sub-10723/sharedreward/run-1_event_friend_reward.txt'
Creating '/ZPOOL/data/projects/rf1-sra-sharedreward/derivatives/fsl/EVfiles/sub-10723/sharedreward/run-1_event_stranger_neutral.txt'
Creating '/ZPOOL/data/projects/rf1-sra-sharedreward/derivatives/fsl/EVfiles/sub-10723/sharedreward/run-1_event_stranger_punish.txt'
Creating '/ZPOOL/data/projects/rf1-sra-sharedreward/derivatives/fsl/EVfiles/sub-10723/sharedreward/run-1_event_stranger_reward.txt'
Creating '/ZPOOL/data/projects/rf1-sra-sharedreward/derivatives/fsl/EVfiles/sub-10723/sharedreward/run-1_friend_face.txt'
Creating '/ZPOOL/data/projects/rf1-sra-sharedreward/derivatives/fsl/EVfiles/sub-10723/sharedreward/run-1_stranger_face.txt'
Creating '/ZPOOL/data/projects/rf1-sra-sharedreward/derivatives/fsl/EVfiles/sub-10723/sharedreward/run-2_computer_non-face.txt'
Creating '/ZPOOL/data/projects/rf1-sra-sharedreward/derivatives/fsl/EVfiles/sub-10723/sharedreward/run-2_event_computer_neutral.txt'
Creating '/ZPOOL/data/projects/rf1-sra-sharedreward/derivatives/fsl/EVfiles/sub-10723/sharedreward/run-2_event_computer_punish.txt'
Creating '/ZPOOL/data/projects/rf1-sra-sharedreward/derivatives/fsl/EVfiles/sub-10723/sharedreward/run-2_event_computer_reward.txt'
Creating '/ZPOOL/data/projects/rf1-sra-sharedreward/derivatives/fsl/EVfiles/sub-10723/sharedreward/run-2_event_friend_neutral.txt'
Creating '/ZPOOL/data/projects/rf1-sra-sharedreward/derivatives/fsl/EVfiles/sub-10723/sharedreward/run-2_event_friend_punish.txt'
Creating '/ZPOOL/data/projects/rf1-sra-sharedreward/derivatives/fsl/EVfiles/sub-10723/sharedreward/run-2_event_friend_reward.txt'
Creating '/ZPOOL/data/projects/rf1-sra-sharedreward/derivatives/fsl/EVfiles/sub-10723/sharedreward/run-2_event_stranger_neutral.txt'
Creating '/ZPOOL/data/projects/rf1-sra-sharedreward/derivatives/fsl/EVfiles/sub-10723/sharedreward/run-2_event_stranger_punish.txt'
Creating '/ZPOOL/data/projects/rf1-sra-sharedreward/derivatives/fsl/EVfiles/sub-10723/sharedreward/run-2_event_stranger_reward.txt'
Creating '/ZPOOL/data/projects/rf1-sra-sharedreward/derivatives/fsl/EVfiles/sub-10723/sharedreward/run-2_friend_face.txt'
Creating '/ZPOOL/data/projects/rf1-sra-sharedreward/derivatives/fsl/EVfiles/sub-10723/sharedreward/run-2_stranger_face.txt'
Creating '/ZPOOL/data/projects/rf1-sra-sharedreward/derivatives/fsl/EVfiles/sub-10741/sharedreward/run-1_computer_non-face.txt'
Creating '/ZPOOL/data/projects/rf1-sra-sharedreward/derivatives/fsl/EVfiles/sub-10741/sharedreward/run-1_event_computer_neutral.txt'
Creating '/ZPOOL/data/projects/rf1-sra-sharedreward/derivatives/fsl/EVfiles/sub-10741/sharedreward/run-1_event_computer_punish.txt'
Creating '/ZPOOL/data/projects/rf1-sra-sharedreward/derivatives/fsl/EVfiles/sub-10741/sharedreward/run-1_event_computer_reward.txt'
Creating '/ZPOOL/data/projects/rf1-sra-sharedreward/derivatives/fsl/EVfiles/sub-10741/sharedreward/run-1_event_friend_neutral.txt'
Creating '/ZPOOL/data/projects/rf1-sra-sharedreward/derivatives/fsl/EVfiles/sub-10741/sharedreward/run-1_event_friend_punish.txt'
Creating '/ZPOOL/data/projects/rf1-sra-sharedreward/derivatives/fsl/EVfiles/sub-10741/sharedreward/run-1_event_friend_reward.txt'
Creating '/ZPOOL/data/projects/rf1-sra-sharedreward/derivatives/fsl/EVfiles/sub-10741/sharedreward/run-1_event_stranger_neutral.txt'
Creating '/ZPOOL/data/projects/rf1-sra-sharedreward/derivatives/fsl/EVfiles/sub-10741/sharedreward/run-1_event_stranger_punish.txt'
Creating '/ZPOOL/data/projects/rf1-sra-sharedreward/derivatives/fsl/EVfiles/sub-10741/sharedreward/run-1_event_stranger_reward.txt'
Creating '/ZPOOL/data/projects/rf1-sra-sharedreward/derivatives/fsl/EVfiles/sub-10741/sharedreward/run-1_friend_face.txt'
Creating '/ZPOOL/data/projects/rf1-sra-sharedreward/derivatives/fsl/EVfiles/sub-10741/sharedreward/run-1_stranger_face.txt'
Creating '/ZPOOL/data/projects/rf1-sra-sharedreward/derivatives/fsl/EVfiles/sub-10741/sharedreward/run-2_computer_non-face.txt'
Creating '/ZPOOL/data/projects/rf1-sra-sharedreward/derivatives/fsl/EVfiles/sub-10741/sharedreward/run-2_event_computer_neutral.txt'
Creating '/ZPOOL/data/projects/rf1-sra-sharedreward/derivatives/fsl/EVfiles/sub-10741/sharedreward/run-2_event_computer_punish.txt'
Creating '/ZPOOL/data/projects/rf1-sra-sharedreward/derivatives/fsl/EVfiles/sub-10741/sharedreward/run-2_event_computer_reward.txt'
Creating '/ZPOOL/data/projects/rf1-sra-sharedreward/derivatives/fsl/EVfiles/sub-10741/sharedreward/run-2_event_friend_neutral.txt'
Creating '/ZPOOL/data/projects/rf1-sra-sharedreward/derivatives/fsl/EVfiles/sub-10741/sharedreward/run-2_event_friend_punish.txt'
Creating '/ZPOOL/data/projects/rf1-sra-sharedreward/derivatives/fsl/EVfiles/sub-10741/sharedreward/run-2_event_friend_reward.txt'
Creating '/ZPOOL/data/projects/rf1-sra-sharedreward/derivatives/fsl/EVfiles/sub-10741/sharedreward/run-2_event_stranger_neutral.txt'
Creating '/ZPOOL/data/projects/rf1-sra-sharedreward/derivatives/fsl/EVfiles/sub-10741/sharedreward/run-2_event_stranger_punish.txt'
Creating '/ZPOOL/data/projects/rf1-sra-sharedreward/derivatives/fsl/EVfiles/sub-10741/sharedreward/run-2_event_stranger_reward.txt'
Creating '/ZPOOL/data/projects/rf1-sra-sharedreward/derivatives/fsl/EVfiles/sub-10741/sharedreward/run-2_friend_face.txt'
Creating '/ZPOOL/data/projects/rf1-sra-sharedreward/derivatives/fsl/EVfiles/sub-10741/sharedreward/run-2_stranger_face.txt'
Creating '/ZPOOL/data/projects/rf1-sra-sharedreward/derivatives/fsl/EVfiles/sub-10748/sharedreward/run-1_computer_non-face.txt'
Creating '/ZPOOL/data/projects/rf1-sra-sharedreward/derivatives/fsl/EVfiles/sub-10748/sharedreward/run-1_event_computer_neutral.txt'
Creating '/ZPOOL/data/projects/rf1-sra-sharedreward/derivatives/fsl/EVfiles/sub-10748/sharedreward/run-1_event_computer_punish.txt'
Creating '/ZPOOL/data/projects/rf1-sra-sharedreward/derivatives/fsl/EVfiles/sub-10748/sharedreward/run-1_event_computer_reward.txt'
Creating '/ZPOOL/data/projects/rf1-sra-sharedreward/derivatives/fsl/EVfiles/sub-10748/sharedreward/run-1_event_friend_neutral.txt'
Creating '/ZPOOL/data/projects/rf1-sra-sharedreward/derivatives/fsl/EVfiles/sub-10748/sharedreward/run-1_event_friend_punish.txt'
Creating '/ZPOOL/data/projects/rf1-sra-sharedreward/derivatives/fsl/EVfiles/sub-10748/sharedreward/run-1_event_friend_reward.txt'
Creating '/ZPOOL/data/projects/rf1-sra-sharedreward/derivatives/fsl/EVfiles/sub-10748/sharedreward/run-1_event_stranger_neutral.txt'
Creating '/ZPOOL/data/projects/rf1-sra-sharedreward/derivatives/fsl/EVfiles/sub-10748/sharedreward/run-1_event_stranger_punish.txt'
Creating '/ZPOOL/data/projects/rf1-sra-sharedreward/derivatives/fsl/EVfiles/sub-10748/sharedreward/run-1_event_stranger_reward.txt'
Creating '/ZPOOL/data/projects/rf1-sra-sharedreward/derivatives/fsl/EVfiles/sub-10748/sharedreward/run-1_friend_face.txt'
Creating '/ZPOOL/data/projects/rf1-sra-sharedreward/derivatives/fsl/EVfiles/sub-10748/sharedreward/run-1_stranger_face.txt'
Creating '/ZPOOL/data/projects/rf1-sra-sharedreward/derivatives/fsl/EVfiles/sub-10748/sharedreward/run-2_computer_non-face.txt'
Creating '/ZPOOL/data/projects/rf1-sra-sharedreward/derivatives/fsl/EVfiles/sub-10748/sharedreward/run-2_event_computer_neutral.txt'
Creating '/ZPOOL/data/projects/rf1-sra-sharedreward/derivatives/fsl/EVfiles/sub-10748/sharedreward/run-2_event_computer_punish.txt'
Creating '/ZPOOL/data/projects/rf1-sra-sharedreward/derivatives/fsl/EVfiles/sub-10748/sharedreward/run-2_event_computer_reward.txt'
Creating '/ZPOOL/data/projects/rf1-sra-sharedreward/derivatives/fsl/EVfiles/sub-10748/sharedreward/run-2_event_friend_neutral.txt'
Creating '/ZPOOL/data/projects/rf1-sra-sharedreward/derivatives/fsl/EVfiles/sub-10748/sharedreward/run-2_event_friend_punish.txt'
Creating '/ZPOOL/data/projects/rf1-sra-sharedreward/derivatives/fsl/EVfiles/sub-10748/sharedreward/run-2_event_friend_reward.txt'
Creating '/ZPOOL/data/projects/rf1-sra-sharedreward/derivatives/fsl/EVfiles/sub-10748/sharedreward/run-2_event_stranger_neutral.txt'
Creating '/ZPOOL/data/projects/rf1-sra-sharedreward/derivatives/fsl/EVfiles/sub-10748/sharedreward/run-2_event_stranger_punish.txt'
Creating '/ZPOOL/data/projects/rf1-sra-sharedreward/derivatives/fsl/EVfiles/sub-10748/sharedreward/run-2_event_stranger_reward.txt'
Creating '/ZPOOL/data/projects/rf1-sra-sharedreward/derivatives/fsl/EVfiles/sub-10748/sharedreward/run-2_friend_face.txt'
Creating '/ZPOOL/data/projects/rf1-sra-sharedreward/derivatives/fsl/EVfiles/sub-10748/sharedreward/run-2_stranger_face.txt'
Creating '/ZPOOL/data/projects/rf1-sra-sharedreward/derivatives/fsl/EVfiles/sub-10767/sharedreward/run-1_computer_non-face.txt'
Creating '/ZPOOL/data/projects/rf1-sra-sharedreward/derivatives/fsl/EVfiles/sub-10767/sharedreward/run-1_event_computer_neutral.txt'
Creating '/ZPOOL/data/projects/rf1-sra-sharedreward/derivatives/fsl/EVfiles/sub-10767/sharedreward/run-1_event_computer_punish.txt'
Creating '/ZPOOL/data/projects/rf1-sra-sharedreward/derivatives/fsl/EVfiles/sub-10767/sharedreward/run-1_event_computer_reward.txt'
Creating '/ZPOOL/data/projects/rf1-sra-sharedreward/derivatives/fsl/EVfiles/sub-10767/sharedreward/run-1_event_friend_neutral.txt'
Creating '/ZPOOL/data/projects/rf1-sra-sharedreward/derivatives/fsl/EVfiles/sub-10767/sharedreward/run-1_event_friend_punish.txt'
Creating '/ZPOOL/data/projects/rf1-sra-sharedreward/derivatives/fsl/EVfiles/sub-10767/sharedreward/run-1_event_friend_reward.txt'
Creating '/ZPOOL/data/projects/rf1-sra-sharedreward/derivatives/fsl/EVfiles/sub-10767/sharedreward/run-1_event_stranger_neutral.txt'
Creating '/ZPOOL/data/projects/rf1-sra-sharedreward/derivatives/fsl/EVfiles/sub-10767/sharedreward/run-1_event_stranger_punish.txt'
Creating '/ZPOOL/data/projects/rf1-sra-sharedreward/derivatives/fsl/EVfiles/sub-10767/sharedreward/run-1_event_stranger_reward.txt'
Creating '/ZPOOL/data/projects/rf1-sra-sharedreward/derivatives/fsl/EVfiles/sub-10767/sharedreward/run-1_friend_face.txt'
Creating '/ZPOOL/data/projects/rf1-sra-sharedreward/derivatives/fsl/EVfiles/sub-10767/sharedreward/run-1_stranger_face.txt'
Creating '/ZPOOL/data/projects/rf1-sra-sharedreward/derivatives/fsl/EVfiles/sub-10767/sharedreward/run-2_computer_non-face.txt'
Creating '/ZPOOL/data/projects/rf1-sra-sharedreward/derivatives/fsl/EVfiles/sub-10767/sharedreward/run-2_event_computer_neutral.txt'
Creating '/ZPOOL/data/projects/rf1-sra-sharedreward/derivatives/fsl/EVfiles/sub-10767/sharedreward/run-2_event_computer_punish.txt'
Creating '/ZPOOL/data/projects/rf1-sra-sharedreward/derivatives/fsl/EVfiles/sub-10767/sharedreward/run-2_event_computer_reward.txt'
Creating '/ZPOOL/data/projects/rf1-sra-sharedreward/derivatives/fsl/EVfiles/sub-10767/sharedreward/run-2_event_friend_neutral.txt'
Creating '/ZPOOL/data/projects/rf1-sra-sharedreward/derivatives/fsl/EVfiles/sub-10767/sharedreward/run-2_event_friend_punish.txt'
Creating '/ZPOOL/data/projects/rf1-sra-sharedreward/derivatives/fsl/EVfiles/sub-10767/sharedreward/run-2_event_friend_reward.txt'
Creating '/ZPOOL/data/projects/rf1-sra-sharedreward/derivatives/fsl/EVfiles/sub-10767/sharedreward/run-2_event_stranger_neutral.txt'
Creating '/ZPOOL/data/projects/rf1-sra-sharedreward/derivatives/fsl/EVfiles/sub-10767/sharedreward/run-2_event_stranger_punish.txt'
Creating '/ZPOOL/data/projects/rf1-sra-sharedreward/derivatives/fsl/EVfiles/sub-10767/sharedreward/run-2_event_stranger_reward.txt'
Creating '/ZPOOL/data/projects/rf1-sra-sharedreward/derivatives/fsl/EVfiles/sub-10767/sharedreward/run-2_friend_face.txt'
Creating '/ZPOOL/data/projects/rf1-sra-sharedreward/derivatives/fsl/EVfiles/sub-10767/sharedreward/run-2_stranger_face.txt'
Creating '/ZPOOL/data/projects/rf1-sra-sharedreward/derivatives/fsl/EVfiles/sub-10770/sharedreward/run-1_computer_non-face.txt'
Creating '/ZPOOL/data/projects/rf1-sra-sharedreward/derivatives/fsl/EVfiles/sub-10770/sharedreward/run-1_event_computer_neutral.txt'
Creating '/ZPOOL/data/projects/rf1-sra-sharedreward/derivatives/fsl/EVfiles/sub-10770/sharedreward/run-1_event_computer_punish.txt'
Creating '/ZPOOL/data/projects/rf1-sra-sharedreward/derivatives/fsl/EVfiles/sub-10770/sharedreward/run-1_event_computer_reward.txt'
Creating '/ZPOOL/data/projects/rf1-sra-sharedreward/derivatives/fsl/EVfiles/sub-10770/sharedreward/run-1_event_friend_neutral.txt'
Creating '/ZPOOL/data/projects/rf1-sra-sharedreward/derivatives/fsl/EVfiles/sub-10770/sharedreward/run-1_event_friend_punish.txt'
Creating '/ZPOOL/data/projects/rf1-sra-sharedreward/derivatives/fsl/EVfiles/sub-10770/sharedreward/run-1_event_friend_reward.txt'
Creating '/ZPOOL/data/projects/rf1-sra-sharedreward/derivatives/fsl/EVfiles/sub-10770/sharedreward/run-1_event_stranger_neutral.txt'
Creating '/ZPOOL/data/projects/rf1-sra-sharedreward/derivatives/fsl/EVfiles/sub-10770/sharedreward/run-1_event_stranger_punish.txt'
Creating '/ZPOOL/data/projects/rf1-sra-sharedreward/derivatives/fsl/EVfiles/sub-10770/sharedreward/run-1_event_stranger_reward.txt'
Creating '/ZPOOL/data/projects/rf1-sra-sharedreward/derivatives/fsl/EVfiles/sub-10770/sharedreward/run-1_friend_face.txt'
Creating '/ZPOOL/data/projects/rf1-sra-sharedreward/derivatives/fsl/EVfiles/sub-10770/sharedreward/run-1_stranger_face.txt'
Creating '/ZPOOL/data/projects/rf1-sra-sharedreward/derivatives/fsl/EVfiles/sub-10770/sharedreward/run-2_computer_non-face.txt'
Creating '/ZPOOL/data/projects/rf1-sra-sharedreward/derivatives/fsl/EVfiles/sub-10770/sharedreward/run-2_event_computer_neutral.txt'
Creating '/ZPOOL/data/projects/rf1-sra-sharedreward/derivatives/fsl/EVfiles/sub-10770/sharedreward/run-2_event_computer_punish.txt'
Creating '/ZPOOL/data/projects/rf1-sra-sharedreward/derivatives/fsl/EVfiles/sub-10770/sharedreward/run-2_event_computer_reward.txt'
Creating '/ZPOOL/data/projects/rf1-sra-sharedreward/derivatives/fsl/EVfiles/sub-10770/sharedreward/run-2_event_friend_neutral.txt'
Creating '/ZPOOL/data/projects/rf1-sra-sharedreward/derivatives/fsl/EVfiles/sub-10770/sharedreward/run-2_event_friend_punish.txt'
Creating '/ZPOOL/data/projects/rf1-sra-sharedreward/derivatives/fsl/EVfiles/sub-10770/sharedreward/run-2_event_friend_reward.txt'
Creating '/ZPOOL/data/projects/rf1-sra-sharedreward/derivatives/fsl/EVfiles/sub-10770/sharedreward/run-2_event_stranger_neutral.txt'
Creating '/ZPOOL/data/projects/rf1-sra-sharedreward/derivatives/fsl/EVfiles/sub-10770/sharedreward/run-2_event_stranger_punish.txt'
Creating '/ZPOOL/data/projects/rf1-sra-sharedreward/derivatives/fsl/EVfiles/sub-10770/sharedreward/run-2_event_stranger_reward.txt'
Creating '/ZPOOL/data/projects/rf1-sra-sharedreward/derivatives/fsl/EVfiles/sub-10770/sharedreward/run-2_friend_face.txt'
Creating '/ZPOOL/data/projects/rf1-sra-sharedreward/derivatives/fsl/EVfiles/sub-10770/sharedreward/run-2_stranger_face.txt'
Creating '/ZPOOL/data/projects/rf1-sra-sharedreward/derivatives/fsl/EVfiles/sub-10774/sharedreward/run-1_computer_non-face.txt'
Creating '/ZPOOL/data/projects/rf1-sra-sharedreward/derivatives/fsl/EVfiles/sub-10774/sharedreward/run-1_event_computer_neutral.txt'
Creating '/ZPOOL/data/projects/rf1-sra-sharedreward/derivatives/fsl/EVfiles/sub-10774/sharedreward/run-1_event_computer_punish.txt'
Creating '/ZPOOL/data/projects/rf1-sra-sharedreward/derivatives/fsl/EVfiles/sub-10774/sharedreward/run-1_event_computer_reward.txt'
Creating '/ZPOOL/data/projects/rf1-sra-sharedreward/derivatives/fsl/EVfiles/sub-10774/sharedreward/run-1_event_friend_neutral.txt'
Creating '/ZPOOL/data/projects/rf1-sra-sharedreward/derivatives/fsl/EVfiles/sub-10774/sharedreward/run-1_event_friend_punish.txt'
Creating '/ZPOOL/data/projects/rf1-sra-sharedreward/derivatives/fsl/EVfiles/sub-10774/sharedreward/run-1_event_friend_reward.txt'
Creating '/ZPOOL/data/projects/rf1-sra-sharedreward/derivatives/fsl/EVfiles/sub-10774/sharedreward/run-1_event_stranger_neutral.txt'
Creating '/ZPOOL/data/projects/rf1-sra-sharedreward/derivatives/fsl/EVfiles/sub-10774/sharedreward/run-1_event_stranger_punish.txt'
Creating '/ZPOOL/data/projects/rf1-sra-sharedreward/derivatives/fsl/EVfiles/sub-10774/sharedreward/run-1_event_stranger_reward.txt'
Creating '/ZPOOL/data/projects/rf1-sra-sharedreward/derivatives/fsl/EVfiles/sub-10774/sharedreward/run-1_friend_face.txt'
Creating '/ZPOOL/data/projects/rf1-sra-sharedreward/derivatives/fsl/EVfiles/sub-10774/sharedreward/run-1_stranger_face.txt'
Creating '/ZPOOL/data/projects/rf1-sra-sharedreward/derivatives/fsl/EVfiles/sub-10774/sharedreward/run-2_computer_non-face.txt'
Creating '/ZPOOL/data/projects/rf1-sra-sharedreward/derivatives/fsl/EVfiles/sub-10774/sharedreward/run-2_event_computer_neutral.txt'
Creating '/ZPOOL/data/projects/rf1-sra-sharedreward/derivatives/fsl/EVfiles/sub-10774/sharedreward/run-2_event_computer_punish.txt'
Creating '/ZPOOL/data/projects/rf1-sra-sharedreward/derivatives/fsl/EVfiles/sub-10774/sharedreward/run-2_event_computer_reward.txt'
Creating '/ZPOOL/data/projects/rf1-sra-sharedreward/derivatives/fsl/EVfiles/sub-10774/sharedreward/run-2_event_friend_neutral.txt'
Creating '/ZPOOL/data/projects/rf1-sra-sharedreward/derivatives/fsl/EVfiles/sub-10774/sharedreward/run-2_event_friend_punish.txt'
Creating '/ZPOOL/data/projects/rf1-sra-sharedreward/derivatives/fsl/EVfiles/sub-10774/sharedreward/run-2_event_friend_reward.txt'
Creating '/ZPOOL/data/projects/rf1-sra-sharedreward/derivatives/fsl/EVfiles/sub-10774/sharedreward/run-2_event_stranger_neutral.txt'
Creating '/ZPOOL/data/projects/rf1-sra-sharedreward/derivatives/fsl/EVfiles/sub-10774/sharedreward/run-2_event_stranger_punish.txt'
Creating '/ZPOOL/data/projects/rf1-sra-sharedreward/derivatives/fsl/EVfiles/sub-10774/sharedreward/run-2_event_stranger_reward.txt'
Creating '/ZPOOL/data/projects/rf1-sra-sharedreward/derivatives/fsl/EVfiles/sub-10774/sharedreward/run-2_friend_face.txt'
Creating '/ZPOOL/data/projects/rf1-sra-sharedreward/derivatives/fsl/EVfiles/sub-10774/sharedreward/run-2_stranger_face.txt'
Creating '/ZPOOL/data/projects/rf1-sra-sharedreward/derivatives/fsl/EVfiles/sub-10777/sharedreward/run-1_computer_non-face.txt'
Creating '/ZPOOL/data/projects/rf1-sra-sharedreward/derivatives/fsl/EVfiles/sub-10777/sharedreward/run-1_event_computer_neutral.txt'
Creating '/ZPOOL/data/projects/rf1-sra-sharedreward/derivatives/fsl/EVfiles/sub-10777/sharedreward/run-1_event_computer_punish.txt'
Creating '/ZPOOL/data/projects/rf1-sra-sharedreward/derivatives/fsl/EVfiles/sub-10777/sharedreward/run-1_event_computer_reward.txt'
Creating '/ZPOOL/data/projects/rf1-sra-sharedreward/derivatives/fsl/EVfiles/sub-10777/sharedreward/run-1_event_friend_neutral.txt'
Creating '/ZPOOL/data/projects/rf1-sra-sharedreward/derivatives/fsl/EVfiles/sub-10777/sharedreward/run-1_event_friend_punish.txt'
Creating '/ZPOOL/data/projects/rf1-sra-sharedreward/derivatives/fsl/EVfiles/sub-10777/sharedreward/run-1_event_friend_reward.txt'
Creating '/ZPOOL/data/projects/rf1-sra-sharedreward/derivatives/fsl/EVfiles/sub-10777/sharedreward/run-1_event_stranger_neutral.txt'
Creating '/ZPOOL/data/projects/rf1-sra-sharedreward/derivatives/fsl/EVfiles/sub-10777/sharedreward/run-1_event_stranger_punish.txt'
Creating '/ZPOOL/data/projects/rf1-sra-sharedreward/derivatives/fsl/EVfiles/sub-10777/sharedreward/run-1_event_stranger_reward.txt'
Creating '/ZPOOL/data/projects/rf1-sra-sharedreward/derivatives/fsl/EVfiles/sub-10777/sharedreward/run-1_friend_face.txt'
Creating '/ZPOOL/data/projects/rf1-sra-sharedreward/derivatives/fsl/EVfiles/sub-10777/sharedreward/run-1_stranger_face.txt'
Creating '/ZPOOL/data/projects/rf1-sra-sharedreward/derivatives/fsl/EVfiles/sub-10777/sharedreward/run-2_computer_non-face.txt'
Creating '/ZPOOL/data/projects/rf1-sra-sharedreward/derivatives/fsl/EVfiles/sub-10777/sharedreward/run-2_event_computer_neutral.txt'
Creating '/ZPOOL/data/projects/rf1-sra-sharedreward/derivatives/fsl/EVfiles/sub-10777/sharedreward/run-2_event_computer_punish.txt'
Creating '/ZPOOL/data/projects/rf1-sra-sharedreward/derivatives/fsl/EVfiles/sub-10777/sharedreward/run-2_event_computer_reward.txt'
Creating '/ZPOOL/data/projects/rf1-sra-sharedreward/derivatives/fsl/EVfiles/sub-10777/sharedreward/run-2_event_friend_neutral.txt'
Creating '/ZPOOL/data/projects/rf1-sra-sharedreward/derivatives/fsl/EVfiles/sub-10777/sharedreward/run-2_event_friend_punish.txt'
Creating '/ZPOOL/data/projects/rf1-sra-sharedreward/derivatives/fsl/EVfiles/sub-10777/sharedreward/run-2_event_friend_reward.txt'
Creating '/ZPOOL/data/projects/rf1-sra-sharedreward/derivatives/fsl/EVfiles/sub-10777/sharedreward/run-2_event_stranger_neutral.txt'
Creating '/ZPOOL/data/projects/rf1-sra-sharedreward/derivatives/fsl/EVfiles/sub-10777/sharedreward/run-2_event_stranger_punish.txt'
Creating '/ZPOOL/data/projects/rf1-sra-sharedreward/derivatives/fsl/EVfiles/sub-10777/sharedreward/run-2_event_stranger_reward.txt'
Creating '/ZPOOL/data/projects/rf1-sra-sharedreward/derivatives/fsl/EVfiles/sub-10777/sharedreward/run-2_friend_face.txt'
Creating '/ZPOOL/data/projects/rf1-sra-sharedreward/derivatives/fsl/EVfiles/sub-10777/sharedreward/run-2_stranger_face.txt'
Creating '/ZPOOL/data/projects/rf1-sra-sharedreward/derivatives/fsl/EVfiles/sub-10781/sharedreward/run-1_computer_non-face.txt'
Creating '/ZPOOL/data/projects/rf1-sra-sharedreward/derivatives/fsl/EVfiles/sub-10781/sharedreward/run-1_event_computer_neutral.txt'
Creating '/ZPOOL/data/projects/rf1-sra-sharedreward/derivatives/fsl/EVfiles/sub-10781/sharedreward/run-1_event_computer_punish.txt'
Creating '/ZPOOL/data/projects/rf1-sra-sharedreward/derivatives/fsl/EVfiles/sub-10781/sharedreward/run-1_event_computer_reward.txt'
Creating '/ZPOOL/data/projects/rf1-sra-sharedreward/derivatives/fsl/EVfiles/sub-10781/sharedreward/run-1_event_friend_neutral.txt'
Creating '/ZPOOL/data/projects/rf1-sra-sharedreward/derivatives/fsl/EVfiles/sub-10781/sharedreward/run-1_event_friend_punish.txt'
Creating '/ZPOOL/data/projects/rf1-sra-sharedreward/derivatives/fsl/EVfiles/sub-10781/sharedreward/run-1_event_friend_reward.txt'
Creating '/ZPOOL/data/projects/rf1-sra-sharedreward/derivatives/fsl/EVfiles/sub-10781/sharedreward/run-1_event_stranger_neutral.txt'
Creating '/ZPOOL/data/projects/rf1-sra-sharedreward/derivatives/fsl/EVfiles/sub-10781/sharedreward/run-1_event_stranger_punish.txt'
Creating '/ZPOOL/data/projects/rf1-sra-sharedreward/derivatives/fsl/EVfiles/sub-10781/sharedreward/run-1_event_stranger_reward.txt'
Creating '/ZPOOL/data/projects/rf1-sra-sharedreward/derivatives/fsl/EVfiles/sub-10781/sharedreward/run-1_friend_face.txt'
Creating '/ZPOOL/data/projects/rf1-sra-sharedreward/derivatives/fsl/EVfiles/sub-10781/sharedreward/run-1_stranger_face.txt'
Creating '/ZPOOL/data/projects/rf1-sra-sharedreward/derivatives/fsl/EVfiles/sub-10781/sharedreward/run-2_computer_non-face.txt'
Creating '/ZPOOL/data/projects/rf1-sra-sharedreward/derivatives/fsl/EVfiles/sub-10781/sharedreward/run-2_event_computer_neutral.txt'
Creating '/ZPOOL/data/projects/rf1-sra-sharedreward/derivatives/fsl/EVfiles/sub-10781/sharedreward/run-2_event_computer_punish.txt'
Creating '/ZPOOL/data/projects/rf1-sra-sharedreward/derivatives/fsl/EVfiles/sub-10781/sharedreward/run-2_event_computer_reward.txt'
Creating '/ZPOOL/data/projects/rf1-sra-sharedreward/derivatives/fsl/EVfiles/sub-10781/sharedreward/run-2_event_friend_neutral.txt'
Creating '/ZPOOL/data/projects/rf1-sra-sharedreward/derivatives/fsl/EVfiles/sub-10781/sharedreward/run-2_event_friend_punish.txt'
Creating '/ZPOOL/data/projects/rf1-sra-sharedreward/derivatives/fsl/EVfiles/sub-10781/sharedreward/run-2_event_friend_reward.txt'
Creating '/ZPOOL/data/projects/rf1-sra-sharedreward/derivatives/fsl/EVfiles/sub-10781/sharedreward/run-2_event_stranger_neutral.txt'
Creating '/ZPOOL/data/projects/rf1-sra-sharedreward/derivatives/fsl/EVfiles/sub-10781/sharedreward/run-2_event_stranger_punish.txt'
Creating '/ZPOOL/data/projects/rf1-sra-sharedreward/derivatives/fsl/EVfiles/sub-10781/sharedreward/run-2_event_stranger_reward.txt'
Creating '/ZPOOL/data/projects/rf1-sra-sharedreward/derivatives/fsl/EVfiles/sub-10781/sharedreward/run-2_friend_face.txt'
Creating '/ZPOOL/data/projects/rf1-sra-sharedreward/derivatives/fsl/EVfiles/sub-10781/sharedreward/run-2_stranger_face.txt'
Creating '/ZPOOL/data/projects/rf1-sra-sharedreward/derivatives/fsl/EVfiles/sub-10783/sharedreward/run-1_computer_non-face.txt'
Creating '/ZPOOL/data/projects/rf1-sra-sharedreward/derivatives/fsl/EVfiles/sub-10783/sharedreward/run-1_event_computer_neutral.txt'
Creating '/ZPOOL/data/projects/rf1-sra-sharedreward/derivatives/fsl/EVfiles/sub-10783/sharedreward/run-1_event_computer_punish.txt'
Creating '/ZPOOL/data/projects/rf1-sra-sharedreward/derivatives/fsl/EVfiles/sub-10783/sharedreward/run-1_event_computer_reward.txt'
Creating '/ZPOOL/data/projects/rf1-sra-sharedreward/derivatives/fsl/EVfiles/sub-10783/sharedreward/run-1_event_friend_neutral.txt'
Creating '/ZPOOL/data/projects/rf1-sra-sharedreward/derivatives/fsl/EVfiles/sub-10783/sharedreward/run-1_event_friend_punish.txt'
Creating '/ZPOOL/data/projects/rf1-sra-sharedreward/derivatives/fsl/EVfiles/sub-10783/sharedreward/run-1_event_friend_reward.txt'
Creating '/ZPOOL/data/projects/rf1-sra-sharedreward/derivatives/fsl/EVfiles/sub-10783/sharedreward/run-1_event_stranger_neutral.txt'
Creating '/ZPOOL/data/projects/rf1-sra-sharedreward/derivatives/fsl/EVfiles/sub-10783/sharedreward/run-1_event_stranger_punish.txt'
Creating '/ZPOOL/data/projects/rf1-sra-sharedreward/derivatives/fsl/EVfiles/sub-10783/sharedreward/run-1_event_stranger_reward.txt'
Creating '/ZPOOL/data/projects/rf1-sra-sharedreward/derivatives/fsl/EVfiles/sub-10783/sharedreward/run-1_friend_face.txt'
Creating '/ZPOOL/data/projects/rf1-sra-sharedreward/derivatives/fsl/EVfiles/sub-10783/sharedreward/run-1_stranger_face.txt'
Creating '/ZPOOL/data/projects/rf1-sra-sharedreward/derivatives/fsl/EVfiles/sub-10783/sharedreward/run-2_computer_non-face.txt'
Creating '/ZPOOL/data/projects/rf1-sra-sharedreward/derivatives/fsl/EVfiles/sub-10783/sharedreward/run-2_event_computer_neutral.txt'
Creating '/ZPOOL/data/projects/rf1-sra-sharedreward/derivatives/fsl/EVfiles/sub-10783/sharedreward/run-2_event_computer_punish.txt'
Creating '/ZPOOL/data/projects/rf1-sra-sharedreward/derivatives/fsl/EVfiles/sub-10783/sharedreward/run-2_event_computer_reward.txt'
Creating '/ZPOOL/data/projects/rf1-sra-sharedreward/derivatives/fsl/EVfiles/sub-10783/sharedreward/run-2_event_friend_neutral.txt'
Creating '/ZPOOL/data/projects/rf1-sra-sharedreward/derivatives/fsl/EVfiles/sub-10783/sharedreward/run-2_event_friend_punish.txt'
Creating '/ZPOOL/data/projects/rf1-sra-sharedreward/derivatives/fsl/EVfiles/sub-10783/sharedreward/run-2_event_friend_reward.txt'
Creating '/ZPOOL/data/projects/rf1-sra-sharedreward/derivatives/fsl/EVfiles/sub-10783/sharedreward/run-2_event_stranger_neutral.txt'
Creating '/ZPOOL/data/projects/rf1-sra-sharedreward/derivatives/fsl/EVfiles/sub-10783/sharedreward/run-2_event_stranger_punish.txt'
Creating '/ZPOOL/data/projects/rf1-sra-sharedreward/derivatives/fsl/EVfiles/sub-10783/sharedreward/run-2_event_stranger_reward.txt'
Creating '/ZPOOL/data/projects/rf1-sra-sharedreward/derivatives/fsl/EVfiles/sub-10783/sharedreward/run-2_friend_face.txt'
Creating '/ZPOOL/data/projects/rf1-sra-sharedreward/derivatives/fsl/EVfiles/sub-10783/sharedreward/run-2_stranger_face.txt'
Creating '/ZPOOL/data/projects/rf1-sra-sharedreward/derivatives/fsl/EVfiles/sub-10785/sharedreward/run-1_computer_non-face.txt'
Creating '/ZPOOL/data/projects/rf1-sra-sharedreward/derivatives/fsl/EVfiles/sub-10785/sharedreward/run-1_event_computer_neutral.txt'
Creating '/ZPOOL/data/projects/rf1-sra-sharedreward/derivatives/fsl/EVfiles/sub-10785/sharedreward/run-1_event_computer_punish.txt'
Creating '/ZPOOL/data/projects/rf1-sra-sharedreward/derivatives/fsl/EVfiles/sub-10785/sharedreward/run-1_event_computer_reward.txt'
Creating '/ZPOOL/data/projects/rf1-sra-sharedreward/derivatives/fsl/EVfiles/sub-10785/sharedreward/run-1_event_friend_neutral.txt'
Creating '/ZPOOL/data/projects/rf1-sra-sharedreward/derivatives/fsl/EVfiles/sub-10785/sharedreward/run-1_event_friend_punish.txt'
Creating '/ZPOOL/data/projects/rf1-sra-sharedreward/derivatives/fsl/EVfiles/sub-10785/sharedreward/run-1_event_friend_reward.txt'
Creating '/ZPOOL/data/projects/rf1-sra-sharedreward/derivatives/fsl/EVfiles/sub-10785/sharedreward/run-1_event_stranger_neutral.txt'
Creating '/ZPOOL/data/projects/rf1-sra-sharedreward/derivatives/fsl/EVfiles/sub-10785/sharedreward/run-1_event_stranger_punish.txt'
Creating '/ZPOOL/data/projects/rf1-sra-sharedreward/derivatives/fsl/EVfiles/sub-10785/sharedreward/run-1_event_stranger_reward.txt'
Creating '/ZPOOL/data/projects/rf1-sra-sharedreward/derivatives/fsl/EVfiles/sub-10785/sharedreward/run-1_friend_face.txt'
Creating '/ZPOOL/data/projects/rf1-sra-sharedreward/derivatives/fsl/EVfiles/sub-10785/sharedreward/run-1_stranger_face.txt'
Creating '/ZPOOL/data/projects/rf1-sra-sharedreward/derivatives/fsl/EVfiles/sub-10785/sharedreward/run-2_computer_non-face.txt'
Creating '/ZPOOL/data/projects/rf1-sra-sharedreward/derivatives/fsl/EVfiles/sub-10785/sharedreward/run-2_event_computer_neutral.txt'
Creating '/ZPOOL/data/projects/rf1-sra-sharedreward/derivatives/fsl/EVfiles/sub-10785/sharedreward/run-2_event_computer_punish.txt'
Creating '/ZPOOL/data/projects/rf1-sra-sharedreward/derivatives/fsl/EVfiles/sub-10785/sharedreward/run-2_event_computer_reward.txt'
Creating '/ZPOOL/data/projects/rf1-sra-sharedreward/derivatives/fsl/EVfiles/sub-10785/sharedreward/run-2_event_friend_neutral.txt'
Creating '/ZPOOL/data/projects/rf1-sra-sharedreward/derivatives/fsl/EVfiles/sub-10785/sharedreward/run-2_event_friend_punish.txt'
Creating '/ZPOOL/data/projects/rf1-sra-sharedreward/derivatives/fsl/EVfiles/sub-10785/sharedreward/run-2_event_friend_reward.txt'
Creating '/ZPOOL/data/projects/rf1-sra-sharedreward/derivatives/fsl/EVfiles/sub-10785/sharedreward/run-2_event_stranger_neutral.txt'
Creating '/ZPOOL/data/projects/rf1-sra-sharedreward/derivatives/fsl/EVfiles/sub-10785/sharedreward/run-2_event_stranger_punish.txt'
Creating '/ZPOOL/data/projects/rf1-sra-sharedreward/derivatives/fsl/EVfiles/sub-10785/sharedreward/run-2_event_stranger_reward.txt'
Creating '/ZPOOL/data/projects/rf1-sra-sharedreward/derivatives/fsl/EVfiles/sub-10785/sharedreward/run-2_friend_face.txt'
Creating '/ZPOOL/data/projects/rf1-sra-sharedreward/derivatives/fsl/EVfiles/sub-10785/sharedreward/run-2_stranger_face.txt'
Creating '/ZPOOL/data/projects/rf1-sra-sharedreward/derivatives/fsl/EVfiles/sub-10794/sharedreward/run-1_computer_non-face.txt'
Creating '/ZPOOL/data/projects/rf1-sra-sharedreward/derivatives/fsl/EVfiles/sub-10794/sharedreward/run-1_event_computer_neutral.txt'
Creating '/ZPOOL/data/projects/rf1-sra-sharedreward/derivatives/fsl/EVfiles/sub-10794/sharedreward/run-1_event_computer_punish.txt'
Creating '/ZPOOL/data/projects/rf1-sra-sharedreward/derivatives/fsl/EVfiles/sub-10794/sharedreward/run-1_event_computer_reward.txt'
Creating '/ZPOOL/data/projects/rf1-sra-sharedreward/derivatives/fsl/EVfiles/sub-10794/sharedreward/run-1_event_friend_neutral.txt'
Creating '/ZPOOL/data/projects/rf1-sra-sharedreward/derivatives/fsl/EVfiles/sub-10794/sharedreward/run-1_event_friend_punish.txt'
Creating '/ZPOOL/data/projects/rf1-sra-sharedreward/derivatives/fsl/EVfiles/sub-10794/sharedreward/run-1_event_friend_reward.txt'
Creating '/ZPOOL/data/projects/rf1-sra-sharedreward/derivatives/fsl/EVfiles/sub-10794/sharedreward/run-1_event_stranger_neutral.txt'
Creating '/ZPOOL/data/projects/rf1-sra-sharedreward/derivatives/fsl/EVfiles/sub-10794/sharedreward/run-1_event_stranger_punish.txt'
Creating '/ZPOOL/data/projects/rf1-sra-sharedreward/derivatives/fsl/EVfiles/sub-10794/sharedreward/run-1_event_stranger_reward.txt'
Creating '/ZPOOL/data/projects/rf1-sra-sharedreward/derivatives/fsl/EVfiles/sub-10794/sharedreward/run-1_friend_face.txt'
Creating '/ZPOOL/data/projects/rf1-sra-sharedreward/derivatives/fsl/EVfiles/sub-10794/sharedreward/run-1_stranger_face.txt'
Creating '/ZPOOL/data/projects/rf1-sra-sharedreward/derivatives/fsl/EVfiles/sub-10794/sharedreward/run-2_computer_non-face.txt'
Creating '/ZPOOL/data/projects/rf1-sra-sharedreward/derivatives/fsl/EVfiles/sub-10794/sharedreward/run-2_event_computer_neutral.txt'
Creating '/ZPOOL/data/projects/rf1-sra-sharedreward/derivatives/fsl/EVfiles/sub-10794/sharedreward/run-2_event_computer_punish.txt'
Creating '/ZPOOL/data/projects/rf1-sra-sharedreward/derivatives/fsl/EVfiles/sub-10794/sharedreward/run-2_event_computer_reward.txt'
Creating '/ZPOOL/data/projects/rf1-sra-sharedreward/derivatives/fsl/EVfiles/sub-10794/sharedreward/run-2_event_friend_neutral.txt'
Creating '/ZPOOL/data/projects/rf1-sra-sharedreward/derivatives/fsl/EVfiles/sub-10794/sharedreward/run-2_event_friend_punish.txt'
Creating '/ZPOOL/data/projects/rf1-sra-sharedreward/derivatives/fsl/EVfiles/sub-10794/sharedreward/run-2_event_friend_reward.txt'
Creating '/ZPOOL/data/projects/rf1-sra-sharedreward/derivatives/fsl/EVfiles/sub-10794/sharedreward/run-2_event_stranger_neutral.txt'
Creating '/ZPOOL/data/projects/rf1-sra-sharedreward/derivatives/fsl/EVfiles/sub-10794/sharedreward/run-2_event_stranger_punish.txt'
Creating '/ZPOOL/data/projects/rf1-sra-sharedreward/derivatives/fsl/EVfiles/sub-10794/sharedreward/run-2_event_stranger_reward.txt'
Creating '/ZPOOL/data/projects/rf1-sra-sharedreward/derivatives/fsl/EVfiles/sub-10794/sharedreward/run-2_friend_face.txt'
Creating '/ZPOOL/data/projects/rf1-sra-sharedreward/derivatives/fsl/EVfiles/sub-10794/sharedreward/run-2_stranger_face.txt'
Creating '/ZPOOL/data/projects/rf1-sra-sharedreward/derivatives/fsl/EVfiles/sub-10800/sharedreward/run-1_computer_non-face.txt'
Creating '/ZPOOL/data/projects/rf1-sra-sharedreward/derivatives/fsl/EVfiles/sub-10800/sharedreward/run-1_event_computer_neutral.txt'
Creating '/ZPOOL/data/projects/rf1-sra-sharedreward/derivatives/fsl/EVfiles/sub-10800/sharedreward/run-1_event_computer_punish.txt'
Creating '/ZPOOL/data/projects/rf1-sra-sharedreward/derivatives/fsl/EVfiles/sub-10800/sharedreward/run-1_event_computer_reward.txt'
Creating '/ZPOOL/data/projects/rf1-sra-sharedreward/derivatives/fsl/EVfiles/sub-10800/sharedreward/run-1_event_friend_neutral.txt'
Creating '/ZPOOL/data/projects/rf1-sra-sharedreward/derivatives/fsl/EVfiles/sub-10800/sharedreward/run-1_event_friend_punish.txt'
Creating '/ZPOOL/data/projects/rf1-sra-sharedreward/derivatives/fsl/EVfiles/sub-10800/sharedreward/run-1_event_friend_reward.txt'
Creating '/ZPOOL/data/projects/rf1-sra-sharedreward/derivatives/fsl/EVfiles/sub-10800/sharedreward/run-1_event_stranger_neutral.txt'
Creating '/ZPOOL/data/projects/rf1-sra-sharedreward/derivatives/fsl/EVfiles/sub-10800/sharedreward/run-1_event_stranger_punish.txt'
Creating '/ZPOOL/data/projects/rf1-sra-sharedreward/derivatives/fsl/EVfiles/sub-10800/sharedreward/run-1_event_stranger_reward.txt'
Creating '/ZPOOL/data/projects/rf1-sra-sharedreward/derivatives/fsl/EVfiles/sub-10800/sharedreward/run-1_friend_face.txt'
Creating '/ZPOOL/data/projects/rf1-sra-sharedreward/derivatives/fsl/EVfiles/sub-10800/sharedreward/run-1_stranger_face.txt'
Creating '/ZPOOL/data/projects/rf1-sra-sharedreward/derivatives/fsl/EVfiles/sub-10800/sharedreward/run-2_computer_non-face.txt'
Creating '/ZPOOL/data/projects/rf1-sra-sharedreward/derivatives/fsl/EVfiles/sub-10800/sharedreward/run-2_event_computer_neutral.txt'
Creating '/ZPOOL/data/projects/rf1-sra-sharedreward/derivatives/fsl/EVfiles/sub-10800/sharedreward/run-2_event_computer_punish.txt'
Creating '/ZPOOL/data/projects/rf1-sra-sharedreward/derivatives/fsl/EVfiles/sub-10800/sharedreward/run-2_event_computer_reward.txt'
Creating '/ZPOOL/data/projects/rf1-sra-sharedreward/derivatives/fsl/EVfiles/sub-10800/sharedreward/run-2_event_friend_neutral.txt'
Creating '/ZPOOL/data/projects/rf1-sra-sharedreward/derivatives/fsl/EVfiles/sub-10800/sharedreward/run-2_event_friend_punish.txt'
Creating '/ZPOOL/data/projects/rf1-sra-sharedreward/derivatives/fsl/EVfiles/sub-10800/sharedreward/run-2_event_friend_reward.txt'
Creating '/ZPOOL/data/projects/rf1-sra-sharedreward/derivatives/fsl/EVfiles/sub-10800/sharedreward/run-2_event_stranger_neutral.txt'
Creating '/ZPOOL/data/projects/rf1-sra-sharedreward/derivatives/fsl/EVfiles/sub-10800/sharedreward/run-2_event_stranger_punish.txt'
Creating '/ZPOOL/data/projects/rf1-sra-sharedreward/derivatives/fsl/EVfiles/sub-10800/sharedreward/run-2_event_stranger_reward.txt'
Creating '/ZPOOL/data/projects/rf1-sra-sharedreward/derivatives/fsl/EVfiles/sub-10800/sharedreward/run-2_friend_face.txt'
Creating '/ZPOOL/data/projects/rf1-sra-sharedreward/derivatives/fsl/EVfiles/sub-10800/sharedreward/run-2_stranger_face.txt'
Creating '/ZPOOL/data/projects/rf1-sra-sharedreward/derivatives/fsl/EVfiles/sub-10801/sharedreward/run-1_computer_non-face.txt'
Creating '/ZPOOL/data/projects/rf1-sra-sharedreward/derivatives/fsl/EVfiles/sub-10801/sharedreward/run-1_event_computer_neutral.txt'
Creating '/ZPOOL/data/projects/rf1-sra-sharedreward/derivatives/fsl/EVfiles/sub-10801/sharedreward/run-1_event_computer_punish.txt'
Creating '/ZPOOL/data/projects/rf1-sra-sharedreward/derivatives/fsl/EVfiles/sub-10801/sharedreward/run-1_event_computer_reward.txt'
Creating '/ZPOOL/data/projects/rf1-sra-sharedreward/derivatives/fsl/EVfiles/sub-10801/sharedreward/run-1_event_friend_neutral.txt'
Creating '/ZPOOL/data/projects/rf1-sra-sharedreward/derivatives/fsl/EVfiles/sub-10801/sharedreward/run-1_event_friend_punish.txt'
Creating '/ZPOOL/data/projects/rf1-sra-sharedreward/derivatives/fsl/EVfiles/sub-10801/sharedreward/run-1_event_friend_reward.txt'
Creating '/ZPOOL/data/projects/rf1-sra-sharedreward/derivatives/fsl/EVfiles/sub-10801/sharedreward/run-1_event_stranger_neutral.txt'
Creating '/ZPOOL/data/projects/rf1-sra-sharedreward/derivatives/fsl/EVfiles/sub-10801/sharedreward/run-1_event_stranger_punish.txt'
Creating '/ZPOOL/data/projects/rf1-sra-sharedreward/derivatives/fsl/EVfiles/sub-10801/sharedreward/run-1_event_stranger_reward.txt'
Creating '/ZPOOL/data/projects/rf1-sra-sharedreward/derivatives/fsl/EVfiles/sub-10801/sharedreward/run-1_friend_face.txt'
Creating '/ZPOOL/data/projects/rf1-sra-sharedreward/derivatives/fsl/EVfiles/sub-10801/sharedreward/run-1_stranger_face.txt'
Creating '/ZPOOL/data/projects/rf1-sra-sharedreward/derivatives/fsl/EVfiles/sub-10801/sharedreward/run-2_computer_non-face.txt'
Creating '/ZPOOL/data/projects/rf1-sra-sharedreward/derivatives/fsl/EVfiles/sub-10801/sharedreward/run-2_event_computer_neutral.txt'
Creating '/ZPOOL/data/projects/rf1-sra-sharedreward/derivatives/fsl/EVfiles/sub-10801/sharedreward/run-2_event_computer_punish.txt'
Creating '/ZPOOL/data/projects/rf1-sra-sharedreward/derivatives/fsl/EVfiles/sub-10801/sharedreward/run-2_event_computer_reward.txt'
Creating '/ZPOOL/data/projects/rf1-sra-sharedreward/derivatives/fsl/EVfiles/sub-10801/sharedreward/run-2_event_friend_neutral.txt'
Creating '/ZPOOL/data/projects/rf1-sra-sharedreward/derivatives/fsl/EVfiles/sub-10801/sharedreward/run-2_event_friend_punish.txt'
Creating '/ZPOOL/data/projects/rf1-sra-sharedreward/derivatives/fsl/EVfiles/sub-10801/sharedreward/run-2_event_friend_reward.txt'
Creating '/ZPOOL/data/projects/rf1-sra-sharedreward/derivatives/fsl/EVfiles/sub-10801/sharedreward/run-2_event_stranger_neutral.txt'
Creating '/ZPOOL/data/projects/rf1-sra-sharedreward/derivatives/fsl/EVfiles/sub-10801/sharedreward/run-2_event_stranger_punish.txt'
Creating '/ZPOOL/data/projects/rf1-sra-sharedreward/derivatives/fsl/EVfiles/sub-10801/sharedreward/run-2_event_stranger_reward.txt'
Creating '/ZPOOL/data/projects/rf1-sra-sharedreward/derivatives/fsl/EVfiles/sub-10801/sharedreward/run-2_friend_face.txt'
Creating '/ZPOOL/data/projects/rf1-sra-sharedreward/derivatives/fsl/EVfiles/sub-10801/sharedreward/run-2_stranger_face.txt'
Creating '/ZPOOL/data/projects/rf1-sra-sharedreward/derivatives/fsl/EVfiles/sub-10802/sharedreward/run-1_computer_non-face.txt'
Creating '/ZPOOL/data/projects/rf1-sra-sharedreward/derivatives/fsl/EVfiles/sub-10802/sharedreward/run-1_event_computer_neutral.txt'
Creating '/ZPOOL/data/projects/rf1-sra-sharedreward/derivatives/fsl/EVfiles/sub-10802/sharedreward/run-1_event_computer_punish.txt'
Creating '/ZPOOL/data/projects/rf1-sra-sharedreward/derivatives/fsl/EVfiles/sub-10802/sharedreward/run-1_event_computer_reward.txt'
Creating '/ZPOOL/data/projects/rf1-sra-sharedreward/derivatives/fsl/EVfiles/sub-10802/sharedreward/run-1_event_friend_neutral.txt'
Creating '/ZPOOL/data/projects/rf1-sra-sharedreward/derivatives/fsl/EVfiles/sub-10802/sharedreward/run-1_event_friend_punish.txt'
Creating '/ZPOOL/data/projects/rf1-sra-sharedreward/derivatives/fsl/EVfiles/sub-10802/sharedreward/run-1_event_friend_reward.txt'
Creating '/ZPOOL/data/projects/rf1-sra-sharedreward/derivatives/fsl/EVfiles/sub-10802/sharedreward/run-1_event_stranger_neutral.txt'
Creating '/ZPOOL/data/projects/rf1-sra-sharedreward/derivatives/fsl/EVfiles/sub-10802/sharedreward/run-1_event_stranger_punish.txt'
Creating '/ZPOOL/data/projects/rf1-sra-sharedreward/derivatives/fsl/EVfiles/sub-10802/sharedreward/run-1_event_stranger_reward.txt'
Creating '/ZPOOL/data/projects/rf1-sra-sharedreward/derivatives/fsl/EVfiles/sub-10802/sharedreward/run-1_friend_face.txt'
Creating '/ZPOOL/data/projects/rf1-sra-sharedreward/derivatives/fsl/EVfiles/sub-10802/sharedreward/run-1_stranger_face.txt'
Creating '/ZPOOL/data/projects/rf1-sra-sharedreward/derivatives/fsl/EVfiles/sub-10802/sharedreward/run-2_computer_non-face.txt'
Creating '/ZPOOL/data/projects/rf1-sra-sharedreward/derivatives/fsl/EVfiles/sub-10802/sharedreward/run-2_event_computer_neutral.txt'
Creating '/ZPOOL/data/projects/rf1-sra-sharedreward/derivatives/fsl/EVfiles/sub-10802/sharedreward/run-2_event_computer_punish.txt'
Creating '/ZPOOL/data/projects/rf1-sra-sharedreward/derivatives/fsl/EVfiles/sub-10802/sharedreward/run-2_event_computer_reward.txt'
Creating '/ZPOOL/data/projects/rf1-sra-sharedreward/derivatives/fsl/EVfiles/sub-10802/sharedreward/run-2_event_friend_neutral.txt'
Creating '/ZPOOL/data/projects/rf1-sra-sharedreward/derivatives/fsl/EVfiles/sub-10802/sharedreward/run-2_event_friend_punish.txt'
Creating '/ZPOOL/data/projects/rf1-sra-sharedreward/derivatives/fsl/EVfiles/sub-10802/sharedreward/run-2_event_friend_reward.txt'
Creating '/ZPOOL/data/projects/rf1-sra-sharedreward/derivatives/fsl/EVfiles/sub-10802/sharedreward/run-2_event_stranger_neutral.txt'
Creating '/ZPOOL/data/projects/rf1-sra-sharedreward/derivatives/fsl/EVfiles/sub-10802/sharedreward/run-2_event_stranger_punish.txt'
Creating '/ZPOOL/data/projects/rf1-sra-sharedreward/derivatives/fsl/EVfiles/sub-10802/sharedreward/run-2_event_stranger_reward.txt'
Creating '/ZPOOL/data/projects/rf1-sra-sharedreward/derivatives/fsl/EVfiles/sub-10802/sharedreward/run-2_friend_face.txt'
Creating '/ZPOOL/data/projects/rf1-sra-sharedreward/derivatives/fsl/EVfiles/sub-10802/sharedreward/run-2_stranger_face.txt'
Creating '/ZPOOL/data/projects/rf1-sra-sharedreward/derivatives/fsl/EVfiles/sub-10803/sharedreward/run-1_computer_non-face.txt'
Creating '/ZPOOL/data/projects/rf1-sra-sharedreward/derivatives/fsl/EVfiles/sub-10803/sharedreward/run-1_event_computer_neutral.txt'
Creating '/ZPOOL/data/projects/rf1-sra-sharedreward/derivatives/fsl/EVfiles/sub-10803/sharedreward/run-1_event_computer_punish.txt'
Creating '/ZPOOL/data/projects/rf1-sra-sharedreward/derivatives/fsl/EVfiles/sub-10803/sharedreward/run-1_event_computer_reward.txt'
Creating '/ZPOOL/data/projects/rf1-sra-sharedreward/derivatives/fsl/EVfiles/sub-10803/sharedreward/run-1_event_friend_neutral.txt'
Creating '/ZPOOL/data/projects/rf1-sra-sharedreward/derivatives/fsl/EVfiles/sub-10803/sharedreward/run-1_event_friend_punish.txt'
Creating '/ZPOOL/data/projects/rf1-sra-sharedreward/derivatives/fsl/EVfiles/sub-10803/sharedreward/run-1_event_friend_reward.txt'
Creating '/ZPOOL/data/projects/rf1-sra-sharedreward/derivatives/fsl/EVfiles/sub-10803/sharedreward/run-1_event_stranger_neutral.txt'
Creating '/ZPOOL/data/projects/rf1-sra-sharedreward/derivatives/fsl/EVfiles/sub-10803/sharedreward/run-1_event_stranger_punish.txt'
Creating '/ZPOOL/data/projects/rf1-sra-sharedreward/derivatives/fsl/EVfiles/sub-10803/sharedreward/run-1_event_stranger_reward.txt'
Creating '/ZPOOL/data/projects/rf1-sra-sharedreward/derivatives/fsl/EVfiles/sub-10803/sharedreward/run-1_friend_face.txt'
Creating '/ZPOOL/data/projects/rf1-sra-sharedreward/derivatives/fsl/EVfiles/sub-10803/sharedreward/run-1_stranger_face.txt'
PATH ERROR: cannot locate /ZPOOL/data/projects/rf1-sra-data/bids/sub-10803/func/sub-10803_task-sharedreward_run-2_events.tsv.
Creating '/ZPOOL/data/projects/rf1-sra-sharedreward/derivatives/fsl/EVfiles/sub-10804/sharedreward/run-1_computer_non-face.txt'
Creating '/ZPOOL/data/projects/rf1-sra-sharedreward/derivatives/fsl/EVfiles/sub-10804/sharedreward/run-1_event_computer_neutral.txt'
Creating '/ZPOOL/data/projects/rf1-sra-sharedreward/derivatives/fsl/EVfiles/sub-10804/sharedreward/run-1_event_computer_punish.txt'
Creating '/ZPOOL/data/projects/rf1-sra-sharedreward/derivatives/fsl/EVfiles/sub-10804/sharedreward/run-1_event_computer_reward.txt'
Creating '/ZPOOL/data/projects/rf1-sra-sharedreward/derivatives/fsl/EVfiles/sub-10804/sharedreward/run-1_event_friend_neutral.txt'
Creating '/ZPOOL/data/projects/rf1-sra-sharedreward/derivatives/fsl/EVfiles/sub-10804/sharedreward/run-1_event_friend_punish.txt'
Creating '/ZPOOL/data/projects/rf1-sra-sharedreward/derivatives/fsl/EVfiles/sub-10804/sharedreward/run-1_event_friend_reward.txt'
Creating '/ZPOOL/data/projects/rf1-sra-sharedreward/derivatives/fsl/EVfiles/sub-10804/sharedreward/run-1_event_stranger_neutral.txt'
Creating '/ZPOOL/data/projects/rf1-sra-sharedreward/derivatives/fsl/EVfiles/sub-10804/sharedreward/run-1_event_stranger_punish.txt'
Creating '/ZPOOL/data/projects/rf1-sra-sharedreward/derivatives/fsl/EVfiles/sub-10804/sharedreward/run-1_event_stranger_reward.txt'
Creating '/ZPOOL/data/projects/rf1-sra-sharedreward/derivatives/fsl/EVfiles/sub-10804/sharedreward/run-1_friend_face.txt'
Creating '/ZPOOL/data/projects/rf1-sra-sharedreward/derivatives/fsl/EVfiles/sub-10804/sharedreward/run-1_stranger_face.txt'
Creating '/ZPOOL/data/projects/rf1-sra-sharedreward/derivatives/fsl/EVfiles/sub-10804/sharedreward/run-2_computer_non-face.txt'
Creating '/ZPOOL/data/projects/rf1-sra-sharedreward/derivatives/fsl/EVfiles/sub-10804/sharedreward/run-2_event_computer_neutral.txt'
Creating '/ZPOOL/data/projects/rf1-sra-sharedreward/derivatives/fsl/EVfiles/sub-10804/sharedreward/run-2_event_computer_punish.txt'
Creating '/ZPOOL/data/projects/rf1-sra-sharedreward/derivatives/fsl/EVfiles/sub-10804/sharedreward/run-2_event_computer_reward.txt'
Creating '/ZPOOL/data/projects/rf1-sra-sharedreward/derivatives/fsl/EVfiles/sub-10804/sharedreward/run-2_event_friend_neutral.txt'
Creating '/ZPOOL/data/projects/rf1-sra-sharedreward/derivatives/fsl/EVfiles/sub-10804/sharedreward/run-2_event_friend_punish.txt'
Creating '/ZPOOL/data/projects/rf1-sra-sharedreward/derivatives/fsl/EVfiles/sub-10804/sharedreward/run-2_event_friend_reward.txt'
Creating '/ZPOOL/data/projects/rf1-sra-sharedreward/derivatives/fsl/EVfiles/sub-10804/sharedreward/run-2_event_stranger_neutral.txt'
Creating '/ZPOOL/data/projects/rf1-sra-sharedreward/derivatives/fsl/EVfiles/sub-10804/sharedreward/run-2_event_stranger_punish.txt'
Creating '/ZPOOL/data/projects/rf1-sra-sharedreward/derivatives/fsl/EVfiles/sub-10804/sharedreward/run-2_event_stranger_reward.txt'
Creating '/ZPOOL/data/projects/rf1-sra-sharedreward/derivatives/fsl/EVfiles/sub-10804/sharedreward/run-2_friend_face.txt'
Creating '/ZPOOL/data/projects/rf1-sra-sharedreward/derivatives/fsl/EVfiles/sub-10804/sharedreward/run-2_stranger_face.txt'
Creating '/ZPOOL/data/projects/rf1-sra-sharedreward/derivatives/fsl/EVfiles/sub-10806/sharedreward/run-1_computer_non-face.txt'
Creating '/ZPOOL/data/projects/rf1-sra-sharedreward/derivatives/fsl/EVfiles/sub-10806/sharedreward/run-1_event_computer_neutral.txt'
Creating '/ZPOOL/data/projects/rf1-sra-sharedreward/derivatives/fsl/EVfiles/sub-10806/sharedreward/run-1_event_computer_punish.txt'
Creating '/ZPOOL/data/projects/rf1-sra-sharedreward/derivatives/fsl/EVfiles/sub-10806/sharedreward/run-1_event_computer_reward.txt'
Creating '/ZPOOL/data/projects/rf1-sra-sharedreward/derivatives/fsl/EVfiles/sub-10806/sharedreward/run-1_event_friend_neutral.txt'
Creating '/ZPOOL/data/projects/rf1-sra-sharedreward/derivatives/fsl/EVfiles/sub-10806/sharedreward/run-1_event_friend_punish.txt'
Creating '/ZPOOL/data/projects/rf1-sra-sharedreward/derivatives/fsl/EVfiles/sub-10806/sharedreward/run-1_event_friend_reward.txt'
Creating '/ZPOOL/data/projects/rf1-sra-sharedreward/derivatives/fsl/EVfiles/sub-10806/sharedreward/run-1_event_stranger_neutral.txt'
Creating '/ZPOOL/data/projects/rf1-sra-sharedreward/derivatives/fsl/EVfiles/sub-10806/sharedreward/run-1_event_stranger_punish.txt'
Creating '/ZPOOL/data/projects/rf1-sra-sharedreward/derivatives/fsl/EVfiles/sub-10806/sharedreward/run-1_event_stranger_reward.txt'
Creating '/ZPOOL/data/projects/rf1-sra-sharedreward/derivatives/fsl/EVfiles/sub-10806/sharedreward/run-1_friend_face.txt'
Creating '/ZPOOL/data/projects/rf1-sra-sharedreward/derivatives/fsl/EVfiles/sub-10806/sharedreward/run-1_stranger_face.txt'
Creating '/ZPOOL/data/projects/rf1-sra-sharedreward/derivatives/fsl/EVfiles/sub-10806/sharedreward/run-2_computer_non-face.txt'
Creating '/ZPOOL/data/projects/rf1-sra-sharedreward/derivatives/fsl/EVfiles/sub-10806/sharedreward/run-2_event_computer_neutral.txt'
Creating '/ZPOOL/data/projects/rf1-sra-sharedreward/derivatives/fsl/EVfiles/sub-10806/sharedreward/run-2_event_computer_punish.txt'
Creating '/ZPOOL/data/projects/rf1-sra-sharedreward/derivatives/fsl/EVfiles/sub-10806/sharedreward/run-2_event_computer_reward.txt'
Creating '/ZPOOL/data/projects/rf1-sra-sharedreward/derivatives/fsl/EVfiles/sub-10806/sharedreward/run-2_event_friend_neutral.txt'
Creating '/ZPOOL/data/projects/rf1-sra-sharedreward/derivatives/fsl/EVfiles/sub-10806/sharedreward/run-2_event_friend_punish.txt'
Creating '/ZPOOL/data/projects/rf1-sra-sharedreward/derivatives/fsl/EVfiles/sub-10806/sharedreward/run-2_event_friend_reward.txt'
Creating '/ZPOOL/data/projects/rf1-sra-sharedreward/derivatives/fsl/EVfiles/sub-10806/sharedreward/run-2_event_stranger_neutral.txt'
Creating '/ZPOOL/data/projects/rf1-sra-sharedreward/derivatives/fsl/EVfiles/sub-10806/sharedreward/run-2_event_stranger_punish.txt'
Creating '/ZPOOL/data/projects/rf1-sra-sharedreward/derivatives/fsl/EVfiles/sub-10806/sharedreward/run-2_event_stranger_reward.txt'
Creating '/ZPOOL/data/projects/rf1-sra-sharedreward/derivatives/fsl/EVfiles/sub-10806/sharedreward/run-2_friend_face.txt'
Creating '/ZPOOL/data/projects/rf1-sra-sharedreward/derivatives/fsl/EVfiles/sub-10806/sharedreward/run-2_stranger_face.txt'
Creating '/ZPOOL/data/projects/rf1-sra-sharedreward/derivatives/fsl/EVfiles/sub-10807/sharedreward/run-1_computer_non-face.txt'
Creating '/ZPOOL/data/projects/rf1-sra-sharedreward/derivatives/fsl/EVfiles/sub-10807/sharedreward/run-1_event_computer_neutral.txt'
Creating '/ZPOOL/data/projects/rf1-sra-sharedreward/derivatives/fsl/EVfiles/sub-10807/sharedreward/run-1_event_computer_punish.txt'
Creating '/ZPOOL/data/projects/rf1-sra-sharedreward/derivatives/fsl/EVfiles/sub-10807/sharedreward/run-1_event_computer_reward.txt'
Creating '/ZPOOL/data/projects/rf1-sra-sharedreward/derivatives/fsl/EVfiles/sub-10807/sharedreward/run-1_event_friend_neutral.txt'
Creating '/ZPOOL/data/projects/rf1-sra-sharedreward/derivatives/fsl/EVfiles/sub-10807/sharedreward/run-1_event_friend_punish.txt'
Creating '/ZPOOL/data/projects/rf1-sra-sharedreward/derivatives/fsl/EVfiles/sub-10807/sharedreward/run-1_event_friend_reward.txt'
Creating '/ZPOOL/data/projects/rf1-sra-sharedreward/derivatives/fsl/EVfiles/sub-10807/sharedreward/run-1_event_stranger_neutral.txt'
Creating '/ZPOOL/data/projects/rf1-sra-sharedreward/derivatives/fsl/EVfiles/sub-10807/sharedreward/run-1_event_stranger_punish.txt'
Creating '/ZPOOL/data/projects/rf1-sra-sharedreward/derivatives/fsl/EVfiles/sub-10807/sharedreward/run-1_event_stranger_reward.txt'
Creating '/ZPOOL/data/projects/rf1-sra-sharedreward/derivatives/fsl/EVfiles/sub-10807/sharedreward/run-1_friend_face.txt'
Creating '/ZPOOL/data/projects/rf1-sra-sharedreward/derivatives/fsl/EVfiles/sub-10807/sharedreward/run-1_stranger_face.txt'
Creating '/ZPOOL/data/projects/rf1-sra-sharedreward/derivatives/fsl/EVfiles/sub-10807/sharedreward/run-2_computer_non-face.txt'
Creating '/ZPOOL/data/projects/rf1-sra-sharedreward/derivatives/fsl/EVfiles/sub-10807/sharedreward/run-2_event_computer_neutral.txt'
Creating '/ZPOOL/data/projects/rf1-sra-sharedreward/derivatives/fsl/EVfiles/sub-10807/sharedreward/run-2_event_computer_punish.txt'
Creating '/ZPOOL/data/projects/rf1-sra-sharedreward/derivatives/fsl/EVfiles/sub-10807/sharedreward/run-2_event_computer_reward.txt'
Creating '/ZPOOL/data/projects/rf1-sra-sharedreward/derivatives/fsl/EVfiles/sub-10807/sharedreward/run-2_event_friend_neutral.txt'
Creating '/ZPOOL/data/projects/rf1-sra-sharedreward/derivatives/fsl/EVfiles/sub-10807/sharedreward/run-2_event_friend_punish.txt'
Creating '/ZPOOL/data/projects/rf1-sra-sharedreward/derivatives/fsl/EVfiles/sub-10807/sharedreward/run-2_event_friend_reward.txt'
Creating '/ZPOOL/data/projects/rf1-sra-sharedreward/derivatives/fsl/EVfiles/sub-10807/sharedreward/run-2_event_stranger_neutral.txt'
Creating '/ZPOOL/data/projects/rf1-sra-sharedreward/derivatives/fsl/EVfiles/sub-10807/sharedreward/run-2_event_stranger_punish.txt'
Creating '/ZPOOL/data/projects/rf1-sra-sharedreward/derivatives/fsl/EVfiles/sub-10807/sharedreward/run-2_event_stranger_reward.txt'
Creating '/ZPOOL/data/projects/rf1-sra-sharedreward/derivatives/fsl/EVfiles/sub-10807/sharedreward/run-2_friend_face.txt'
Creating '/ZPOOL/data/projects/rf1-sra-sharedreward/derivatives/fsl/EVfiles/sub-10807/sharedreward/run-2_stranger_face.txt'
Creating '/ZPOOL/data/projects/rf1-sra-sharedreward/derivatives/fsl/EVfiles/sub-10809/sharedreward/run-1_computer_non-face.txt'
Creating '/ZPOOL/data/projects/rf1-sra-sharedreward/derivatives/fsl/EVfiles/sub-10809/sharedreward/run-1_event_computer_neutral.txt'
Creating '/ZPOOL/data/projects/rf1-sra-sharedreward/derivatives/fsl/EVfiles/sub-10809/sharedreward/run-1_event_computer_punish.txt'
Creating '/ZPOOL/data/projects/rf1-sra-sharedreward/derivatives/fsl/EVfiles/sub-10809/sharedreward/run-1_event_computer_reward.txt'
Creating '/ZPOOL/data/projects/rf1-sra-sharedreward/derivatives/fsl/EVfiles/sub-10809/sharedreward/run-1_event_friend_neutral.txt'
Creating '/ZPOOL/data/projects/rf1-sra-sharedreward/derivatives/fsl/EVfiles/sub-10809/sharedreward/run-1_event_friend_punish.txt'
Creating '/ZPOOL/data/projects/rf1-sra-sharedreward/derivatives/fsl/EVfiles/sub-10809/sharedreward/run-1_event_friend_reward.txt'
Creating '/ZPOOL/data/projects/rf1-sra-sharedreward/derivatives/fsl/EVfiles/sub-10809/sharedreward/run-1_event_stranger_neutral.txt'
Creating '/ZPOOL/data/projects/rf1-sra-sharedreward/derivatives/fsl/EVfiles/sub-10809/sharedreward/run-1_event_stranger_punish.txt'
Creating '/ZPOOL/data/projects/rf1-sra-sharedreward/derivatives/fsl/EVfiles/sub-10809/sharedreward/run-1_event_stranger_reward.txt'
Creating '/ZPOOL/data/projects/rf1-sra-sharedreward/derivatives/fsl/EVfiles/sub-10809/sharedreward/run-1_friend_face.txt'
Creating '/ZPOOL/data/projects/rf1-sra-sharedreward/derivatives/fsl/EVfiles/sub-10809/sharedreward/run-1_stranger_face.txt'
Creating '/ZPOOL/data/projects/rf1-sra-sharedreward/derivatives/fsl/EVfiles/sub-10810/sharedreward/run-1_computer_non-face.txt'
Creating '/ZPOOL/data/projects/rf1-sra-sharedreward/derivatives/fsl/EVfiles/sub-10810/sharedreward/run-1_event_computer_neutral.txt'
Creating '/ZPOOL/data/projects/rf1-sra-sharedreward/derivatives/fsl/EVfiles/sub-10810/sharedreward/run-1_event_computer_punish.txt'
Creating '/ZPOOL/data/projects/rf1-sra-sharedreward/derivatives/fsl/EVfiles/sub-10810/sharedreward/run-1_event_computer_reward.txt'
Creating '/ZPOOL/data/projects/rf1-sra-sharedreward/derivatives/fsl/EVfiles/sub-10810/sharedreward/run-1_event_friend_neutral.txt'
Creating '/ZPOOL/data/projects/rf1-sra-sharedreward/derivatives/fsl/EVfiles/sub-10810/sharedreward/run-1_event_friend_punish.txt'
Creating '/ZPOOL/data/projects/rf1-sra-sharedreward/derivatives/fsl/EVfiles/sub-10810/sharedreward/run-1_event_friend_reward.txt'
Creating '/ZPOOL/data/projects/rf1-sra-sharedreward/derivatives/fsl/EVfiles/sub-10810/sharedreward/run-1_event_stranger_neutral.txt'
Creating '/ZPOOL/data/projects/rf1-sra-sharedreward/derivatives/fsl/EVfiles/sub-10810/sharedreward/run-1_event_stranger_punish.txt'
Creating '/ZPOOL/data/projects/rf1-sra-sharedreward/derivatives/fsl/EVfiles/sub-10810/sharedreward/run-1_event_stranger_reward.txt'
Creating '/ZPOOL/data/projects/rf1-sra-sharedreward/derivatives/fsl/EVfiles/sub-10810/sharedreward/run-1_friend_face.txt'
Creating '/ZPOOL/data/projects/rf1-sra-sharedreward/derivatives/fsl/EVfiles/sub-10810/sharedreward/run-1_stranger_face.txt'
Creating '/ZPOOL/data/projects/rf1-sra-sharedreward/derivatives/fsl/EVfiles/sub-10810/sharedreward/run-2_computer_non-face.txt'
Creating '/ZPOOL/data/projects/rf1-sra-sharedreward/derivatives/fsl/EVfiles/sub-10810/sharedreward/run-2_event_computer_neutral.txt'
Creating '/ZPOOL/data/projects/rf1-sra-sharedreward/derivatives/fsl/EVfiles/sub-10810/sharedreward/run-2_event_computer_punish.txt'
Creating '/ZPOOL/data/projects/rf1-sra-sharedreward/derivatives/fsl/EVfiles/sub-10810/sharedreward/run-2_event_computer_reward.txt'
Creating '/ZPOOL/data/projects/rf1-sra-sharedreward/derivatives/fsl/EVfiles/sub-10810/sharedreward/run-2_event_friend_neutral.txt'
Creating '/ZPOOL/data/projects/rf1-sra-sharedreward/derivatives/fsl/EVfiles/sub-10810/sharedreward/run-2_event_friend_punish.txt'
Creating '/ZPOOL/data/projects/rf1-sra-sharedreward/derivatives/fsl/EVfiles/sub-10810/sharedreward/run-2_event_friend_reward.txt'
Creating '/ZPOOL/data/projects/rf1-sra-sharedreward/derivatives/fsl/EVfiles/sub-10810/sharedreward/run-2_event_stranger_neutral.txt'
Creating '/ZPOOL/data/projects/rf1-sra-sharedreward/derivatives/fsl/EVfiles/sub-10810/sharedreward/run-2_event_stranger_punish.txt'
Creating '/ZPOOL/data/projects/rf1-sra-sharedreward/derivatives/fsl/EVfiles/sub-10810/sharedreward/run-2_event_stranger_reward.txt'
Creating '/ZPOOL/data/projects/rf1-sra-sharedreward/derivatives/fsl/EVfiles/sub-10810/sharedreward/run-2_friend_face.txt'
Creating '/ZPOOL/data/projects/rf1-sra-sharedreward/derivatives/fsl/EVfiles/sub-10810/sharedreward/run-2_stranger_face.txt'
Creating '/ZPOOL/data/projects/rf1-sra-sharedreward/derivatives/fsl/EVfiles/sub-10812/sharedreward/run-1_computer_non-face.txt'
Creating '/ZPOOL/data/projects/rf1-sra-sharedreward/derivatives/fsl/EVfiles/sub-10812/sharedreward/run-1_event_computer_neutral.txt'
Creating '/ZPOOL/data/projects/rf1-sra-sharedreward/derivatives/fsl/EVfiles/sub-10812/sharedreward/run-1_event_computer_punish.txt'
Creating '/ZPOOL/data/projects/rf1-sra-sharedreward/derivatives/fsl/EVfiles/sub-10812/sharedreward/run-1_event_computer_reward.txt'
Creating '/ZPOOL/data/projects/rf1-sra-sharedreward/derivatives/fsl/EVfiles/sub-10812/sharedreward/run-1_event_friend_neutral.txt'
Creating '/ZPOOL/data/projects/rf1-sra-sharedreward/derivatives/fsl/EVfiles/sub-10812/sharedreward/run-1_event_friend_punish.txt'
Creating '/ZPOOL/data/projects/rf1-sra-sharedreward/derivatives/fsl/EVfiles/sub-10812/sharedreward/run-1_event_friend_reward.txt'
Creating '/ZPOOL/data/projects/rf1-sra-sharedreward/derivatives/fsl/EVfiles/sub-10812/sharedreward/run-1_event_stranger_neutral.txt'
Creating '/ZPOOL/data/projects/rf1-sra-sharedreward/derivatives/fsl/EVfiles/sub-10812/sharedreward/run-1_event_stranger_punish.txt'
Creating '/ZPOOL/data/projects/rf1-sra-sharedreward/derivatives/fsl/EVfiles/sub-10812/sharedreward/run-1_event_stranger_reward.txt'
Creating '/ZPOOL/data/projects/rf1-sra-sharedreward/derivatives/fsl/EVfiles/sub-10812/sharedreward/run-1_friend_face.txt'
Creating '/ZPOOL/data/projects/rf1-sra-sharedreward/derivatives/fsl/EVfiles/sub-10812/sharedreward/run-1_stranger_face.txt'
Creating '/ZPOOL/data/projects/rf1-sra-sharedreward/derivatives/fsl/EVfiles/sub-10812/sharedreward/run-2_computer_non-face.txt'
Creating '/ZPOOL/data/projects/rf1-sra-sharedreward/derivatives/fsl/EVfiles/sub-10812/sharedreward/run-2_event_computer_neutral.txt'
Creating '/ZPOOL/data/projects/rf1-sra-sharedreward/derivatives/fsl/EVfiles/sub-10812/sharedreward/run-2_event_computer_punish.txt'
Creating '/ZPOOL/data/projects/rf1-sra-sharedreward/derivatives/fsl/EVfiles/sub-10812/sharedreward/run-2_event_computer_reward.txt'
Creating '/ZPOOL/data/projects/rf1-sra-sharedreward/derivatives/fsl/EVfiles/sub-10812/sharedreward/run-2_event_friend_neutral.txt'
Creating '/ZPOOL/data/projects/rf1-sra-sharedreward/derivatives/fsl/EVfiles/sub-10812/sharedreward/run-2_event_friend_punish.txt'
Creating '/ZPOOL/data/projects/rf1-sra-sharedreward/derivatives/fsl/EVfiles/sub-10812/sharedreward/run-2_event_friend_reward.txt'
Creating '/ZPOOL/data/projects/rf1-sra-sharedreward/derivatives/fsl/EVfiles/sub-10812/sharedreward/run-2_event_stranger_neutral.txt'
Creating '/ZPOOL/data/projects/rf1-sra-sharedreward/derivatives/fsl/EVfiles/sub-10812/sharedreward/run-2_event_stranger_punish.txt'
Creating '/ZPOOL/data/projects/rf1-sra-sharedreward/derivatives/fsl/EVfiles/sub-10812/sharedreward/run-2_event_stranger_reward.txt'
Creating '/ZPOOL/data/projects/rf1-sra-sharedreward/derivatives/fsl/EVfiles/sub-10812/sharedreward/run-2_friend_face.txt'
Creating '/ZPOOL/data/projects/rf1-sra-sharedreward/derivatives/fsl/EVfiles/sub-10812/sharedreward/run-2_stranger_face.txt'
Creating '/ZPOOL/data/projects/rf1-sra-sharedreward/derivatives/fsl/EVfiles/sub-10817/sharedreward/run-1_computer_non-face.txt'
Creating '/ZPOOL/data/projects/rf1-sra-sharedreward/derivatives/fsl/EVfiles/sub-10817/sharedreward/run-1_event_computer_neutral.txt'
Creating '/ZPOOL/data/projects/rf1-sra-sharedreward/derivatives/fsl/EVfiles/sub-10817/sharedreward/run-1_event_computer_punish.txt'
Creating '/ZPOOL/data/projects/rf1-sra-sharedreward/derivatives/fsl/EVfiles/sub-10817/sharedreward/run-1_event_computer_reward.txt'
Creating '/ZPOOL/data/projects/rf1-sra-sharedreward/derivatives/fsl/EVfiles/sub-10817/sharedreward/run-1_event_friend_neutral.txt'
Creating '/ZPOOL/data/projects/rf1-sra-sharedreward/derivatives/fsl/EVfiles/sub-10817/sharedreward/run-1_event_friend_punish.txt'
Creating '/ZPOOL/data/projects/rf1-sra-sharedreward/derivatives/fsl/EVfiles/sub-10817/sharedreward/run-1_event_friend_reward.txt'
Creating '/ZPOOL/data/projects/rf1-sra-sharedreward/derivatives/fsl/EVfiles/sub-10817/sharedreward/run-1_event_stranger_neutral.txt'
Creating '/ZPOOL/data/projects/rf1-sra-sharedreward/derivatives/fsl/EVfiles/sub-10817/sharedreward/run-1_event_stranger_punish.txt'
Creating '/ZPOOL/data/projects/rf1-sra-sharedreward/derivatives/fsl/EVfiles/sub-10817/sharedreward/run-1_event_stranger_reward.txt'
Creating '/ZPOOL/data/projects/rf1-sra-sharedreward/derivatives/fsl/EVfiles/sub-10817/sharedreward/run-1_friend_face.txt'
Creating '/ZPOOL/data/projects/rf1-sra-sharedreward/derivatives/fsl/EVfiles/sub-10817/sharedreward/run-1_stranger_face.txt'
Creating '/ZPOOL/data/projects/rf1-sra-sharedreward/derivatives/fsl/EVfiles/sub-10817/sharedreward/run-2_computer_non-face.txt'
Creating '/ZPOOL/data/projects/rf1-sra-sharedreward/derivatives/fsl/EVfiles/sub-10817/sharedreward/run-2_event_computer_neutral.txt'
Creating '/ZPOOL/data/projects/rf1-sra-sharedreward/derivatives/fsl/EVfiles/sub-10817/sharedreward/run-2_event_computer_punish.txt'
Creating '/ZPOOL/data/projects/rf1-sra-sharedreward/derivatives/fsl/EVfiles/sub-10817/sharedreward/run-2_event_computer_reward.txt'
Creating '/ZPOOL/data/projects/rf1-sra-sharedreward/derivatives/fsl/EVfiles/sub-10817/sharedreward/run-2_event_friend_neutral.txt'
Creating '/ZPOOL/data/projects/rf1-sra-sharedreward/derivatives/fsl/EVfiles/sub-10817/sharedreward/run-2_event_friend_punish.txt'
Creating '/ZPOOL/data/projects/rf1-sra-sharedreward/derivatives/fsl/EVfiles/sub-10817/sharedreward/run-2_event_friend_reward.txt'
Creating '/ZPOOL/data/projects/rf1-sra-sharedreward/derivatives/fsl/EVfiles/sub-10817/sharedreward/run-2_event_stranger_neutral.txt'
Creating '/ZPOOL/data/projects/rf1-sra-sharedreward/derivatives/fsl/EVfiles/sub-10817/sharedreward/run-2_event_stranger_punish.txt'
Creating '/ZPOOL/data/projects/rf1-sra-sharedreward/derivatives/fsl/EVfiles/sub-10817/sharedreward/run-2_event_stranger_reward.txt'
Creating '/ZPOOL/data/projects/rf1-sra-sharedreward/derivatives/fsl/EVfiles/sub-10817/sharedreward/run-2_friend_face.txt'
Creating '/ZPOOL/data/projects/rf1-sra-sharedreward/derivatives/fsl/EVfiles/sub-10817/sharedreward/run-2_stranger_face.txt'
Creating '/ZPOOL/data/projects/rf1-sra-sharedreward/derivatives/fsl/EVfiles/sub-10834/sharedreward/run-1_computer_non-face.txt'
Creating '/ZPOOL/data/projects/rf1-sra-sharedreward/derivatives/fsl/EVfiles/sub-10834/sharedreward/run-1_event_computer_neutral.txt'
Creating '/ZPOOL/data/projects/rf1-sra-sharedreward/derivatives/fsl/EVfiles/sub-10834/sharedreward/run-1_event_computer_punish.txt'
Creating '/ZPOOL/data/projects/rf1-sra-sharedreward/derivatives/fsl/EVfiles/sub-10834/sharedreward/run-1_event_computer_reward.txt'
Creating '/ZPOOL/data/projects/rf1-sra-sharedreward/derivatives/fsl/EVfiles/sub-10834/sharedreward/run-1_event_friend_neutral.txt'
Creating '/ZPOOL/data/projects/rf1-sra-sharedreward/derivatives/fsl/EVfiles/sub-10834/sharedreward/run-1_event_friend_punish.txt'
Creating '/ZPOOL/data/projects/rf1-sra-sharedreward/derivatives/fsl/EVfiles/sub-10834/sharedreward/run-1_event_friend_reward.txt'
Creating '/ZPOOL/data/projects/rf1-sra-sharedreward/derivatives/fsl/EVfiles/sub-10834/sharedreward/run-1_event_stranger_neutral.txt'
Creating '/ZPOOL/data/projects/rf1-sra-sharedreward/derivatives/fsl/EVfiles/sub-10834/sharedreward/run-1_event_stranger_punish.txt'
Creating '/ZPOOL/data/projects/rf1-sra-sharedreward/derivatives/fsl/EVfiles/sub-10834/sharedreward/run-1_event_stranger_reward.txt'
Creating '/ZPOOL/data/projects/rf1-sra-sharedreward/derivatives/fsl/EVfiles/sub-10834/sharedreward/run-1_friend_face.txt'
Creating '/ZPOOL/data/projects/rf1-sra-sharedreward/derivatives/fsl/EVfiles/sub-10834/sharedreward/run-1_stranger_face.txt'
Creating '/ZPOOL/data/projects/rf1-sra-sharedreward/derivatives/fsl/EVfiles/sub-10834/sharedreward/run-2_computer_non-face.txt'
Creating '/ZPOOL/data/projects/rf1-sra-sharedreward/derivatives/fsl/EVfiles/sub-10834/sharedreward/run-2_event_computer_neutral.txt'
Creating '/ZPOOL/data/projects/rf1-sra-sharedreward/derivatives/fsl/EVfiles/sub-10834/sharedreward/run-2_event_computer_punish.txt'
Creating '/ZPOOL/data/projects/rf1-sra-sharedreward/derivatives/fsl/EVfiles/sub-10834/sharedreward/run-2_event_computer_reward.txt'
Creating '/ZPOOL/data/projects/rf1-sra-sharedreward/derivatives/fsl/EVfiles/sub-10834/sharedreward/run-2_event_friend_neutral.txt'
Creating '/ZPOOL/data/projects/rf1-sra-sharedreward/derivatives/fsl/EVfiles/sub-10834/sharedreward/run-2_event_friend_punish.txt'
Creating '/ZPOOL/data/projects/rf1-sra-sharedreward/derivatives/fsl/EVfiles/sub-10834/sharedreward/run-2_event_friend_reward.txt'
Creating '/ZPOOL/data/projects/rf1-sra-sharedreward/derivatives/fsl/EVfiles/sub-10834/sharedreward/run-2_event_stranger_neutral.txt'
Creating '/ZPOOL/data/projects/rf1-sra-sharedreward/derivatives/fsl/EVfiles/sub-10834/sharedreward/run-2_event_stranger_punish.txt'
Creating '/ZPOOL/data/projects/rf1-sra-sharedreward/derivatives/fsl/EVfiles/sub-10834/sharedreward/run-2_event_stranger_reward.txt'
Creating '/ZPOOL/data/projects/rf1-sra-sharedreward/derivatives/fsl/EVfiles/sub-10834/sharedreward/run-2_friend_face.txt'
Creating '/ZPOOL/data/projects/rf1-sra-sharedreward/derivatives/fsl/EVfiles/sub-10834/sharedreward/run-2_stranger_face.txt'
PATH ERROR: cannot locate /ZPOOL/data/projects/rf1-sra-data/bids/sub-10836/func/sub-10836_task-sharedreward_run-1_events.tsv.
PATH ERROR: cannot locate /ZPOOL/data/projects/rf1-sra-data/bids/sub-10836/func/sub-10836_task-sharedreward_run-2_events.tsv.
Creating '/ZPOOL/data/projects/rf1-sra-sharedreward/derivatives/fsl/EVfiles/sub-10838/sharedreward/run-1_computer_non-face.txt'
Creating '/ZPOOL/data/projects/rf1-sra-sharedreward/derivatives/fsl/EVfiles/sub-10838/sharedreward/run-1_event_computer_neutral.txt'
Creating '/ZPOOL/data/projects/rf1-sra-sharedreward/derivatives/fsl/EVfiles/sub-10838/sharedreward/run-1_event_computer_punish.txt'
Creating '/ZPOOL/data/projects/rf1-sra-sharedreward/derivatives/fsl/EVfiles/sub-10838/sharedreward/run-1_event_computer_reward.txt'
Creating '/ZPOOL/data/projects/rf1-sra-sharedreward/derivatives/fsl/EVfiles/sub-10838/sharedreward/run-1_event_friend_neutral.txt'
Creating '/ZPOOL/data/projects/rf1-sra-sharedreward/derivatives/fsl/EVfiles/sub-10838/sharedreward/run-1_event_friend_punish.txt'
Creating '/ZPOOL/data/projects/rf1-sra-sharedreward/derivatives/fsl/EVfiles/sub-10838/sharedreward/run-1_event_friend_reward.txt'
Creating '/ZPOOL/data/projects/rf1-sra-sharedreward/derivatives/fsl/EVfiles/sub-10838/sharedreward/run-1_event_stranger_neutral.txt'
Creating '/ZPOOL/data/projects/rf1-sra-sharedreward/derivatives/fsl/EVfiles/sub-10838/sharedreward/run-1_event_stranger_punish.txt'
Creating '/ZPOOL/data/projects/rf1-sra-sharedreward/derivatives/fsl/EVfiles/sub-10838/sharedreward/run-1_event_stranger_reward.txt'
Creating '/ZPOOL/data/projects/rf1-sra-sharedreward/derivatives/fsl/EVfiles/sub-10838/sharedreward/run-1_friend_face.txt'
Creating '/ZPOOL/data/projects/rf1-sra-sharedreward/derivatives/fsl/EVfiles/sub-10838/sharedreward/run-1_stranger_face.txt'
Creating '/ZPOOL/data/projects/rf1-sra-sharedreward/derivatives/fsl/EVfiles/sub-10838/sharedreward/run-2_computer_non-face.txt'
Creating '/ZPOOL/data/projects/rf1-sra-sharedreward/derivatives/fsl/EVfiles/sub-10838/sharedreward/run-2_event_computer_neutral.txt'
Creating '/ZPOOL/data/projects/rf1-sra-sharedreward/derivatives/fsl/EVfiles/sub-10838/sharedreward/run-2_event_computer_punish.txt'
Creating '/ZPOOL/data/projects/rf1-sra-sharedreward/derivatives/fsl/EVfiles/sub-10838/sharedreward/run-2_event_computer_reward.txt'
Creating '/ZPOOL/data/projects/rf1-sra-sharedreward/derivatives/fsl/EVfiles/sub-10838/sharedreward/run-2_event_friend_neutral.txt'
Creating '/ZPOOL/data/projects/rf1-sra-sharedreward/derivatives/fsl/EVfiles/sub-10838/sharedreward/run-2_event_friend_punish.txt'
Creating '/ZPOOL/data/projects/rf1-sra-sharedreward/derivatives/fsl/EVfiles/sub-10838/sharedreward/run-2_event_friend_reward.txt'
Creating '/ZPOOL/data/projects/rf1-sra-sharedreward/derivatives/fsl/EVfiles/sub-10838/sharedreward/run-2_event_stranger_neutral.txt'
Creating '/ZPOOL/data/projects/rf1-sra-sharedreward/derivatives/fsl/EVfiles/sub-10838/sharedreward/run-2_event_stranger_punish.txt'
Creating '/ZPOOL/data/projects/rf1-sra-sharedreward/derivatives/fsl/EVfiles/sub-10838/sharedreward/run-2_event_stranger_reward.txt'
Creating '/ZPOOL/data/projects/rf1-sra-sharedreward/derivatives/fsl/EVfiles/sub-10838/sharedreward/run-2_friend_face.txt'
Creating '/ZPOOL/data/projects/rf1-sra-sharedreward/derivatives/fsl/EVfiles/sub-10838/sharedreward/run-2_stranger_face.txt'
Creating '/ZPOOL/data/projects/rf1-sra-sharedreward/derivatives/fsl/EVfiles/sub-10843/sharedreward/run-1_computer_non-face.txt'
Creating '/ZPOOL/data/projects/rf1-sra-sharedreward/derivatives/fsl/EVfiles/sub-10843/sharedreward/run-1_event_computer_neutral.txt'
Creating '/ZPOOL/data/projects/rf1-sra-sharedreward/derivatives/fsl/EVfiles/sub-10843/sharedreward/run-1_event_computer_punish.txt'
Creating '/ZPOOL/data/projects/rf1-sra-sharedreward/derivatives/fsl/EVfiles/sub-10843/sharedreward/run-1_event_computer_reward.txt'
Creating '/ZPOOL/data/projects/rf1-sra-sharedreward/derivatives/fsl/EVfiles/sub-10843/sharedreward/run-1_event_friend_neutral.txt'
Creating '/ZPOOL/data/projects/rf1-sra-sharedreward/derivatives/fsl/EVfiles/sub-10843/sharedreward/run-1_event_friend_punish.txt'
Creating '/ZPOOL/data/projects/rf1-sra-sharedreward/derivatives/fsl/EVfiles/sub-10843/sharedreward/run-1_event_friend_reward.txt'
Creating '/ZPOOL/data/projects/rf1-sra-sharedreward/derivatives/fsl/EVfiles/sub-10843/sharedreward/run-1_event_stranger_neutral.txt'
Creating '/ZPOOL/data/projects/rf1-sra-sharedreward/derivatives/fsl/EVfiles/sub-10843/sharedreward/run-1_event_stranger_punish.txt'
Creating '/ZPOOL/data/projects/rf1-sra-sharedreward/derivatives/fsl/EVfiles/sub-10843/sharedreward/run-1_event_stranger_reward.txt'
Creating '/ZPOOL/data/projects/rf1-sra-sharedreward/derivatives/fsl/EVfiles/sub-10843/sharedreward/run-1_friend_face.txt'
Creating '/ZPOOL/data/projects/rf1-sra-sharedreward/derivatives/fsl/EVfiles/sub-10843/sharedreward/run-1_stranger_face.txt'
Creating '/ZPOOL/data/projects/rf1-sra-sharedreward/derivatives/fsl/EVfiles/sub-10843/sharedreward/run-2_computer_non-face.txt'
Creating '/ZPOOL/data/projects/rf1-sra-sharedreward/derivatives/fsl/EVfiles/sub-10843/sharedreward/run-2_event_computer_neutral.txt'
Creating '/ZPOOL/data/projects/rf1-sra-sharedreward/derivatives/fsl/EVfiles/sub-10843/sharedreward/run-2_event_computer_punish.txt'
Creating '/ZPOOL/data/projects/rf1-sra-sharedreward/derivatives/fsl/EVfiles/sub-10843/sharedreward/run-2_event_computer_reward.txt'
Creating '/ZPOOL/data/projects/rf1-sra-sharedreward/derivatives/fsl/EVfiles/sub-10843/sharedreward/run-2_event_friend_neutral.txt'
Creating '/ZPOOL/data/projects/rf1-sra-sharedreward/derivatives/fsl/EVfiles/sub-10843/sharedreward/run-2_event_friend_punish.txt'
Creating '/ZPOOL/data/projects/rf1-sra-sharedreward/derivatives/fsl/EVfiles/sub-10843/sharedreward/run-2_event_friend_reward.txt'
Creating '/ZPOOL/data/projects/rf1-sra-sharedreward/derivatives/fsl/EVfiles/sub-10843/sharedreward/run-2_event_stranger_neutral.txt'
Creating '/ZPOOL/data/projects/rf1-sra-sharedreward/derivatives/fsl/EVfiles/sub-10843/sharedreward/run-2_event_stranger_punish.txt'
Creating '/ZPOOL/data/projects/rf1-sra-sharedreward/derivatives/fsl/EVfiles/sub-10843/sharedreward/run-2_event_stranger_reward.txt'
Creating '/ZPOOL/data/projects/rf1-sra-sharedreward/derivatives/fsl/EVfiles/sub-10843/sharedreward/run-2_friend_face.txt'
Creating '/ZPOOL/data/projects/rf1-sra-sharedreward/derivatives/fsl/EVfiles/sub-10843/sharedreward/run-2_stranger_face.txt'
Creating '/ZPOOL/data/projects/rf1-sra-sharedreward/derivatives/fsl/EVfiles/sub-10850/sharedreward/run-1_computer_non-face.txt'
Creating '/ZPOOL/data/projects/rf1-sra-sharedreward/derivatives/fsl/EVfiles/sub-10850/sharedreward/run-1_event_computer_neutral.txt'
Creating '/ZPOOL/data/projects/rf1-sra-sharedreward/derivatives/fsl/EVfiles/sub-10850/sharedreward/run-1_event_computer_punish.txt'
Creating '/ZPOOL/data/projects/rf1-sra-sharedreward/derivatives/fsl/EVfiles/sub-10850/sharedreward/run-1_event_computer_reward.txt'
Creating '/ZPOOL/data/projects/rf1-sra-sharedreward/derivatives/fsl/EVfiles/sub-10850/sharedreward/run-1_event_friend_neutral.txt'
Creating '/ZPOOL/data/projects/rf1-sra-sharedreward/derivatives/fsl/EVfiles/sub-10850/sharedreward/run-1_event_friend_punish.txt'
Creating '/ZPOOL/data/projects/rf1-sra-sharedreward/derivatives/fsl/EVfiles/sub-10850/sharedreward/run-1_event_friend_reward.txt'
Creating '/ZPOOL/data/projects/rf1-sra-sharedreward/derivatives/fsl/EVfiles/sub-10850/sharedreward/run-1_event_stranger_neutral.txt'
Creating '/ZPOOL/data/projects/rf1-sra-sharedreward/derivatives/fsl/EVfiles/sub-10850/sharedreward/run-1_event_stranger_punish.txt'
Creating '/ZPOOL/data/projects/rf1-sra-sharedreward/derivatives/fsl/EVfiles/sub-10850/sharedreward/run-1_event_stranger_reward.txt'
Creating '/ZPOOL/data/projects/rf1-sra-sharedreward/derivatives/fsl/EVfiles/sub-10850/sharedreward/run-1_friend_face.txt'
Creating '/ZPOOL/data/projects/rf1-sra-sharedreward/derivatives/fsl/EVfiles/sub-10850/sharedreward/run-1_stranger_face.txt'
Creating '/ZPOOL/data/projects/rf1-sra-sharedreward/derivatives/fsl/EVfiles/sub-10850/sharedreward/run-2_computer_non-face.txt'
Creating '/ZPOOL/data/projects/rf1-sra-sharedreward/derivatives/fsl/EVfiles/sub-10850/sharedreward/run-2_event_computer_neutral.txt'
Creating '/ZPOOL/data/projects/rf1-sra-sharedreward/derivatives/fsl/EVfiles/sub-10850/sharedreward/run-2_event_computer_punish.txt'
Creating '/ZPOOL/data/projects/rf1-sra-sharedreward/derivatives/fsl/EVfiles/sub-10850/sharedreward/run-2_event_computer_reward.txt'
Creating '/ZPOOL/data/projects/rf1-sra-sharedreward/derivatives/fsl/EVfiles/sub-10850/sharedreward/run-2_event_friend_neutral.txt'
Creating '/ZPOOL/data/projects/rf1-sra-sharedreward/derivatives/fsl/EVfiles/sub-10850/sharedreward/run-2_event_friend_punish.txt'
Creating '/ZPOOL/data/projects/rf1-sra-sharedreward/derivatives/fsl/EVfiles/sub-10850/sharedreward/run-2_event_friend_reward.txt'
Creating '/ZPOOL/data/projects/rf1-sra-sharedreward/derivatives/fsl/EVfiles/sub-10850/sharedreward/run-2_event_stranger_neutral.txt'
Creating '/ZPOOL/data/projects/rf1-sra-sharedreward/derivatives/fsl/EVfiles/sub-10850/sharedreward/run-2_event_stranger_punish.txt'
Creating '/ZPOOL/data/projects/rf1-sra-sharedreward/derivatives/fsl/EVfiles/sub-10850/sharedreward/run-2_event_stranger_reward.txt'
Creating '/ZPOOL/data/projects/rf1-sra-sharedreward/derivatives/fsl/EVfiles/sub-10850/sharedreward/run-2_friend_face.txt'
Creating '/ZPOOL/data/projects/rf1-sra-sharedreward/derivatives/fsl/EVfiles/sub-10850/sharedreward/run-2_stranger_face.txt'
Creating '/ZPOOL/data/projects/rf1-sra-sharedreward/derivatives/fsl/EVfiles/sub-10854/sharedreward/run-1_computer_non-face.txt'
Creating '/ZPOOL/data/projects/rf1-sra-sharedreward/derivatives/fsl/EVfiles/sub-10854/sharedreward/run-1_event_computer_neutral.txt'
Creating '/ZPOOL/data/projects/rf1-sra-sharedreward/derivatives/fsl/EVfiles/sub-10854/sharedreward/run-1_event_computer_punish.txt'
Creating '/ZPOOL/data/projects/rf1-sra-sharedreward/derivatives/fsl/EVfiles/sub-10854/sharedreward/run-1_event_computer_reward.txt'
Creating '/ZPOOL/data/projects/rf1-sra-sharedreward/derivatives/fsl/EVfiles/sub-10854/sharedreward/run-1_event_friend_neutral.txt'
Creating '/ZPOOL/data/projects/rf1-sra-sharedreward/derivatives/fsl/EVfiles/sub-10854/sharedreward/run-1_event_friend_punish.txt'
Creating '/ZPOOL/data/projects/rf1-sra-sharedreward/derivatives/fsl/EVfiles/sub-10854/sharedreward/run-1_event_friend_reward.txt'
Creating '/ZPOOL/data/projects/rf1-sra-sharedreward/derivatives/fsl/EVfiles/sub-10854/sharedreward/run-1_event_stranger_neutral.txt'
Creating '/ZPOOL/data/projects/rf1-sra-sharedreward/derivatives/fsl/EVfiles/sub-10854/sharedreward/run-1_event_stranger_punish.txt'
Creating '/ZPOOL/data/projects/rf1-sra-sharedreward/derivatives/fsl/EVfiles/sub-10854/sharedreward/run-1_event_stranger_reward.txt'
Creating '/ZPOOL/data/projects/rf1-sra-sharedreward/derivatives/fsl/EVfiles/sub-10854/sharedreward/run-1_friend_face.txt'
Creating '/ZPOOL/data/projects/rf1-sra-sharedreward/derivatives/fsl/EVfiles/sub-10854/sharedreward/run-1_stranger_face.txt'
Creating '/ZPOOL/data/projects/rf1-sra-sharedreward/derivatives/fsl/EVfiles/sub-10854/sharedreward/run-2_computer_non-face.txt'
Creating '/ZPOOL/data/projects/rf1-sra-sharedreward/derivatives/fsl/EVfiles/sub-10854/sharedreward/run-2_event_computer_neutral.txt'
Creating '/ZPOOL/data/projects/rf1-sra-sharedreward/derivatives/fsl/EVfiles/sub-10854/sharedreward/run-2_event_computer_punish.txt'
Creating '/ZPOOL/data/projects/rf1-sra-sharedreward/derivatives/fsl/EVfiles/sub-10854/sharedreward/run-2_event_computer_reward.txt'
Creating '/ZPOOL/data/projects/rf1-sra-sharedreward/derivatives/fsl/EVfiles/sub-10854/sharedreward/run-2_event_friend_neutral.txt'
Creating '/ZPOOL/data/projects/rf1-sra-sharedreward/derivatives/fsl/EVfiles/sub-10854/sharedreward/run-2_event_friend_punish.txt'
Creating '/ZPOOL/data/projects/rf1-sra-sharedreward/derivatives/fsl/EVfiles/sub-10854/sharedreward/run-2_event_friend_reward.txt'
Creating '/ZPOOL/data/projects/rf1-sra-sharedreward/derivatives/fsl/EVfiles/sub-10854/sharedreward/run-2_event_stranger_neutral.txt'
Creating '/ZPOOL/data/projects/rf1-sra-sharedreward/derivatives/fsl/EVfiles/sub-10854/sharedreward/run-2_event_stranger_punish.txt'
Creating '/ZPOOL/data/projects/rf1-sra-sharedreward/derivatives/fsl/EVfiles/sub-10854/sharedreward/run-2_event_stranger_reward.txt'
Creating '/ZPOOL/data/projects/rf1-sra-sharedreward/derivatives/fsl/EVfiles/sub-10854/sharedreward/run-2_friend_face.txt'
Creating '/ZPOOL/data/projects/rf1-sra-sharedreward/derivatives/fsl/EVfiles/sub-10854/sharedreward/run-2_stranger_face.txt'
Creating '/ZPOOL/data/projects/rf1-sra-sharedreward/derivatives/fsl/EVfiles/sub-10857/sharedreward/run-1_computer_non-face.txt'
Creating '/ZPOOL/data/projects/rf1-sra-sharedreward/derivatives/fsl/EVfiles/sub-10857/sharedreward/run-1_event_computer_neutral.txt'
Creating '/ZPOOL/data/projects/rf1-sra-sharedreward/derivatives/fsl/EVfiles/sub-10857/sharedreward/run-1_event_computer_punish.txt'
Creating '/ZPOOL/data/projects/rf1-sra-sharedreward/derivatives/fsl/EVfiles/sub-10857/sharedreward/run-1_event_computer_reward.txt'
Creating '/ZPOOL/data/projects/rf1-sra-sharedreward/derivatives/fsl/EVfiles/sub-10857/sharedreward/run-1_event_friend_neutral.txt'
Creating '/ZPOOL/data/projects/rf1-sra-sharedreward/derivatives/fsl/EVfiles/sub-10857/sharedreward/run-1_event_friend_punish.txt'
Creating '/ZPOOL/data/projects/rf1-sra-sharedreward/derivatives/fsl/EVfiles/sub-10857/sharedreward/run-1_event_friend_reward.txt'
Creating '/ZPOOL/data/projects/rf1-sra-sharedreward/derivatives/fsl/EVfiles/sub-10857/sharedreward/run-1_event_stranger_neutral.txt'
Creating '/ZPOOL/data/projects/rf1-sra-sharedreward/derivatives/fsl/EVfiles/sub-10857/sharedreward/run-1_event_stranger_punish.txt'
Creating '/ZPOOL/data/projects/rf1-sra-sharedreward/derivatives/fsl/EVfiles/sub-10857/sharedreward/run-1_event_stranger_reward.txt'
Creating '/ZPOOL/data/projects/rf1-sra-sharedreward/derivatives/fsl/EVfiles/sub-10857/sharedreward/run-1_friend_face.txt'
Creating '/ZPOOL/data/projects/rf1-sra-sharedreward/derivatives/fsl/EVfiles/sub-10857/sharedreward/run-1_stranger_face.txt'
Creating '/ZPOOL/data/projects/rf1-sra-sharedreward/derivatives/fsl/EVfiles/sub-10857/sharedreward/run-2_computer_non-face.txt'
Creating '/ZPOOL/data/projects/rf1-sra-sharedreward/derivatives/fsl/EVfiles/sub-10857/sharedreward/run-2_event_computer_neutral.txt'
Creating '/ZPOOL/data/projects/rf1-sra-sharedreward/derivatives/fsl/EVfiles/sub-10857/sharedreward/run-2_event_computer_punish.txt'
Creating '/ZPOOL/data/projects/rf1-sra-sharedreward/derivatives/fsl/EVfiles/sub-10857/sharedreward/run-2_event_computer_reward.txt'
Creating '/ZPOOL/data/projects/rf1-sra-sharedreward/derivatives/fsl/EVfiles/sub-10857/sharedreward/run-2_event_friend_neutral.txt'
Creating '/ZPOOL/data/projects/rf1-sra-sharedreward/derivatives/fsl/EVfiles/sub-10857/sharedreward/run-2_event_friend_punish.txt'
Creating '/ZPOOL/data/projects/rf1-sra-sharedreward/derivatives/fsl/EVfiles/sub-10857/sharedreward/run-2_event_friend_reward.txt'
Creating '/ZPOOL/data/projects/rf1-sra-sharedreward/derivatives/fsl/EVfiles/sub-10857/sharedreward/run-2_event_stranger_neutral.txt'
Creating '/ZPOOL/data/projects/rf1-sra-sharedreward/derivatives/fsl/EVfiles/sub-10857/sharedreward/run-2_event_stranger_punish.txt'
Creating '/ZPOOL/data/projects/rf1-sra-sharedreward/derivatives/fsl/EVfiles/sub-10857/sharedreward/run-2_event_stranger_reward.txt'
Creating '/ZPOOL/data/projects/rf1-sra-sharedreward/derivatives/fsl/EVfiles/sub-10857/sharedreward/run-2_friend_face.txt'
Creating '/ZPOOL/data/projects/rf1-sra-sharedreward/derivatives/fsl/EVfiles/sub-10857/sharedreward/run-2_stranger_face.txt'
Creating '/ZPOOL/data/projects/rf1-sra-sharedreward/derivatives/fsl/EVfiles/sub-10860/sharedreward/run-1_computer_non-face.txt'
Creating '/ZPOOL/data/projects/rf1-sra-sharedreward/derivatives/fsl/EVfiles/sub-10860/sharedreward/run-1_event_computer_neutral.txt'
Creating '/ZPOOL/data/projects/rf1-sra-sharedreward/derivatives/fsl/EVfiles/sub-10860/sharedreward/run-1_event_computer_punish.txt'
Creating '/ZPOOL/data/projects/rf1-sra-sharedreward/derivatives/fsl/EVfiles/sub-10860/sharedreward/run-1_event_computer_reward.txt'
Creating '/ZPOOL/data/projects/rf1-sra-sharedreward/derivatives/fsl/EVfiles/sub-10860/sharedreward/run-1_event_friend_neutral.txt'
Creating '/ZPOOL/data/projects/rf1-sra-sharedreward/derivatives/fsl/EVfiles/sub-10860/sharedreward/run-1_event_friend_punish.txt'
Creating '/ZPOOL/data/projects/rf1-sra-sharedreward/derivatives/fsl/EVfiles/sub-10860/sharedreward/run-1_event_friend_reward.txt'
Creating '/ZPOOL/data/projects/rf1-sra-sharedreward/derivatives/fsl/EVfiles/sub-10860/sharedreward/run-1_event_stranger_neutral.txt'
Creating '/ZPOOL/data/projects/rf1-sra-sharedreward/derivatives/fsl/EVfiles/sub-10860/sharedreward/run-1_event_stranger_punish.txt'
Creating '/ZPOOL/data/projects/rf1-sra-sharedreward/derivatives/fsl/EVfiles/sub-10860/sharedreward/run-1_event_stranger_reward.txt'
Creating '/ZPOOL/data/projects/rf1-sra-sharedreward/derivatives/fsl/EVfiles/sub-10860/sharedreward/run-1_friend_face.txt'
Creating '/ZPOOL/data/projects/rf1-sra-sharedreward/derivatives/fsl/EVfiles/sub-10860/sharedreward/run-1_stranger_face.txt'
Creating '/ZPOOL/data/projects/rf1-sra-sharedreward/derivatives/fsl/EVfiles/sub-10860/sharedreward/run-2_computer_non-face.txt'
Creating '/ZPOOL/data/projects/rf1-sra-sharedreward/derivatives/fsl/EVfiles/sub-10860/sharedreward/run-2_event_computer_neutral.txt'
Creating '/ZPOOL/data/projects/rf1-sra-sharedreward/derivatives/fsl/EVfiles/sub-10860/sharedreward/run-2_event_computer_punish.txt'
Creating '/ZPOOL/data/projects/rf1-sra-sharedreward/derivatives/fsl/EVfiles/sub-10860/sharedreward/run-2_event_computer_reward.txt'
Creating '/ZPOOL/data/projects/rf1-sra-sharedreward/derivatives/fsl/EVfiles/sub-10860/sharedreward/run-2_event_friend_neutral.txt'
Creating '/ZPOOL/data/projects/rf1-sra-sharedreward/derivatives/fsl/EVfiles/sub-10860/sharedreward/run-2_event_friend_punish.txt'
Creating '/ZPOOL/data/projects/rf1-sra-sharedreward/derivatives/fsl/EVfiles/sub-10860/sharedreward/run-2_event_friend_reward.txt'
Creating '/ZPOOL/data/projects/rf1-sra-sharedreward/derivatives/fsl/EVfiles/sub-10860/sharedreward/run-2_event_stranger_neutral.txt'
Creating '/ZPOOL/data/projects/rf1-sra-sharedreward/derivatives/fsl/EVfiles/sub-10860/sharedreward/run-2_event_stranger_punish.txt'
Creating '/ZPOOL/data/projects/rf1-sra-sharedreward/derivatives/fsl/EVfiles/sub-10860/sharedreward/run-2_event_stranger_reward.txt'
Creating '/ZPOOL/data/projects/rf1-sra-sharedreward/derivatives/fsl/EVfiles/sub-10860/sharedreward/run-2_friend_face.txt'
Creating '/ZPOOL/data/projects/rf1-sra-sharedreward/derivatives/fsl/EVfiles/sub-10860/sharedreward/run-2_stranger_face.txt'
Creating '/ZPOOL/data/projects/rf1-sra-sharedreward/derivatives/fsl/EVfiles/sub-10862/sharedreward/run-1_computer_non-face.txt'
Creating '/ZPOOL/data/projects/rf1-sra-sharedreward/derivatives/fsl/EVfiles/sub-10862/sharedreward/run-1_event_computer_neutral.txt'
Creating '/ZPOOL/data/projects/rf1-sra-sharedreward/derivatives/fsl/EVfiles/sub-10862/sharedreward/run-1_event_computer_punish.txt'
Creating '/ZPOOL/data/projects/rf1-sra-sharedreward/derivatives/fsl/EVfiles/sub-10862/sharedreward/run-1_event_computer_reward.txt'
Creating '/ZPOOL/data/projects/rf1-sra-sharedreward/derivatives/fsl/EVfiles/sub-10862/sharedreward/run-1_event_friend_neutral.txt'
Creating '/ZPOOL/data/projects/rf1-sra-sharedreward/derivatives/fsl/EVfiles/sub-10862/sharedreward/run-1_event_friend_punish.txt'
Creating '/ZPOOL/data/projects/rf1-sra-sharedreward/derivatives/fsl/EVfiles/sub-10862/sharedreward/run-1_event_friend_reward.txt'
Creating '/ZPOOL/data/projects/rf1-sra-sharedreward/derivatives/fsl/EVfiles/sub-10862/sharedreward/run-1_event_stranger_neutral.txt'
Creating '/ZPOOL/data/projects/rf1-sra-sharedreward/derivatives/fsl/EVfiles/sub-10862/sharedreward/run-1_event_stranger_punish.txt'
Creating '/ZPOOL/data/projects/rf1-sra-sharedreward/derivatives/fsl/EVfiles/sub-10862/sharedreward/run-1_event_stranger_reward.txt'
Creating '/ZPOOL/data/projects/rf1-sra-sharedreward/derivatives/fsl/EVfiles/sub-10862/sharedreward/run-1_friend_face.txt'
Creating '/ZPOOL/data/projects/rf1-sra-sharedreward/derivatives/fsl/EVfiles/sub-10862/sharedreward/run-1_stranger_face.txt'
Creating '/ZPOOL/data/projects/rf1-sra-sharedreward/derivatives/fsl/EVfiles/sub-10862/sharedreward/run-2_computer_non-face.txt'
Creating '/ZPOOL/data/projects/rf1-sra-sharedreward/derivatives/fsl/EVfiles/sub-10862/sharedreward/run-2_event_computer_neutral.txt'
Creating '/ZPOOL/data/projects/rf1-sra-sharedreward/derivatives/fsl/EVfiles/sub-10862/sharedreward/run-2_event_computer_punish.txt'
Creating '/ZPOOL/data/projects/rf1-sra-sharedreward/derivatives/fsl/EVfiles/sub-10862/sharedreward/run-2_event_computer_reward.txt'
Creating '/ZPOOL/data/projects/rf1-sra-sharedreward/derivatives/fsl/EVfiles/sub-10862/sharedreward/run-2_event_friend_neutral.txt'
Creating '/ZPOOL/data/projects/rf1-sra-sharedreward/derivatives/fsl/EVfiles/sub-10862/sharedreward/run-2_event_friend_punish.txt'
Creating '/ZPOOL/data/projects/rf1-sra-sharedreward/derivatives/fsl/EVfiles/sub-10862/sharedreward/run-2_event_friend_reward.txt'
Creating '/ZPOOL/data/projects/rf1-sra-sharedreward/derivatives/fsl/EVfiles/sub-10862/sharedreward/run-2_event_stranger_neutral.txt'
Creating '/ZPOOL/data/projects/rf1-sra-sharedreward/derivatives/fsl/EVfiles/sub-10862/sharedreward/run-2_event_stranger_punish.txt'
Creating '/ZPOOL/data/projects/rf1-sra-sharedreward/derivatives/fsl/EVfiles/sub-10862/sharedreward/run-2_event_stranger_reward.txt'
Creating '/ZPOOL/data/projects/rf1-sra-sharedreward/derivatives/fsl/EVfiles/sub-10862/sharedreward/run-2_friend_face.txt'
Creating '/ZPOOL/data/projects/rf1-sra-sharedreward/derivatives/fsl/EVfiles/sub-10862/sharedreward/run-2_stranger_face.txt'
Creating '/ZPOOL/data/projects/rf1-sra-sharedreward/derivatives/fsl/EVfiles/sub-10863/sharedreward/run-1_computer_non-face.txt'
Creating '/ZPOOL/data/projects/rf1-sra-sharedreward/derivatives/fsl/EVfiles/sub-10863/sharedreward/run-1_event_computer_neutral.txt'
Creating '/ZPOOL/data/projects/rf1-sra-sharedreward/derivatives/fsl/EVfiles/sub-10863/sharedreward/run-1_event_computer_punish.txt'
Creating '/ZPOOL/data/projects/rf1-sra-sharedreward/derivatives/fsl/EVfiles/sub-10863/sharedreward/run-1_event_computer_reward.txt'
Creating '/ZPOOL/data/projects/rf1-sra-sharedreward/derivatives/fsl/EVfiles/sub-10863/sharedreward/run-1_event_friend_neutral.txt'
Creating '/ZPOOL/data/projects/rf1-sra-sharedreward/derivatives/fsl/EVfiles/sub-10863/sharedreward/run-1_event_friend_punish.txt'
Creating '/ZPOOL/data/projects/rf1-sra-sharedreward/derivatives/fsl/EVfiles/sub-10863/sharedreward/run-1_event_friend_reward.txt'
Creating '/ZPOOL/data/projects/rf1-sra-sharedreward/derivatives/fsl/EVfiles/sub-10863/sharedreward/run-1_event_stranger_neutral.txt'
Creating '/ZPOOL/data/projects/rf1-sra-sharedreward/derivatives/fsl/EVfiles/sub-10863/sharedreward/run-1_event_stranger_punish.txt'
Creating '/ZPOOL/data/projects/rf1-sra-sharedreward/derivatives/fsl/EVfiles/sub-10863/sharedreward/run-1_event_stranger_reward.txt'
Creating '/ZPOOL/data/projects/rf1-sra-sharedreward/derivatives/fsl/EVfiles/sub-10863/sharedreward/run-1_friend_face.txt'
Creating '/ZPOOL/data/projects/rf1-sra-sharedreward/derivatives/fsl/EVfiles/sub-10863/sharedreward/run-1_stranger_face.txt'
Creating '/ZPOOL/data/projects/rf1-sra-sharedreward/derivatives/fsl/EVfiles/sub-10863/sharedreward/run-2_computer_non-face.txt'
Creating '/ZPOOL/data/projects/rf1-sra-sharedreward/derivatives/fsl/EVfiles/sub-10863/sharedreward/run-2_event_computer_neutral.txt'
Creating '/ZPOOL/data/projects/rf1-sra-sharedreward/derivatives/fsl/EVfiles/sub-10863/sharedreward/run-2_event_computer_punish.txt'
Creating '/ZPOOL/data/projects/rf1-sra-sharedreward/derivatives/fsl/EVfiles/sub-10863/sharedreward/run-2_event_computer_reward.txt'
Creating '/ZPOOL/data/projects/rf1-sra-sharedreward/derivatives/fsl/EVfiles/sub-10863/sharedreward/run-2_event_friend_neutral.txt'
Creating '/ZPOOL/data/projects/rf1-sra-sharedreward/derivatives/fsl/EVfiles/sub-10863/sharedreward/run-2_event_friend_punish.txt'
Creating '/ZPOOL/data/projects/rf1-sra-sharedreward/derivatives/fsl/EVfiles/sub-10863/sharedreward/run-2_event_friend_reward.txt'
Creating '/ZPOOL/data/projects/rf1-sra-sharedreward/derivatives/fsl/EVfiles/sub-10863/sharedreward/run-2_event_stranger_neutral.txt'
Creating '/ZPOOL/data/projects/rf1-sra-sharedreward/derivatives/fsl/EVfiles/sub-10863/sharedreward/run-2_event_stranger_punish.txt'
Creating '/ZPOOL/data/projects/rf1-sra-sharedreward/derivatives/fsl/EVfiles/sub-10863/sharedreward/run-2_event_stranger_reward.txt'
Creating '/ZPOOL/data/projects/rf1-sra-sharedreward/derivatives/fsl/EVfiles/sub-10863/sharedreward/run-2_friend_face.txt'
Creating '/ZPOOL/data/projects/rf1-sra-sharedreward/derivatives/fsl/EVfiles/sub-10863/sharedreward/run-2_stranger_face.txt'
Creating '/ZPOOL/data/projects/rf1-sra-sharedreward/derivatives/fsl/EVfiles/sub-10866/sharedreward/run-1_computer_non-face.txt'
Creating '/ZPOOL/data/projects/rf1-sra-sharedreward/derivatives/fsl/EVfiles/sub-10866/sharedreward/run-1_event_computer_neutral.txt'
Creating '/ZPOOL/data/projects/rf1-sra-sharedreward/derivatives/fsl/EVfiles/sub-10866/sharedreward/run-1_event_computer_punish.txt'
Creating '/ZPOOL/data/projects/rf1-sra-sharedreward/derivatives/fsl/EVfiles/sub-10866/sharedreward/run-1_event_computer_reward.txt'
Creating '/ZPOOL/data/projects/rf1-sra-sharedreward/derivatives/fsl/EVfiles/sub-10866/sharedreward/run-1_event_friend_neutral.txt'
Creating '/ZPOOL/data/projects/rf1-sra-sharedreward/derivatives/fsl/EVfiles/sub-10866/sharedreward/run-1_event_friend_punish.txt'
Creating '/ZPOOL/data/projects/rf1-sra-sharedreward/derivatives/fsl/EVfiles/sub-10866/sharedreward/run-1_event_friend_reward.txt'
Creating '/ZPOOL/data/projects/rf1-sra-sharedreward/derivatives/fsl/EVfiles/sub-10866/sharedreward/run-1_event_stranger_neutral.txt'
Creating '/ZPOOL/data/projects/rf1-sra-sharedreward/derivatives/fsl/EVfiles/sub-10866/sharedreward/run-1_event_stranger_punish.txt'
Creating '/ZPOOL/data/projects/rf1-sra-sharedreward/derivatives/fsl/EVfiles/sub-10866/sharedreward/run-1_event_stranger_reward.txt'
Creating '/ZPOOL/data/projects/rf1-sra-sharedreward/derivatives/fsl/EVfiles/sub-10866/sharedreward/run-1_friend_face.txt'
Creating '/ZPOOL/data/projects/rf1-sra-sharedreward/derivatives/fsl/EVfiles/sub-10866/sharedreward/run-1_stranger_face.txt'
Creating '/ZPOOL/data/projects/rf1-sra-sharedreward/derivatives/fsl/EVfiles/sub-10866/sharedreward/run-2_computer_non-face.txt'
Creating '/ZPOOL/data/projects/rf1-sra-sharedreward/derivatives/fsl/EVfiles/sub-10866/sharedreward/run-2_event_computer_neutral.txt'
Creating '/ZPOOL/data/projects/rf1-sra-sharedreward/derivatives/fsl/EVfiles/sub-10866/sharedreward/run-2_event_computer_punish.txt'
Creating '/ZPOOL/data/projects/rf1-sra-sharedreward/derivatives/fsl/EVfiles/sub-10866/sharedreward/run-2_event_computer_reward.txt'
Creating '/ZPOOL/data/projects/rf1-sra-sharedreward/derivatives/fsl/EVfiles/sub-10866/sharedreward/run-2_event_friend_neutral.txt'
Creating '/ZPOOL/data/projects/rf1-sra-sharedreward/derivatives/fsl/EVfiles/sub-10866/sharedreward/run-2_event_friend_punish.txt'
Creating '/ZPOOL/data/projects/rf1-sra-sharedreward/derivatives/fsl/EVfiles/sub-10866/sharedreward/run-2_event_friend_reward.txt'
Creating '/ZPOOL/data/projects/rf1-sra-sharedreward/derivatives/fsl/EVfiles/sub-10866/sharedreward/run-2_event_stranger_neutral.txt'
Creating '/ZPOOL/data/projects/rf1-sra-sharedreward/derivatives/fsl/EVfiles/sub-10866/sharedreward/run-2_event_stranger_punish.txt'
Creating '/ZPOOL/data/projects/rf1-sra-sharedreward/derivatives/fsl/EVfiles/sub-10866/sharedreward/run-2_event_stranger_reward.txt'
Creating '/ZPOOL/data/projects/rf1-sra-sharedreward/derivatives/fsl/EVfiles/sub-10866/sharedreward/run-2_friend_face.txt'
Creating '/ZPOOL/data/projects/rf1-sra-sharedreward/derivatives/fsl/EVfiles/sub-10866/sharedreward/run-2_stranger_face.txt'
