complete 10317 1
complete 10317 2
complete 10402 1
complete 10402 2
complete 10418 1
complete 10418 2
complete 10462 1
Successfully extracted 10402 sharedreward /ZPOOL/data/projects/rf1-sra-sharedreward/masks/networkmasks/nan_rPNAS_2mm_net0000.nii.gz
complete 10462 2
complete 10478 1
Successfully extracted 10402 sharedreward /ZPOOL/data/projects/rf1-sra-sharedreward/masks/networkmasks/nan_rPNAS_2mm_net0000.nii.gz
complete 10478 2
cannot run nPPI because you're missing /ZPOOL/data/projects/rf1-sra-sharedreward/derivatives/fsl/sub-10478/L1_task-sharedreward_model-1_type-act_run-2_sm-6.feat/mask
Successfully extracted 10418 sharedreward /ZPOOL/data/projects/rf1-sra-sharedreward/masks/networkmasks/nan_rPNAS_2mm_net0000.nii.gz
complete 10486 1
Successfully extracted 10418 sharedreward /ZPOOL/data/projects/rf1-sra-sharedreward/masks/networkmasks/nan_rPNAS_2mm_net0000.nii.gz
complete 10486 2
Successfully extracted 10402 sharedreward /ZPOOL/data/projects/rf1-sra-sharedreward/masks/networkmasks/nan_rPNAS_2mm_net0001.nii.gz
Successfully extracted 10462 sharedreward /ZPOOL/data/projects/rf1-sra-sharedreward/masks/networkmasks/nan_rPNAS_2mm_net0000.nii.gz
complete 10529 1
Successfully extracted 10402 sharedreward /ZPOOL/data/projects/rf1-sra-sharedreward/masks/networkmasks/nan_rPNAS_2mm_net0001.nii.gz
complete 10529 2
Successfully extracted 10478 sharedreward /ZPOOL/data/projects/rf1-sra-sharedreward/masks/networkmasks/nan_rPNAS_2mm_net0000.nii.gz
Successfully extracted 10418 sharedreward /ZPOOL/data/projects/rf1-sra-sharedreward/masks/networkmasks/nan_rPNAS_2mm_net0001.nii.gz
Successfully extracted 10486 sharedreward /ZPOOL/data/projects/rf1-sra-sharedreward/masks/networkmasks/nan_rPNAS_2mm_net0000.nii.gz
Successfully extracted 10418 sharedreward /ZPOOL/data/projects/rf1-sra-sharedreward/masks/networkmasks/nan_rPNAS_2mm_net0001.nii.gz
Successfully extracted 10486 sharedreward /ZPOOL/data/projects/rf1-sra-sharedreward/masks/networkmasks/nan_rPNAS_2mm_net0000.nii.gz
Successfully extracted 10402 sharedreward /ZPOOL/data/projects/rf1-sra-sharedreward/masks/networkmasks/nan_rPNAS_2mm_net0002.nii.gz
Successfully extracted 10462 sharedreward /ZPOOL/data/projects/rf1-sra-sharedreward/masks/networkmasks/nan_rPNAS_2mm_net0001.nii.gz
Successfully extracted 10529 sharedreward /ZPOOL/data/projects/rf1-sra-sharedreward/masks/networkmasks/nan_rPNAS_2mm_net0000.nii.gz
Successfully extracted 10402 sharedreward /ZPOOL/data/projects/rf1-sra-sharedreward/masks/networkmasks/nan_rPNAS_2mm_net0002.nii.gz
Successfully extracted 10478 sharedreward /ZPOOL/data/projects/rf1-sra-sharedreward/masks/networkmasks/nan_rPNAS_2mm_net0001.nii.gz
Successfully extracted 10529 sharedreward /ZPOOL/data/projects/rf1-sra-sharedreward/masks/networkmasks/nan_rPNAS_2mm_net0000.nii.gz
Successfully extracted 10418 sharedreward /ZPOOL/data/projects/rf1-sra-sharedreward/masks/networkmasks/nan_rPNAS_2mm_net0002.nii.gz
Successfully extracted 10486 sharedreward /ZPOOL/data/projects/rf1-sra-sharedreward/masks/networkmasks/nan_rPNAS_2mm_net0001.nii.gz
Successfully extracted 10418 sharedreward /ZPOOL/data/projects/rf1-sra-sharedreward/masks/networkmasks/nan_rPNAS_2mm_net0002.nii.gz
Successfully extracted 10486 sharedreward /ZPOOL/data/projects/rf1-sra-sharedreward/masks/networkmasks/nan_rPNAS_2mm_net0001.nii.gz
Successfully extracted 10402 sharedreward /ZPOOL/data/projects/rf1-sra-sharedreward/masks/networkmasks/nan_rPNAS_2mm_net0003.nii.gz
Successfully extracted 10462 sharedreward /ZPOOL/data/projects/rf1-sra-sharedreward/masks/networkmasks/nan_rPNAS_2mm_net0002.nii.gz
Successfully extracted 10529 sharedreward /ZPOOL/data/projects/rf1-sra-sharedreward/masks/networkmasks/nan_rPNAS_2mm_net0001.nii.gz
Successfully extracted 10402 sharedreward /ZPOOL/data/projects/rf1-sra-sharedreward/masks/networkmasks/nan_rPNAS_2mm_net0003.nii.gz
Successfully extracted 10478 sharedreward /ZPOOL/data/projects/rf1-sra-sharedreward/masks/networkmasks/nan_rPNAS_2mm_net0002.nii.gz
Successfully extracted 10529 sharedreward /ZPOOL/data/projects/rf1-sra-sharedreward/masks/networkmasks/nan_rPNAS_2mm_net0001.nii.gz
Successfully extracted 10418 sharedreward /ZPOOL/data/projects/rf1-sra-sharedreward/masks/networkmasks/nan_rPNAS_2mm_net0003.nii.gz
Successfully extracted 10486 sharedreward /ZPOOL/data/projects/rf1-sra-sharedreward/masks/networkmasks/nan_rPNAS_2mm_net0002.nii.gz
Successfully extracted 10418 sharedreward /ZPOOL/data/projects/rf1-sra-sharedreward/masks/networkmasks/nan_rPNAS_2mm_net0003.nii.gz
Successfully extracted 10486 sharedreward /ZPOOL/data/projects/rf1-sra-sharedreward/masks/networkmasks/nan_rPNAS_2mm_net0002.nii.gz
Successfully extracted 10402 sharedreward /ZPOOL/data/projects/rf1-sra-sharedreward/masks/networkmasks/nan_rPNAS_2mm_net0004.nii.gz
Successfully extracted 10529 sharedreward /ZPOOL/data/projects/rf1-sra-sharedreward/masks/networkmasks/nan_rPNAS_2mm_net0002.nii.gz
Successfully extracted 10462 sharedreward /ZPOOL/data/projects/rf1-sra-sharedreward/masks/networkmasks/nan_rPNAS_2mm_net0003.nii.gz
Successfully extracted 10402 sharedreward /ZPOOL/data/projects/rf1-sra-sharedreward/masks/networkmasks/nan_rPNAS_2mm_net0004.nii.gz
Successfully extracted 10478 sharedreward /ZPOOL/data/projects/rf1-sra-sharedreward/masks/networkmasks/nan_rPNAS_2mm_net0003.nii.gz
Successfully extracted 10529 sharedreward /ZPOOL/data/projects/rf1-sra-sharedreward/masks/networkmasks/nan_rPNAS_2mm_net0002.nii.gz
Successfully extracted 10418 sharedreward /ZPOOL/data/projects/rf1-sra-sharedreward/masks/networkmasks/nan_rPNAS_2mm_net0004.nii.gz
Successfully extracted 10486 sharedreward /ZPOOL/data/projects/rf1-sra-sharedreward/masks/networkmasks/nan_rPNAS_2mm_net0003.nii.gz
Successfully extracted 10486 sharedreward /ZPOOL/data/projects/rf1-sra-sharedreward/masks/networkmasks/nan_rPNAS_2mm_net0003.nii.gz
Successfully extracted 10418 sharedreward /ZPOOL/data/projects/rf1-sra-sharedreward/masks/networkmasks/nan_rPNAS_2mm_net0004.nii.gz
Successfully extracted 10402 sharedreward /ZPOOL/data/projects/rf1-sra-sharedreward/masks/networkmasks/nan_rPNAS_2mm_net0005.nii.gz
Successfully extracted 10529 sharedreward /ZPOOL/data/projects/rf1-sra-sharedreward/masks/networkmasks/nan_rPNAS_2mm_net0003.nii.gz
Successfully extracted 10402 sharedreward /ZPOOL/data/projects/rf1-sra-sharedreward/masks/networkmasks/nan_rPNAS_2mm_net0005.nii.gz
Successfully extracted 10462 sharedreward /ZPOOL/data/projects/rf1-sra-sharedreward/masks/networkmasks/nan_rPNAS_2mm_net0004.nii.gz
Successfully extracted 10478 sharedreward /ZPOOL/data/projects/rf1-sra-sharedreward/masks/networkmasks/nan_rPNAS_2mm_net0004.nii.gz
Successfully extracted 10529 sharedreward /ZPOOL/data/projects/rf1-sra-sharedreward/masks/networkmasks/nan_rPNAS_2mm_net0003.nii.gz
Successfully extracted 10418 sharedreward /ZPOOL/data/projects/rf1-sra-sharedreward/masks/networkmasks/nan_rPNAS_2mm_net0005.nii.gz
Successfully extracted 10486 sharedreward /ZPOOL/data/projects/rf1-sra-sharedreward/masks/networkmasks/nan_rPNAS_2mm_net0004.nii.gz
Successfully extracted 10486 sharedreward /ZPOOL/data/projects/rf1-sra-sharedreward/masks/networkmasks/nan_rPNAS_2mm_net0004.nii.gz
Successfully extracted 10418 sharedreward /ZPOOL/data/projects/rf1-sra-sharedreward/masks/networkmasks/nan_rPNAS_2mm_net0005.nii.gz
Successfully extracted 10402 sharedreward /ZPOOL/data/projects/rf1-sra-sharedreward/masks/networkmasks/nan_rPNAS_2mm_net0006.nii.gz
Successfully extracted 10529 sharedreward /ZPOOL/data/projects/rf1-sra-sharedreward/masks/networkmasks/nan_rPNAS_2mm_net0004.nii.gz
Successfully extracted 10402 sharedreward /ZPOOL/data/projects/rf1-sra-sharedreward/masks/networkmasks/nan_rPNAS_2mm_net0006.nii.gz
Successfully extracted 10462 sharedreward /ZPOOL/data/projects/rf1-sra-sharedreward/masks/networkmasks/nan_rPNAS_2mm_net0005.nii.gz
Successfully extracted 10478 sharedreward /ZPOOL/data/projects/rf1-sra-sharedreward/masks/networkmasks/nan_rPNAS_2mm_net0005.nii.gz
Successfully extracted 10529 sharedreward /ZPOOL/data/projects/rf1-sra-sharedreward/masks/networkmasks/nan_rPNAS_2mm_net0004.nii.gz
Successfully extracted 10418 sharedreward /ZPOOL/data/projects/rf1-sra-sharedreward/masks/networkmasks/nan_rPNAS_2mm_net0006.nii.gz
Successfully extracted 10486 sharedreward /ZPOOL/data/projects/rf1-sra-sharedreward/masks/networkmasks/nan_rPNAS_2mm_net0005.nii.gz
Successfully extracted 10486 sharedreward /ZPOOL/data/projects/rf1-sra-sharedreward/masks/networkmasks/nan_rPNAS_2mm_net0005.nii.gz
Successfully extracted 10418 sharedreward /ZPOOL/data/projects/rf1-sra-sharedreward/masks/networkmasks/nan_rPNAS_2mm_net0006.nii.gz
Successfully extracted 10402 sharedreward /ZPOOL/data/projects/rf1-sra-sharedreward/masks/networkmasks/nan_rPNAS_2mm_net0007.nii.gz
Successfully extracted 10402 sharedreward /ZPOOL/data/projects/rf1-sra-sharedreward/masks/networkmasks/nan_rPNAS_2mm_net0007.nii.gz
Successfully extracted 10529 sharedreward /ZPOOL/data/projects/rf1-sra-sharedreward/masks/networkmasks/nan_rPNAS_2mm_net0005.nii.gz
Successfully extracted 10462 sharedreward /ZPOOL/data/projects/rf1-sra-sharedreward/masks/networkmasks/nan_rPNAS_2mm_net0006.nii.gz
Successfully extracted 10478 sharedreward /ZPOOL/data/projects/rf1-sra-sharedreward/masks/networkmasks/nan_rPNAS_2mm_net0006.nii.gz
Successfully extracted 10529 sharedreward /ZPOOL/data/projects/rf1-sra-sharedreward/masks/networkmasks/nan_rPNAS_2mm_net0005.nii.gz
Successfully extracted 10418 sharedreward /ZPOOL/data/projects/rf1-sra-sharedreward/masks/networkmasks/nan_rPNAS_2mm_net0007.nii.gz
Successfully extracted 10486 sharedreward /ZPOOL/data/projects/rf1-sra-sharedreward/masks/networkmasks/nan_rPNAS_2mm_net0006.nii.gz
Successfully extracted 10486 sharedreward /ZPOOL/data/projects/rf1-sra-sharedreward/masks/networkmasks/nan_rPNAS_2mm_net0006.nii.gz
Successfully extracted 10418 sharedreward /ZPOOL/data/projects/rf1-sra-sharedreward/masks/networkmasks/nan_rPNAS_2mm_net0007.nii.gz
Successfully extracted 10402 sharedreward /ZPOOL/data/projects/rf1-sra-sharedreward/masks/networkmasks/nan_rPNAS_2mm_net0008.nii.gz
Successfully extracted 10402 sharedreward /ZPOOL/data/projects/rf1-sra-sharedreward/masks/networkmasks/nan_rPNAS_2mm_net0008.nii.gz
Successfully extracted 10529 sharedreward /ZPOOL/data/projects/rf1-sra-sharedreward/masks/networkmasks/nan_rPNAS_2mm_net0006.nii.gz
Successfully extracted 10462 sharedreward /ZPOOL/data/projects/rf1-sra-sharedreward/masks/networkmasks/nan_rPNAS_2mm_net0007.nii.gz
Successfully extracted 10478 sharedreward /ZPOOL/data/projects/rf1-sra-sharedreward/masks/networkmasks/nan_rPNAS_2mm_net0007.nii.gz
Successfully extracted 10529 sharedreward /ZPOOL/data/projects/rf1-sra-sharedreward/masks/networkmasks/nan_rPNAS_2mm_net0006.nii.gz
Successfully extracted 10418 sharedreward /ZPOOL/data/projects/rf1-sra-sharedreward/masks/networkmasks/nan_rPNAS_2mm_net0008.nii.gz
Successfully extracted 10486 sharedreward /ZPOOL/data/projects/rf1-sra-sharedreward/masks/networkmasks/nan_rPNAS_2mm_net0007.nii.gz
Successfully extracted 10486 sharedreward /ZPOOL/data/projects/rf1-sra-sharedreward/masks/networkmasks/nan_rPNAS_2mm_net0007.nii.gz
Successfully extracted 10402 sharedreward /ZPOOL/data/projects/rf1-sra-sharedreward/masks/networkmasks/nan_rPNAS_2mm_net0009.nii.gz
Successfully extracted 10418 sharedreward /ZPOOL/data/projects/rf1-sra-sharedreward/masks/networkmasks/nan_rPNAS_2mm_net0008.nii.gz
Successfully extracted 10402 sharedreward /ZPOOL/data/projects/rf1-sra-sharedreward/masks/networkmasks/nan_rPNAS_2mm_net0009.nii.gz
Successfully extracted 10529 sharedreward /ZPOOL/data/projects/rf1-sra-sharedreward/masks/networkmasks/nan_rPNAS_2mm_net0007.nii.gz
Successfully extracted 10462 sharedreward /ZPOOL/data/projects/rf1-sra-sharedreward/masks/networkmasks/nan_rPNAS_2mm_net0008.nii.gz
Successfully extracted 10529 sharedreward /ZPOOL/data/projects/rf1-sra-sharedreward/masks/networkmasks/nan_rPNAS_2mm_net0007.nii.gz
Successfully extracted 10478 sharedreward /ZPOOL/data/projects/rf1-sra-sharedreward/masks/networkmasks/nan_rPNAS_2mm_net0008.nii.gz
Successfully extracted 10418 sharedreward /ZPOOL/data/projects/rf1-sra-sharedreward/masks/networkmasks/nan_rPNAS_2mm_net0009.nii.gz
Successfully extracted 10486 sharedreward /ZPOOL/data/projects/rf1-sra-sharedreward/masks/networkmasks/nan_rPNAS_2mm_net0008.nii.gz
Successfully extracted 10486 sharedreward /ZPOOL/data/projects/rf1-sra-sharedreward/masks/networkmasks/nan_rPNAS_2mm_net0008.nii.gz
Successfully extracted 10418 sharedreward /ZPOOL/data/projects/rf1-sra-sharedreward/masks/networkmasks/nan_rPNAS_2mm_net0009.nii.gz
To view the FEAT progress and final report, point your web browser at /ZPOOL/data/projects/rf1-sra-sharedreward/derivatives/fsl/sub-10402/L1_task-sharedreward_model-1_type-nppi-dmn_run-1_sm-6.feat/report_log.html
Successfully extracted 10529 sharedreward /ZPOOL/data/projects/rf1-sra-sharedreward/masks/networkmasks/nan_rPNAS_2mm_net0008.nii.gz
To view the FEAT progress and final report, point your web browser at /ZPOOL/data/projects/rf1-sra-sharedreward/derivatives/fsl/sub-10402/L1_task-sharedreward_model-1_type-nppi-dmn_run-2_sm-6.feat/report_log.html
Successfully extracted 10462 sharedreward /ZPOOL/data/projects/rf1-sra-sharedreward/masks/networkmasks/nan_rPNAS_2mm_net0009.nii.gz
Successfully extracted 10529 sharedreward /ZPOOL/data/projects/rf1-sra-sharedreward/masks/networkmasks/nan_rPNAS_2mm_net0008.nii.gz
Successfully extracted 10478 sharedreward /ZPOOL/data/projects/rf1-sra-sharedreward/masks/networkmasks/nan_rPNAS_2mm_net0009.nii.gz
Successfully extracted 10486 sharedreward /ZPOOL/data/projects/rf1-sra-sharedreward/masks/networkmasks/nan_rPNAS_2mm_net0009.nii.gz
Successfully extracted 10486 sharedreward /ZPOOL/data/projects/rf1-sra-sharedreward/masks/networkmasks/nan_rPNAS_2mm_net0009.nii.gz
To view the FEAT progress and final report, point your web browser at /ZPOOL/data/projects/rf1-sra-sharedreward/derivatives/fsl/sub-10418/L1_task-sharedreward_model-1_type-nppi-dmn_run-1_sm-6.feat/report_log.html
To view the FEAT progress and final report, point your web browser at /ZPOOL/data/projects/rf1-sra-sharedreward/derivatives/fsl/sub-10418/L1_task-sharedreward_model-1_type-nppi-dmn_run-2_sm-6.feat/report_log.html
Successfully extracted 10529 sharedreward /ZPOOL/data/projects/rf1-sra-sharedreward/masks/networkmasks/nan_rPNAS_2mm_net0009.nii.gz
To view the FEAT progress and final report, point your web browser at /ZPOOL/data/projects/rf1-sra-sharedreward/derivatives/fsl/sub-10462/L1_task-sharedreward_model-1_type-nppi-dmn_run-1_sm-6.feat/report_log.html
Successfully extracted 10529 sharedreward /ZPOOL/data/projects/rf1-sra-sharedreward/masks/networkmasks/nan_rPNAS_2mm_net0009.nii.gz
To view the FEAT progress and final report, point your web browser at /ZPOOL/data/projects/rf1-sra-sharedreward/derivatives/fsl/sub-10478/L1_task-sharedreward_model-1_type-nppi-dmn_run-1_sm-6.feat/report_log.html
To view the FEAT progress and final report, point your web browser at /ZPOOL/data/projects/rf1-sra-sharedreward/derivatives/fsl/sub-10486/L1_task-sharedreward_model-1_type-nppi-dmn_run-2_sm-6.feat/report_log.html
To view the FEAT progress and final report, point your web browser at /ZPOOL/data/projects/rf1-sra-sharedreward/derivatives/fsl/sub-10486/L1_task-sharedreward_model-1_type-nppi-dmn_run-1_sm-6.feat/report_log.html
To view the FEAT progress and final report, point your web browser at /ZPOOL/data/projects/rf1-sra-sharedreward/derivatives/fsl/sub-10529/L1_task-sharedreward_model-1_type-nppi-dmn_run-1_sm-6.feat/report_log.html
To view the FEAT progress and final report, point your web browser at /ZPOOL/data/projects/rf1-sra-sharedreward/derivatives/fsl/sub-10529/L1_task-sharedreward_model-1_type-nppi-dmn_run-2_sm-6.feat/report_log.html
child killed: hangup
    while executing
"fsl:exec "${FSLDIR}/bin/feat ${fsfroot}.fsf -D $FD -I $session -stats" -b $howlong -h $prestatsID -N feat3_film -l logs "
    (procedure "firstLevelMaster" line 190)
    invoked from within
"firstLevelMaster $session"
    invoked from within
"if { $done_something == 0 } {

    if { ! $fmri(inmelodic) } {
       if { $fmri(level) == 1 } {
	      for { set session 1 } { $session <= $fmri(mult..."
    (file "/usr/local/fsl/bin/feat" line 390)
child killed: hangup
    while executing
"fsl:exec "${FSLDIR}/bin/feat ${fsfroot}.fsf -D $FD -I $session -stats" -b $howlong -h $prestatsID -N feat3_film -l logs "
    (procedure "firstLevelMaster" line 190)
    invoked from within
"firstLevelMaster $session"
    invoked from within
"if { $done_something == 0 } {

    if { ! $fmri(inmelodic) } {
       if { $fmri(level) == 1 } {
	      for { set session 1 } { $session <= $fmri(mult..."
    (file "/usr/local/fsl/bin/feat" line 390)
child killed: hangup
    while executing
"fsl:exec "${FSLDIR}/bin/feat ${fsfroot}.fsf -D $FD -I $session -stats" -b $howlong -h $prestatsID -N feat3_film -l logs "
    (procedure "firstLevelMaster" line 190)
    invoked from within
"firstLevelMaster $session"
    invoked from within
"if { $done_something == 0 } {

    if { ! $fmri(inmelodic) } {
       if { $fmri(level) == 1 } {
	      for { set session 1 } { $session <= $fmri(mult..."
    (file "/usr/local/fsl/bin/feat" line 390)
child killed: hangup
    while executing
"fsl:exec "${FSLDIR}/bin/feat ${fsfroot}.fsf -D $FD -I $session -stats" -b $howlong -h $prestatsID -N feat3_film -l logs "
    (procedure "firstLevelMaster" line 190)
    invoked from within
"firstLevelMaster $session"
    invoked from within
"if { $done_something == 0 } {

    if { ! $fmri(inmelodic) } {
       if { $fmri(level) == 1 } {
	      for { set session 1 } { $session <= $fmri(mult..."
    (file "/usr/local/fsl/bin/feat" line 390)
child killed: hangup
    while executing
"fsl:exec "${FSLDIR}/bin/feat ${fsfroot}.fsf -D $FD -I $session -stats" -b $howlong -h $prestatsID -N feat3_film -l logs "
    (procedure "firstLevelMaster" line 190)
    invoked from within
"firstLevelMaster $session"
    invoked from within
"if { $done_something == 0 } {

    if { ! $fmri(inmelodic) } {
       if { $fmri(level) == 1 } {
	      for { set session 1 } { $session <= $fmri(mult..."
    (file "/usr/local/fsl/bin/feat" line 390)
child killed: hangup
    while executing
"fsl:exec "${FSLDIR}/bin/feat ${fsfroot}.fsf -D $FD -I $session -stats" -b $howlong -h $prestatsID -N feat3_film -l logs "
    (procedure "firstLevelMaster" line 190)
    invoked from within
"firstLevelMaster $session"
    invoked from within
"if { $done_something == 0 } {

    if { ! $fmri(inmelodic) } {
       if { $fmri(level) == 1 } {
	      for { set session 1 } { $session <= $fmri(mult..."
    (file "/usr/local/fsl/bin/feat" line 390)
child killed: hangup
    while executing
"fsl:exec "${FSLDIR}/bin/feat ${fsfroot}.fsf -D $FD -I $session -stats" -b $howlong -h $prestatsID -N feat3_film -l logs "
    (procedure "firstLevelMaster" line 190)
    invoked from within
"firstLevelMaster $session"
    invoked from within
"if { $done_something == 0 } {

    if { ! $fmri(inmelodic) } {
       if { $fmri(level) == 1 } {
	      for { set session 1 } { $session <= $fmri(mult..."
    (file "/usr/local/fsl/bin/feat" line 390)child killed: hangup
    while executing
"fsl:exec "${FSLDIR}/bin/feat ${fsfroot}.fsf -D $FD -I $session -stats" -b $howlong -h $prestatsID -N feat3_film -l logs "
    (procedure "firstLevelMaster" line 190)
    invoked from within
"firstLevelMaster $session"
    invoked from within
"if { $done_something == 0 } {

    if { ! $fmri(inmelodic) } {
       if { $fmri(level) == 1 } {
	      for { set session 1 } { $session <= $fmri(mult..."
    (file "/usr/local/fsl/bin/feat" line 390)

child killed: hangup
    while executing
"fsl:exec "${FSLDIR}/bin/feat ${fsfroot}.fsf -D $FD -I $session -stats" -b $howlong -h $prestatsID -N feat3_film -l logs "
    (procedure "firstLevelMaster" line 190)
    invoked from within
"firstLevelMaster $session"
    invoked from within
"if { $done_something == 0 } {

    if { ! $fmri(inmelodic) } {
       if { $fmri(level) == 1 } {
	      for { set session 1 } { $session <= $fmri(mult..."
    (file "/usr/local/fsl/bin/feat" line 390)
child killed: hangup
    while executing
"fsl:exec "${FSLDIR}/bin/feat ${fsfroot}.fsf -D $FD -I $session -stats" -b $howlong -h $prestatsID -N feat3_film -l logs "
    (procedure "firstLevelMaster" line 190)
    invoked from within
"firstLevelMaster $session"
    invoked from within
"if { $done_something == 0 } {

    if { ! $fmri(inmelodic) } {
       if { $fmri(level) == 1 } {
	      for { set session 1 } { $session <= $fmri(mult..."
    (file "/usr/local/fsl/bin/feat" line 390)
complete 10541 1
complete 10541 2
complete 10559 1
complete 10559 2
complete 10572 1
complete 10572 2
Successfully extracted 10541 sharedreward /ZPOOL/data/projects/rf1-sra-sharedreward/masks/networkmasks/nan_rPNAS_2mm_net0000.nii.gz
complete 10581 1
Successfully extracted 10541 sharedreward /ZPOOL/data/projects/rf1-sra-sharedreward/masks/networkmasks/nan_rPNAS_2mm_net0000.nii.gz
complete 10581 2
Successfully extracted 10559 sharedreward /ZPOOL/data/projects/rf1-sra-sharedreward/masks/networkmasks/nan_rPNAS_2mm_net0000.nii.gz
complete 10584 1
Successfully extracted 10559 sharedreward /ZPOOL/data/projects/rf1-sra-sharedreward/masks/networkmasks/nan_rPNAS_2mm_net0000.nii.gz
complete 10584 2
Successfully extracted 10572 sharedreward /ZPOOL/data/projects/rf1-sra-sharedreward/masks/networkmasks/nan_rPNAS_2mm_net0000.nii.gz
complete 10585 1
Successfully extracted 10541 sharedreward /ZPOOL/data/projects/rf1-sra-sharedreward/masks/networkmasks/nan_rPNAS_2mm_net0001.nii.gz
Successfully extracted 10572 sharedreward /ZPOOL/data/projects/rf1-sra-sharedreward/masks/networkmasks/nan_rPNAS_2mm_net0000.nii.gz
Successfully extracted 10541 sharedreward /ZPOOL/data/projects/rf1-sra-sharedreward/masks/networkmasks/nan_rPNAS_2mm_net0001.nii.gz
Successfully extracted 10581 sharedreward /ZPOOL/data/projects/rf1-sra-sharedreward/masks/networkmasks/nan_rPNAS_2mm_net0000.nii.gz
Successfully extracted 10559 sharedreward /ZPOOL/data/projects/rf1-sra-sharedreward/masks/networkmasks/nan_rPNAS_2mm_net0001.nii.gz
Successfully extracted 10581 sharedreward /ZPOOL/data/projects/rf1-sra-sharedreward/masks/networkmasks/nan_rPNAS_2mm_net0000.nii.gz
Successfully extracted 10559 sharedreward /ZPOOL/data/projects/rf1-sra-sharedreward/masks/networkmasks/nan_rPNAS_2mm_net0001.nii.gz
Successfully extracted 10584 sharedreward /ZPOOL/data/projects/rf1-sra-sharedreward/masks/networkmasks/nan_rPNAS_2mm_net0000.nii.gz
Successfully extracted 10572 sharedreward /ZPOOL/data/projects/rf1-sra-sharedreward/masks/networkmasks/nan_rPNAS_2mm_net0001.nii.gz
Successfully extracted 10541 sharedreward /ZPOOL/data/projects/rf1-sra-sharedreward/masks/networkmasks/nan_rPNAS_2mm_net0002.nii.gz
Successfully extracted 10572 sharedreward /ZPOOL/data/projects/rf1-sra-sharedreward/masks/networkmasks/nan_rPNAS_2mm_net0001.nii.gz
Successfully extracted 10585 sharedreward /ZPOOL/data/projects/rf1-sra-sharedreward/masks/networkmasks/nan_rPNAS_2mm_net0000.nii.gz
Successfully extracted 10541 sharedreward /ZPOOL/data/projects/rf1-sra-sharedreward/masks/networkmasks/nan_rPNAS_2mm_net0002.nii.gz
Successfully extracted 10581 sharedreward /ZPOOL/data/projects/rf1-sra-sharedreward/masks/networkmasks/nan_rPNAS_2mm_net0001.nii.gz
Successfully extracted 10559 sharedreward /ZPOOL/data/projects/rf1-sra-sharedreward/masks/networkmasks/nan_rPNAS_2mm_net0002.nii.gz
Successfully extracted 10581 sharedreward /ZPOOL/data/projects/rf1-sra-sharedreward/masks/networkmasks/nan_rPNAS_2mm_net0001.nii.gz
Successfully extracted 10559 sharedreward /ZPOOL/data/projects/rf1-sra-sharedreward/masks/networkmasks/nan_rPNAS_2mm_net0002.nii.gz
Successfully extracted 10584 sharedreward /ZPOOL/data/projects/rf1-sra-sharedreward/masks/networkmasks/nan_rPNAS_2mm_net0001.nii.gz
Successfully extracted 10572 sharedreward /ZPOOL/data/projects/rf1-sra-sharedreward/masks/networkmasks/nan_rPNAS_2mm_net0002.nii.gz
Successfully extracted 10541 sharedreward /ZPOOL/data/projects/rf1-sra-sharedreward/masks/networkmasks/nan_rPNAS_2mm_net0003.nii.gz
Successfully extracted 10572 sharedreward /ZPOOL/data/projects/rf1-sra-sharedreward/masks/networkmasks/nan_rPNAS_2mm_net0002.nii.gz
Successfully extracted 10585 sharedreward /ZPOOL/data/projects/rf1-sra-sharedreward/masks/networkmasks/nan_rPNAS_2mm_net0001.nii.gz
Successfully extracted 10541 sharedreward /ZPOOL/data/projects/rf1-sra-sharedreward/masks/networkmasks/nan_rPNAS_2mm_net0003.nii.gz
Successfully extracted 10559 sharedreward /ZPOOL/data/projects/rf1-sra-sharedreward/masks/networkmasks/nan_rPNAS_2mm_net0003.nii.gz
Successfully extracted 10581 sharedreward /ZPOOL/data/projects/rf1-sra-sharedreward/masks/networkmasks/nan_rPNAS_2mm_net0002.nii.gz
Successfully extracted 10581 sharedreward /ZPOOL/data/projects/rf1-sra-sharedreward/masks/networkmasks/nan_rPNAS_2mm_net0002.nii.gz
Successfully extracted 10559 sharedreward /ZPOOL/data/projects/rf1-sra-sharedreward/masks/networkmasks/nan_rPNAS_2mm_net0003.nii.gz
Successfully extracted 10584 sharedreward /ZPOOL/data/projects/rf1-sra-sharedreward/masks/networkmasks/nan_rPNAS_2mm_net0002.nii.gz
Successfully extracted 10572 sharedreward /ZPOOL/data/projects/rf1-sra-sharedreward/masks/networkmasks/nan_rPNAS_2mm_net0003.nii.gz
Successfully extracted 10541 sharedreward /ZPOOL/data/projects/rf1-sra-sharedreward/masks/networkmasks/nan_rPNAS_2mm_net0004.nii.gz
Successfully extracted 10572 sharedreward /ZPOOL/data/projects/rf1-sra-sharedreward/masks/networkmasks/nan_rPNAS_2mm_net0003.nii.gz
Successfully extracted 10585 sharedreward /ZPOOL/data/projects/rf1-sra-sharedreward/masks/networkmasks/nan_rPNAS_2mm_net0002.nii.gz
Successfully extracted 10541 sharedreward /ZPOOL/data/projects/rf1-sra-sharedreward/masks/networkmasks/nan_rPNAS_2mm_net0004.nii.gz
Successfully extracted 10559 sharedreward /ZPOOL/data/projects/rf1-sra-sharedreward/masks/networkmasks/nan_rPNAS_2mm_net0004.nii.gz
Successfully extracted 10581 sharedreward /ZPOOL/data/projects/rf1-sra-sharedreward/masks/networkmasks/nan_rPNAS_2mm_net0003.nii.gz
Successfully extracted 10581 sharedreward /ZPOOL/data/projects/rf1-sra-sharedreward/masks/networkmasks/nan_rPNAS_2mm_net0003.nii.gz
Successfully extracted 10559 sharedreward /ZPOOL/data/projects/rf1-sra-sharedreward/masks/networkmasks/nan_rPNAS_2mm_net0004.nii.gz
Successfully extracted 10584 sharedreward /ZPOOL/data/projects/rf1-sra-sharedreward/masks/networkmasks/nan_rPNAS_2mm_net0003.nii.gz
Successfully extracted 10572 sharedreward /ZPOOL/data/projects/rf1-sra-sharedreward/masks/networkmasks/nan_rPNAS_2mm_net0004.nii.gz
Successfully extracted 10541 sharedreward /ZPOOL/data/projects/rf1-sra-sharedreward/masks/networkmasks/nan_rPNAS_2mm_net0005.nii.gz
Successfully extracted 10572 sharedreward /ZPOOL/data/projects/rf1-sra-sharedreward/masks/networkmasks/nan_rPNAS_2mm_net0004.nii.gz
Successfully extracted 10541 sharedreward /ZPOOL/data/projects/rf1-sra-sharedreward/masks/networkmasks/nan_rPNAS_2mm_net0005.nii.gz
Successfully extracted 10585 sharedreward /ZPOOL/data/projects/rf1-sra-sharedreward/masks/networkmasks/nan_rPNAS_2mm_net0003.nii.gz
Successfully extracted 10559 sharedreward /ZPOOL/data/projects/rf1-sra-sharedreward/masks/networkmasks/nan_rPNAS_2mm_net0005.nii.gz
Successfully extracted 10581 sharedreward /ZPOOL/data/projects/rf1-sra-sharedreward/masks/networkmasks/nan_rPNAS_2mm_net0004.nii.gz
Successfully extracted 10559 sharedreward /ZPOOL/data/projects/rf1-sra-sharedreward/masks/networkmasks/nan_rPNAS_2mm_net0005.nii.gz
Successfully extracted 10581 sharedreward /ZPOOL/data/projects/rf1-sra-sharedreward/masks/networkmasks/nan_rPNAS_2mm_net0004.nii.gz
Successfully extracted 10584 sharedreward /ZPOOL/data/projects/rf1-sra-sharedreward/masks/networkmasks/nan_rPNAS_2mm_net0004.nii.gz
Successfully extracted 10572 sharedreward /ZPOOL/data/projects/rf1-sra-sharedreward/masks/networkmasks/nan_rPNAS_2mm_net0005.nii.gz
Successfully extracted 10572 sharedreward /ZPOOL/data/projects/rf1-sra-sharedreward/masks/networkmasks/nan_rPNAS_2mm_net0005.nii.gz
Successfully extracted 10541 sharedreward /ZPOOL/data/projects/rf1-sra-sharedreward/masks/networkmasks/nan_rPNAS_2mm_net0006.nii.gz
Successfully extracted 10559 sharedreward /ZPOOL/data/projects/rf1-sra-sharedreward/masks/networkmasks/nan_rPNAS_2mm_net0006.nii.gz
Successfully extracted 10541 sharedreward /ZPOOL/data/projects/rf1-sra-sharedreward/masks/networkmasks/nan_rPNAS_2mm_net0006.nii.gz
Successfully extracted 10585 sharedreward /ZPOOL/data/projects/rf1-sra-sharedreward/masks/networkmasks/nan_rPNAS_2mm_net0004.nii.gz
Successfully extracted 10581 sharedreward /ZPOOL/data/projects/rf1-sra-sharedreward/masks/networkmasks/nan_rPNAS_2mm_net0005.nii.gz
Successfully extracted 10559 sharedreward /ZPOOL/data/projects/rf1-sra-sharedreward/masks/networkmasks/nan_rPNAS_2mm_net0006.nii.gz
Successfully extracted 10581 sharedreward /ZPOOL/data/projects/rf1-sra-sharedreward/masks/networkmasks/nan_rPNAS_2mm_net0005.nii.gz
Successfully extracted 10584 sharedreward /ZPOOL/data/projects/rf1-sra-sharedreward/masks/networkmasks/nan_rPNAS_2mm_net0005.nii.gz
Successfully extracted 10572 sharedreward /ZPOOL/data/projects/rf1-sra-sharedreward/masks/networkmasks/nan_rPNAS_2mm_net0006.nii.gz
Successfully extracted 10541 sharedreward /ZPOOL/data/projects/rf1-sra-sharedreward/masks/networkmasks/nan_rPNAS_2mm_net0007.nii.gz
Successfully extracted 10572 sharedreward /ZPOOL/data/projects/rf1-sra-sharedreward/masks/networkmasks/nan_rPNAS_2mm_net0006.nii.gz
Successfully extracted 10559 sharedreward /ZPOOL/data/projects/rf1-sra-sharedreward/masks/networkmasks/nan_rPNAS_2mm_net0007.nii.gz
Successfully extracted 10541 sharedreward /ZPOOL/data/projects/rf1-sra-sharedreward/masks/networkmasks/nan_rPNAS_2mm_net0007.nii.gz
Successfully extracted 10585 sharedreward /ZPOOL/data/projects/rf1-sra-sharedreward/masks/networkmasks/nan_rPNAS_2mm_net0005.nii.gz
Successfully extracted 10559 sharedreward /ZPOOL/data/projects/rf1-sra-sharedreward/masks/networkmasks/nan_rPNAS_2mm_net0007.nii.gz
Successfully extracted 10581 sharedreward /ZPOOL/data/projects/rf1-sra-sharedreward/masks/networkmasks/nan_rPNAS_2mm_net0006.nii.gz
Successfully extracted 10581 sharedreward /ZPOOL/data/projects/rf1-sra-sharedreward/masks/networkmasks/nan_rPNAS_2mm_net0006.nii.gz
Successfully extracted 10584 sharedreward /ZPOOL/data/projects/rf1-sra-sharedreward/masks/networkmasks/nan_rPNAS_2mm_net0006.nii.gz
Successfully extracted 10572 sharedreward /ZPOOL/data/projects/rf1-sra-sharedreward/masks/networkmasks/nan_rPNAS_2mm_net0007.nii.gz
Successfully extracted 10541 sharedreward /ZPOOL/data/projects/rf1-sra-sharedreward/masks/networkmasks/nan_rPNAS_2mm_net0008.nii.gz
Successfully extracted 10559 sharedreward /ZPOOL/data/projects/rf1-sra-sharedreward/masks/networkmasks/nan_rPNAS_2mm_net0008.nii.gz
Successfully extracted 10572 sharedreward /ZPOOL/data/projects/rf1-sra-sharedreward/masks/networkmasks/nan_rPNAS_2mm_net0007.nii.gz
Successfully extracted 10541 sharedreward /ZPOOL/data/projects/rf1-sra-sharedreward/masks/networkmasks/nan_rPNAS_2mm_net0008.nii.gz
Successfully extracted 10559 sharedreward /ZPOOL/data/projects/rf1-sra-sharedreward/masks/networkmasks/nan_rPNAS_2mm_net0008.nii.gz
Successfully extracted 10585 sharedreward /ZPOOL/data/projects/rf1-sra-sharedreward/masks/networkmasks/nan_rPNAS_2mm_net0006.nii.gz
Successfully extracted 10581 sharedreward /ZPOOL/data/projects/rf1-sra-sharedreward/masks/networkmasks/nan_rPNAS_2mm_net0007.nii.gz
Successfully extracted 10581 sharedreward /ZPOOL/data/projects/rf1-sra-sharedreward/masks/networkmasks/nan_rPNAS_2mm_net0007.nii.gz
Successfully extracted 10584 sharedreward /ZPOOL/data/projects/rf1-sra-sharedreward/masks/networkmasks/nan_rPNAS_2mm_net0007.nii.gz
Successfully extracted 10572 sharedreward /ZPOOL/data/projects/rf1-sra-sharedreward/masks/networkmasks/nan_rPNAS_2mm_net0008.nii.gz
Successfully extracted 10559 sharedreward /ZPOOL/data/projects/rf1-sra-sharedreward/masks/networkmasks/nan_rPNAS_2mm_net0009.nii.gz
Successfully extracted 10541 sharedreward /ZPOOL/data/projects/rf1-sra-sharedreward/masks/networkmasks/nan_rPNAS_2mm_net0009.nii.gz
Successfully extracted 10572 sharedreward /ZPOOL/data/projects/rf1-sra-sharedreward/masks/networkmasks/nan_rPNAS_2mm_net0008.nii.gz
Successfully extracted 10541 sharedreward /ZPOOL/data/projects/rf1-sra-sharedreward/masks/networkmasks/nan_rPNAS_2mm_net0009.nii.gz
Successfully extracted 10559 sharedreward /ZPOOL/data/projects/rf1-sra-sharedreward/masks/networkmasks/nan_rPNAS_2mm_net0009.nii.gz
Successfully extracted 10581 sharedreward /ZPOOL/data/projects/rf1-sra-sharedreward/masks/networkmasks/nan_rPNAS_2mm_net0008.nii.gz
Successfully extracted 10585 sharedreward /ZPOOL/data/projects/rf1-sra-sharedreward/masks/networkmasks/nan_rPNAS_2mm_net0007.nii.gz
Successfully extracted 10581 sharedreward /ZPOOL/data/projects/rf1-sra-sharedreward/masks/networkmasks/nan_rPNAS_2mm_net0008.nii.gz
Successfully extracted 10584 sharedreward /ZPOOL/data/projects/rf1-sra-sharedreward/masks/networkmasks/nan_rPNAS_2mm_net0008.nii.gz
Successfully extracted 10572 sharedreward /ZPOOL/data/projects/rf1-sra-sharedreward/masks/networkmasks/nan_rPNAS_2mm_net0009.nii.gz
Successfully extracted 10572 sharedreward /ZPOOL/data/projects/rf1-sra-sharedreward/masks/networkmasks/nan_rPNAS_2mm_net0009.nii.gz
To view the FEAT progress and final report, point your web browser at /ZPOOL/data/projects/rf1-sra-sharedreward/derivatives/fsl/sub-10559/L1_task-sharedreward_model-1_type-nppi-dmn_run-1_sm-6.feat/report_log.html
To view the FEAT progress and final report, point your web browser at /ZPOOL/data/projects/rf1-sra-sharedreward/derivatives/fsl/sub-10541/L1_task-sharedreward_model-1_type-nppi-dmn_run-1_sm-6.feat/report_log.html
To view the FEAT progress and final report, point your web browser at /ZPOOL/data/projects/rf1-sra-sharedreward/derivatives/fsl/sub-10541/L1_task-sharedreward_model-1_type-nppi-dmn_run-2_sm-6.feat/report_log.html
Successfully extracted 10581 sharedreward /ZPOOL/data/projects/rf1-sra-sharedreward/masks/networkmasks/nan_rPNAS_2mm_net0009.nii.gz
To view the FEAT progress and final report, point your web browser at /ZPOOL/data/projects/rf1-sra-sharedreward/derivatives/fsl/sub-10559/L1_task-sharedreward_model-1_type-nppi-dmn_run-2_sm-6.feat/report_log.html
Successfully extracted 10585 sharedreward /ZPOOL/data/projects/rf1-sra-sharedreward/masks/networkmasks/nan_rPNAS_2mm_net0008.nii.gz
Successfully extracted 10581 sharedreward /ZPOOL/data/projects/rf1-sra-sharedreward/masks/networkmasks/nan_rPNAS_2mm_net0009.nii.gz
Successfully extracted 10584 sharedreward /ZPOOL/data/projects/rf1-sra-sharedreward/masks/networkmasks/nan_rPNAS_2mm_net0009.nii.gz
To view the FEAT progress and final report, point your web browser at /ZPOOL/data/projects/rf1-sra-sharedreward/derivatives/fsl/sub-10572/L1_task-sharedreward_model-1_type-nppi-dmn_run-1_sm-6.feat/report_log.html
To view the FEAT progress and final report, point your web browser at /ZPOOL/data/projects/rf1-sra-sharedreward/derivatives/fsl/sub-10572/L1_task-sharedreward_model-1_type-nppi-dmn_run-2_sm-6.feat/report_log.html
Successfully extracted 10585 sharedreward /ZPOOL/data/projects/rf1-sra-sharedreward/masks/networkmasks/nan_rPNAS_2mm_net0009.nii.gz
To view the FEAT progress and final report, point your web browser at /ZPOOL/data/projects/rf1-sra-sharedreward/derivatives/fsl/sub-10581/L1_task-sharedreward_model-1_type-nppi-dmn_run-1_sm-6.feat/report_log.html
To view the FEAT progress and final report, point your web browser at /ZPOOL/data/projects/rf1-sra-sharedreward/derivatives/fsl/sub-10581/L1_task-sharedreward_model-1_type-nppi-dmn_run-2_sm-6.feat/report_log.html
To view the FEAT progress and final report, point your web browser at /ZPOOL/data/projects/rf1-sra-sharedreward/derivatives/fsl/sub-10584/L1_task-sharedreward_model-1_type-nppi-dmn_run-1_sm-6.feat/report_log.html
To view the FEAT progress and final report, point your web browser at /ZPOOL/data/projects/rf1-sra-sharedreward/derivatives/fsl/sub-10585/L1_task-sharedreward_model-1_type-nppi-dmn_run-1_sm-6.feat/report_log.html
complete 10585 2
Successfully extracted 10585 sharedreward /ZPOOL/data/projects/rf1-sra-sharedreward/masks/networkmasks/nan_rPNAS_2mm_net0000.nii.gz
complete 10589 1
Successfully extracted 10585 sharedreward /ZPOOL/data/projects/rf1-sra-sharedreward/masks/networkmasks/nan_rPNAS_2mm_net0001.nii.gz
Successfully extracted 10589 sharedreward /ZPOOL/data/projects/rf1-sra-sharedreward/masks/networkmasks/nan_rPNAS_2mm_net0000.nii.gz
Successfully extracted 10585 sharedreward /ZPOOL/data/projects/rf1-sra-sharedreward/masks/networkmasks/nan_rPNAS_2mm_net0002.nii.gz
Successfully extracted 10589 sharedreward /ZPOOL/data/projects/rf1-sra-sharedreward/masks/networkmasks/nan_rPNAS_2mm_net0001.nii.gz
Successfully extracted 10585 sharedreward /ZPOOL/data/projects/rf1-sra-sharedreward/masks/networkmasks/nan_rPNAS_2mm_net0003.nii.gz
Successfully extracted 10589 sharedreward /ZPOOL/data/projects/rf1-sra-sharedreward/masks/networkmasks/nan_rPNAS_2mm_net0002.nii.gz
Successfully extracted 10585 sharedreward /ZPOOL/data/projects/rf1-sra-sharedreward/masks/networkmasks/nan_rPNAS_2mm_net0004.nii.gz
Successfully extracted 10589 sharedreward /ZPOOL/data/projects/rf1-sra-sharedreward/masks/networkmasks/nan_rPNAS_2mm_net0003.nii.gz
Successfully extracted 10585 sharedreward /ZPOOL/data/projects/rf1-sra-sharedreward/masks/networkmasks/nan_rPNAS_2mm_net0005.nii.gz
Successfully extracted 10589 sharedreward /ZPOOL/data/projects/rf1-sra-sharedreward/masks/networkmasks/nan_rPNAS_2mm_net0004.nii.gz
Successfully extracted 10585 sharedreward /ZPOOL/data/projects/rf1-sra-sharedreward/masks/networkmasks/nan_rPNAS_2mm_net0006.nii.gz
Successfully extracted 10589 sharedreward /ZPOOL/data/projects/rf1-sra-sharedreward/masks/networkmasks/nan_rPNAS_2mm_net0005.nii.gz
Successfully extracted 10585 sharedreward /ZPOOL/data/projects/rf1-sra-sharedreward/masks/networkmasks/nan_rPNAS_2mm_net0007.nii.gz
Successfully extracted 10589 sharedreward /ZPOOL/data/projects/rf1-sra-sharedreward/masks/networkmasks/nan_rPNAS_2mm_net0006.nii.gz
Successfully extracted 10585 sharedreward /ZPOOL/data/projects/rf1-sra-sharedreward/masks/networkmasks/nan_rPNAS_2mm_net0008.nii.gz
Successfully extracted 10589 sharedreward /ZPOOL/data/projects/rf1-sra-sharedreward/masks/networkmasks/nan_rPNAS_2mm_net0007.nii.gz
Successfully extracted 10585 sharedreward /ZPOOL/data/projects/rf1-sra-sharedreward/masks/networkmasks/nan_rPNAS_2mm_net0009.nii.gz
Successfully extracted 10589 sharedreward /ZPOOL/data/projects/rf1-sra-sharedreward/masks/networkmasks/nan_rPNAS_2mm_net0008.nii.gz
To view the FEAT progress and final report, point your web browser at /ZPOOL/data/projects/rf1-sra-sharedreward/derivatives/fsl/sub-10585/L1_task-sharedreward_model-1_type-nppi-dmn_run-2_sm-6.feat/report_log.html
Successfully extracted 10589 sharedreward /ZPOOL/data/projects/rf1-sra-sharedreward/masks/networkmasks/nan_rPNAS_2mm_net0009.nii.gz
To view the FEAT progress and final report, point your web browser at /ZPOOL/data/projects/rf1-sra-sharedreward/derivatives/fsl/sub-10589/L1_task-sharedreward_model-1_type-nppi-dmn_run-1_sm-6.feat/report_log.html
complete 10589 2
Successfully extracted 10589 sharedreward /ZPOOL/data/projects/rf1-sra-sharedreward/masks/networkmasks/nan_rPNAS_2mm_net0000.nii.gz
Successfully extracted 10589 sharedreward /ZPOOL/data/projects/rf1-sra-sharedreward/masks/networkmasks/nan_rPNAS_2mm_net0001.nii.gz
complete 10590 1
complete 10590 2
Successfully extracted 10589 sharedreward /ZPOOL/data/projects/rf1-sra-sharedreward/masks/networkmasks/nan_rPNAS_2mm_net0002.nii.gz
Successfully extracted 10590 sharedreward /ZPOOL/data/projects/rf1-sra-sharedreward/masks/networkmasks/nan_rPNAS_2mm_net0000.nii.gz
complete 10596 1
Successfully extracted 10590 sharedreward /ZPOOL/data/projects/rf1-sra-sharedreward/masks/networkmasks/nan_rPNAS_2mm_net0000.nii.gz
Successfully extracted 10589 sharedreward /ZPOOL/data/projects/rf1-sra-sharedreward/masks/networkmasks/nan_rPNAS_2mm_net0003.nii.gz
Successfully extracted 10590 sharedreward /ZPOOL/data/projects/rf1-sra-sharedreward/masks/networkmasks/nan_rPNAS_2mm_net0001.nii.gz
Successfully extracted 10590 sharedreward /ZPOOL/data/projects/rf1-sra-sharedreward/masks/networkmasks/nan_rPNAS_2mm_net0001.nii.gz
Successfully extracted 10596 sharedreward /ZPOOL/data/projects/rf1-sra-sharedreward/masks/networkmasks/nan_rPNAS_2mm_net0000.nii.gz
complete 10596 2
complete 10603 1
Successfully extracted 10589 sharedreward /ZPOOL/data/projects/rf1-sra-sharedreward/masks/networkmasks/nan_rPNAS_2mm_net0004.nii.gz
Successfully extracted 10590 sharedreward /ZPOOL/data/projects/rf1-sra-sharedreward/masks/networkmasks/nan_rPNAS_2mm_net0002.nii.gz
Successfully extracted 10590 sharedreward /ZPOOL/data/projects/rf1-sra-sharedreward/masks/networkmasks/nan_rPNAS_2mm_net0002.nii.gz
Successfully extracted 10596 sharedreward /ZPOOL/data/projects/rf1-sra-sharedreward/masks/networkmasks/nan_rPNAS_2mm_net0001.nii.gz
Successfully extracted 10596 sharedreward /ZPOOL/data/projects/rf1-sra-sharedreward/masks/networkmasks/nan_rPNAS_2mm_net0000.nii.gz
Successfully extracted 10603 sharedreward /ZPOOL/data/projects/rf1-sra-sharedreward/masks/networkmasks/nan_rPNAS_2mm_net0000.nii.gz
Successfully extracted 10589 sharedreward /ZPOOL/data/projects/rf1-sra-sharedreward/masks/networkmasks/nan_rPNAS_2mm_net0005.nii.gz
Successfully extracted 10590 sharedreward /ZPOOL/data/projects/rf1-sra-sharedreward/masks/networkmasks/nan_rPNAS_2mm_net0003.nii.gz
Successfully extracted 10590 sharedreward /ZPOOL/data/projects/rf1-sra-sharedreward/masks/networkmasks/nan_rPNAS_2mm_net0003.nii.gz
Successfully extracted 10596 sharedreward /ZPOOL/data/projects/rf1-sra-sharedreward/masks/networkmasks/nan_rPNAS_2mm_net0002.nii.gz
Successfully extracted 10596 sharedreward /ZPOOL/data/projects/rf1-sra-sharedreward/masks/networkmasks/nan_rPNAS_2mm_net0001.nii.gz
Successfully extracted 10589 sharedreward /ZPOOL/data/projects/rf1-sra-sharedreward/masks/networkmasks/nan_rPNAS_2mm_net0006.nii.gz
Successfully extracted 10603 sharedreward /ZPOOL/data/projects/rf1-sra-sharedreward/masks/networkmasks/nan_rPNAS_2mm_net0001.nii.gz
Successfully extracted 10590 sharedreward /ZPOOL/data/projects/rf1-sra-sharedreward/masks/networkmasks/nan_rPNAS_2mm_net0004.nii.gz
Successfully extracted 10590 sharedreward /ZPOOL/data/projects/rf1-sra-sharedreward/masks/networkmasks/nan_rPNAS_2mm_net0004.nii.gz
Successfully extracted 10596 sharedreward /ZPOOL/data/projects/rf1-sra-sharedreward/masks/networkmasks/nan_rPNAS_2mm_net0003.nii.gz
Successfully extracted 10596 sharedreward /ZPOOL/data/projects/rf1-sra-sharedreward/masks/networkmasks/nan_rPNAS_2mm_net0002.nii.gz
Successfully extracted 10589 sharedreward /ZPOOL/data/projects/rf1-sra-sharedreward/masks/networkmasks/nan_rPNAS_2mm_net0007.nii.gz
Successfully extracted 10603 sharedreward /ZPOOL/data/projects/rf1-sra-sharedreward/masks/networkmasks/nan_rPNAS_2mm_net0002.nii.gz
Successfully extracted 10590 sharedreward /ZPOOL/data/projects/rf1-sra-sharedreward/masks/networkmasks/nan_rPNAS_2mm_net0005.nii.gz
Successfully extracted 10590 sharedreward /ZPOOL/data/projects/rf1-sra-sharedreward/masks/networkmasks/nan_rPNAS_2mm_net0005.nii.gz
Successfully extracted 10596 sharedreward /ZPOOL/data/projects/rf1-sra-sharedreward/masks/networkmasks/nan_rPNAS_2mm_net0004.nii.gz
Successfully extracted 10596 sharedreward /ZPOOL/data/projects/rf1-sra-sharedreward/masks/networkmasks/nan_rPNAS_2mm_net0003.nii.gz
Successfully extracted 10589 sharedreward /ZPOOL/data/projects/rf1-sra-sharedreward/masks/networkmasks/nan_rPNAS_2mm_net0008.nii.gz
Successfully extracted 10603 sharedreward /ZPOOL/data/projects/rf1-sra-sharedreward/masks/networkmasks/nan_rPNAS_2mm_net0003.nii.gz
Successfully extracted 10590 sharedreward /ZPOOL/data/projects/rf1-sra-sharedreward/masks/networkmasks/nan_rPNAS_2mm_net0006.nii.gz
Successfully extracted 10590 sharedreward /ZPOOL/data/projects/rf1-sra-sharedreward/masks/networkmasks/nan_rPNAS_2mm_net0006.nii.gz
Successfully extracted 10596 sharedreward /ZPOOL/data/projects/rf1-sra-sharedreward/masks/networkmasks/nan_rPNAS_2mm_net0005.nii.gz
Successfully extracted 10596 sharedreward /ZPOOL/data/projects/rf1-sra-sharedreward/masks/networkmasks/nan_rPNAS_2mm_net0004.nii.gz
Successfully extracted 10589 sharedreward /ZPOOL/data/projects/rf1-sra-sharedreward/masks/networkmasks/nan_rPNAS_2mm_net0009.nii.gz
Successfully extracted 10603 sharedreward /ZPOOL/data/projects/rf1-sra-sharedreward/masks/networkmasks/nan_rPNAS_2mm_net0004.nii.gz
Successfully extracted 10590 sharedreward /ZPOOL/data/projects/rf1-sra-sharedreward/masks/networkmasks/nan_rPNAS_2mm_net0007.nii.gz
Successfully extracted 10590 sharedreward /ZPOOL/data/projects/rf1-sra-sharedreward/masks/networkmasks/nan_rPNAS_2mm_net0007.nii.gz
Successfully extracted 10596 sharedreward /ZPOOL/data/projects/rf1-sra-sharedreward/masks/networkmasks/nan_rPNAS_2mm_net0006.nii.gz
Successfully extracted 10596 sharedreward /ZPOOL/data/projects/rf1-sra-sharedreward/masks/networkmasks/nan_rPNAS_2mm_net0005.nii.gz
Successfully extracted 10603 sharedreward /ZPOOL/data/projects/rf1-sra-sharedreward/masks/networkmasks/nan_rPNAS_2mm_net0005.nii.gz
To view the FEAT progress and final report, point your web browser at /ZPOOL/data/projects/rf1-sra-sharedreward/derivatives/fsl/sub-10589/L1_task-sharedreward_model-1_type-nppi-dmn_run-2_sm-6.feat/report_log.html
Successfully extracted 10590 sharedreward /ZPOOL/data/projects/rf1-sra-sharedreward/masks/networkmasks/nan_rPNAS_2mm_net0008.nii.gz
Successfully extracted 10590 sharedreward /ZPOOL/data/projects/rf1-sra-sharedreward/masks/networkmasks/nan_rPNAS_2mm_net0008.nii.gz
Successfully extracted 10596 sharedreward /ZPOOL/data/projects/rf1-sra-sharedreward/masks/networkmasks/nan_rPNAS_2mm_net0007.nii.gz
Successfully extracted 10596 sharedreward /ZPOOL/data/projects/rf1-sra-sharedreward/masks/networkmasks/nan_rPNAS_2mm_net0006.nii.gz
Successfully extracted 10603 sharedreward /ZPOOL/data/projects/rf1-sra-sharedreward/masks/networkmasks/nan_rPNAS_2mm_net0006.nii.gz
Successfully extracted 10590 sharedreward /ZPOOL/data/projects/rf1-sra-sharedreward/masks/networkmasks/nan_rPNAS_2mm_net0009.nii.gz
Successfully extracted 10590 sharedreward /ZPOOL/data/projects/rf1-sra-sharedreward/masks/networkmasks/nan_rPNAS_2mm_net0009.nii.gz
Successfully extracted 10596 sharedreward /ZPOOL/data/projects/rf1-sra-sharedreward/masks/networkmasks/nan_rPNAS_2mm_net0008.nii.gz
complete 10603 2
Successfully extracted 10596 sharedreward /ZPOOL/data/projects/rf1-sra-sharedreward/masks/networkmasks/nan_rPNAS_2mm_net0007.nii.gz
complete 10606 1
Successfully extracted 10603 sharedreward /ZPOOL/data/projects/rf1-sra-sharedreward/masks/networkmasks/nan_rPNAS_2mm_net0007.nii.gz
To view the FEAT progress and final report, point your web browser at /ZPOOL/data/projects/rf1-sra-sharedreward/derivatives/fsl/sub-10590/L1_task-sharedreward_model-1_type-nppi-dmn_run-1_sm-6.feat/report_log.html
Successfully extracted 10596 sharedreward /ZPOOL/data/projects/rf1-sra-sharedreward/masks/networkmasks/nan_rPNAS_2mm_net0009.nii.gz
To view the FEAT progress and final report, point your web browser at /ZPOOL/data/projects/rf1-sra-sharedreward/derivatives/fsl/sub-10590/L1_task-sharedreward_model-1_type-nppi-dmn_run-2_sm-6.feat/report_log.html
Successfully extracted 10596 sharedreward /ZPOOL/data/projects/rf1-sra-sharedreward/masks/networkmasks/nan_rPNAS_2mm_net0008.nii.gz
Successfully extracted 10606 sharedreward /ZPOOL/data/projects/rf1-sra-sharedreward/masks/networkmasks/nan_rPNAS_2mm_net0000.nii.gz
complete 10606 2
Successfully extracted 10603 sharedreward /ZPOOL/data/projects/rf1-sra-sharedreward/masks/networkmasks/nan_rPNAS_2mm_net0008.nii.gz
Successfully extracted 10596 sharedreward /ZPOOL/data/projects/rf1-sra-sharedreward/masks/networkmasks/nan_rPNAS_2mm_net0009.nii.gz
To view the FEAT progress and final report, point your web browser at /ZPOOL/data/projects/rf1-sra-sharedreward/derivatives/fsl/sub-10596/L1_task-sharedreward_model-1_type-nppi-dmn_run-1_sm-6.feat/report_log.html
Successfully extracted 10606 sharedreward /ZPOOL/data/projects/rf1-sra-sharedreward/masks/networkmasks/nan_rPNAS_2mm_net0001.nii.gz
Successfully extracted 10606 sharedreward /ZPOOL/data/projects/rf1-sra-sharedreward/masks/networkmasks/nan_rPNAS_2mm_net0000.nii.gz
Successfully extracted 10603 sharedreward /ZPOOL/data/projects/rf1-sra-sharedreward/masks/networkmasks/nan_rPNAS_2mm_net0009.nii.gz
To view the FEAT progress and final report, point your web browser at /ZPOOL/data/projects/rf1-sra-sharedreward/derivatives/fsl/sub-10596/L1_task-sharedreward_model-1_type-nppi-dmn_run-2_sm-6.feat/report_log.html
Successfully extracted 10606 sharedreward /ZPOOL/data/projects/rf1-sra-sharedreward/masks/networkmasks/nan_rPNAS_2mm_net0002.nii.gz
Successfully extracted 10606 sharedreward /ZPOOL/data/projects/rf1-sra-sharedreward/masks/networkmasks/nan_rPNAS_2mm_net0001.nii.gz
To view the FEAT progress and final report, point your web browser at /ZPOOL/data/projects/rf1-sra-sharedreward/derivatives/fsl/sub-10603/L1_task-sharedreward_model-1_type-nppi-dmn_run-1_sm-6.feat/report_log.html
Successfully extracted 10606 sharedreward /ZPOOL/data/projects/rf1-sra-sharedreward/masks/networkmasks/nan_rPNAS_2mm_net0003.nii.gz
Successfully extracted 10606 sharedreward /ZPOOL/data/projects/rf1-sra-sharedreward/masks/networkmasks/nan_rPNAS_2mm_net0002.nii.gz
Successfully extracted 10606 sharedreward /ZPOOL/data/projects/rf1-sra-sharedreward/masks/networkmasks/nan_rPNAS_2mm_net0004.nii.gz
Successfully extracted 10606 sharedreward /ZPOOL/data/projects/rf1-sra-sharedreward/masks/networkmasks/nan_rPNAS_2mm_net0003.nii.gz
Successfully extracted 10606 sharedreward /ZPOOL/data/projects/rf1-sra-sharedreward/masks/networkmasks/nan_rPNAS_2mm_net0005.nii.gz
Successfully extracted 10606 sharedreward /ZPOOL/data/projects/rf1-sra-sharedreward/masks/networkmasks/nan_rPNAS_2mm_net0004.nii.gz
Successfully extracted 10606 sharedreward /ZPOOL/data/projects/rf1-sra-sharedreward/masks/networkmasks/nan_rPNAS_2mm_net0006.nii.gz
Successfully extracted 10606 sharedreward /ZPOOL/data/projects/rf1-sra-sharedreward/masks/networkmasks/nan_rPNAS_2mm_net0005.nii.gz
Successfully extracted 10606 sharedreward /ZPOOL/data/projects/rf1-sra-sharedreward/masks/networkmasks/nan_rPNAS_2mm_net0007.nii.gz
Successfully extracted 10606 sharedreward /ZPOOL/data/projects/rf1-sra-sharedreward/masks/networkmasks/nan_rPNAS_2mm_net0006.nii.gz
Successfully extracted 10606 sharedreward /ZPOOL/data/projects/rf1-sra-sharedreward/masks/networkmasks/nan_rPNAS_2mm_net0008.nii.gz
Successfully extracted 10606 sharedreward /ZPOOL/data/projects/rf1-sra-sharedreward/masks/networkmasks/nan_rPNAS_2mm_net0007.nii.gz
Successfully extracted 10606 sharedreward /ZPOOL/data/projects/rf1-sra-sharedreward/masks/networkmasks/nan_rPNAS_2mm_net0009.nii.gz
Successfully extracted 10606 sharedreward /ZPOOL/data/projects/rf1-sra-sharedreward/masks/networkmasks/nan_rPNAS_2mm_net0008.nii.gz
Successfully extracted 10606 sharedreward /ZPOOL/data/projects/rf1-sra-sharedreward/masks/networkmasks/nan_rPNAS_2mm_net0009.nii.gz
To view the FEAT progress and final report, point your web browser at /ZPOOL/data/projects/rf1-sra-sharedreward/derivatives/fsl/sub-10606/L1_task-sharedreward_model-1_type-nppi-dmn_run-1_sm-6.feat/report_log.html
To view the FEAT progress and final report, point your web browser at /ZPOOL/data/projects/rf1-sra-sharedreward/derivatives/fsl/sub-10606/L1_task-sharedreward_model-1_type-nppi-dmn_run-2_sm-6.feat/report_log.html
complete 10608 1
Successfully extracted 10608 sharedreward /ZPOOL/data/projects/rf1-sra-sharedreward/masks/networkmasks/nan_rPNAS_2mm_net0000.nii.gz
Successfully extracted 10608 sharedreward /ZPOOL/data/projects/rf1-sra-sharedreward/masks/networkmasks/nan_rPNAS_2mm_net0001.nii.gz
Successfully extracted 10608 sharedreward /ZPOOL/data/projects/rf1-sra-sharedreward/masks/networkmasks/nan_rPNAS_2mm_net0002.nii.gz
Successfully extracted 10608 sharedreward /ZPOOL/data/projects/rf1-sra-sharedreward/masks/networkmasks/nan_rPNAS_2mm_net0003.nii.gz
Successfully extracted 10608 sharedreward /ZPOOL/data/projects/rf1-sra-sharedreward/masks/networkmasks/nan_rPNAS_2mm_net0004.nii.gz
Successfully extracted 10608 sharedreward /ZPOOL/data/projects/rf1-sra-sharedreward/masks/networkmasks/nan_rPNAS_2mm_net0005.nii.gz
Successfully extracted 10608 sharedreward /ZPOOL/data/projects/rf1-sra-sharedreward/masks/networkmasks/nan_rPNAS_2mm_net0006.nii.gz
Successfully extracted 10608 sharedreward /ZPOOL/data/projects/rf1-sra-sharedreward/masks/networkmasks/nan_rPNAS_2mm_net0007.nii.gz
complete 10608 2
Successfully extracted 10608 sharedreward /ZPOOL/data/projects/rf1-sra-sharedreward/masks/networkmasks/nan_rPNAS_2mm_net0008.nii.gz
Successfully extracted 10608 sharedreward /ZPOOL/data/projects/rf1-sra-sharedreward/masks/networkmasks/nan_rPNAS_2mm_net0009.nii.gz
Successfully extracted 10608 sharedreward /ZPOOL/data/projects/rf1-sra-sharedreward/masks/networkmasks/nan_rPNAS_2mm_net0000.nii.gz
complete 10617 1
Successfully extracted 10608 sharedreward /ZPOOL/data/projects/rf1-sra-sharedreward/masks/networkmasks/nan_rPNAS_2mm_net0001.nii.gz
To view the FEAT progress and final report, point your web browser at /ZPOOL/data/projects/rf1-sra-sharedreward/derivatives/fsl/sub-10608/L1_task-sharedreward_model-1_type-nppi-dmn_run-1_sm-6.feat/report_log.html
Successfully extracted 10617 sharedreward /ZPOOL/data/projects/rf1-sra-sharedreward/masks/networkmasks/nan_rPNAS_2mm_net0000.nii.gz
Successfully extracted 10608 sharedreward /ZPOOL/data/projects/rf1-sra-sharedreward/masks/networkmasks/nan_rPNAS_2mm_net0002.nii.gz
Successfully extracted 10608 sharedreward /ZPOOL/data/projects/rf1-sra-sharedreward/masks/networkmasks/nan_rPNAS_2mm_net0003.nii.gz
Successfully extracted 10617 sharedreward /ZPOOL/data/projects/rf1-sra-sharedreward/masks/networkmasks/nan_rPNAS_2mm_net0001.nii.gz
complete 10617 2
complete 10636 1
complete 10636 2
Successfully extracted 10608 sharedreward /ZPOOL/data/projects/rf1-sra-sharedreward/masks/networkmasks/nan_rPNAS_2mm_net0004.nii.gz
Successfully extracted 10617 sharedreward /ZPOOL/data/projects/rf1-sra-sharedreward/masks/networkmasks/nan_rPNAS_2mm_net0002.nii.gz
Successfully extracted 10636 sharedreward /ZPOOL/data/projects/rf1-sra-sharedreward/masks/networkmasks/nan_rPNAS_2mm_net0000.nii.gz
complete 10638 1
Successfully extracted 10636 sharedreward /ZPOOL/data/projects/rf1-sra-sharedreward/masks/networkmasks/nan_rPNAS_2mm_net0000.nii.gz
complete 10638 2
Successfully extracted 10608 sharedreward /ZPOOL/data/projects/rf1-sra-sharedreward/masks/networkmasks/nan_rPNAS_2mm_net0005.nii.gz
Successfully extracted 10617 sharedreward /ZPOOL/data/projects/rf1-sra-sharedreward/masks/networkmasks/nan_rPNAS_2mm_net0003.nii.gz
complete 10640 1
Successfully extracted 10636 sharedreward /ZPOOL/data/projects/rf1-sra-sharedreward/masks/networkmasks/nan_rPNAS_2mm_net0001.nii.gz
Successfully extracted 10636 sharedreward /ZPOOL/data/projects/rf1-sra-sharedreward/masks/networkmasks/nan_rPNAS_2mm_net0001.nii.gz
Successfully extracted 10638 sharedreward /ZPOOL/data/projects/rf1-sra-sharedreward/masks/networkmasks/nan_rPNAS_2mm_net0000.nii.gz
Successfully extracted 10638 sharedreward /ZPOOL/data/projects/rf1-sra-sharedreward/masks/networkmasks/nan_rPNAS_2mm_net0000.nii.gz
Successfully extracted 10608 sharedreward /ZPOOL/data/projects/rf1-sra-sharedreward/masks/networkmasks/nan_rPNAS_2mm_net0006.nii.gz
Successfully extracted 10617 sharedreward /ZPOOL/data/projects/rf1-sra-sharedreward/masks/networkmasks/nan_rPNAS_2mm_net0004.nii.gz
Successfully extracted 10640 sharedreward /ZPOOL/data/projects/rf1-sra-sharedreward/masks/networkmasks/nan_rPNAS_2mm_net0000.nii.gz
Successfully extracted 10636 sharedreward /ZPOOL/data/projects/rf1-sra-sharedreward/masks/networkmasks/nan_rPNAS_2mm_net0002.nii.gz
Successfully extracted 10636 sharedreward /ZPOOL/data/projects/rf1-sra-sharedreward/masks/networkmasks/nan_rPNAS_2mm_net0002.nii.gz
Successfully extracted 10638 sharedreward /ZPOOL/data/projects/rf1-sra-sharedreward/masks/networkmasks/nan_rPNAS_2mm_net0001.nii.gz
Successfully extracted 10638 sharedreward /ZPOOL/data/projects/rf1-sra-sharedreward/masks/networkmasks/nan_rPNAS_2mm_net0001.nii.gz
Successfully extracted 10608 sharedreward /ZPOOL/data/projects/rf1-sra-sharedreward/masks/networkmasks/nan_rPNAS_2mm_net0007.nii.gz
Successfully extracted 10617 sharedreward /ZPOOL/data/projects/rf1-sra-sharedreward/masks/networkmasks/nan_rPNAS_2mm_net0005.nii.gz
Successfully extracted 10640 sharedreward /ZPOOL/data/projects/rf1-sra-sharedreward/masks/networkmasks/nan_rPNAS_2mm_net0001.nii.gz
complete 10640 2
Successfully extracted 10636 sharedreward /ZPOOL/data/projects/rf1-sra-sharedreward/masks/networkmasks/nan_rPNAS_2mm_net0003.nii.gz
Successfully extracted 10636 sharedreward /ZPOOL/data/projects/rf1-sra-sharedreward/masks/networkmasks/nan_rPNAS_2mm_net0003.nii.gz
Successfully extracted 10638 sharedreward /ZPOOL/data/projects/rf1-sra-sharedreward/masks/networkmasks/nan_rPNAS_2mm_net0002.nii.gz
Successfully extracted 10638 sharedreward /ZPOOL/data/projects/rf1-sra-sharedreward/masks/networkmasks/nan_rPNAS_2mm_net0002.nii.gz
Successfully extracted 10608 sharedreward /ZPOOL/data/projects/rf1-sra-sharedreward/masks/networkmasks/nan_rPNAS_2mm_net0008.nii.gz
Successfully extracted 10640 sharedreward /ZPOOL/data/projects/rf1-sra-sharedreward/masks/networkmasks/nan_rPNAS_2mm_net0002.nii.gz
Successfully extracted 10617 sharedreward /ZPOOL/data/projects/rf1-sra-sharedreward/masks/networkmasks/nan_rPNAS_2mm_net0006.nii.gz
Successfully extracted 10636 sharedreward /ZPOOL/data/projects/rf1-sra-sharedreward/masks/networkmasks/nan_rPNAS_2mm_net0004.nii.gz
Successfully extracted 10640 sharedreward /ZPOOL/data/projects/rf1-sra-sharedreward/masks/networkmasks/nan_rPNAS_2mm_net0000.nii.gz
Successfully extracted 10636 sharedreward /ZPOOL/data/projects/rf1-sra-sharedreward/masks/networkmasks/nan_rPNAS_2mm_net0004.nii.gz
Successfully extracted 10638 sharedreward /ZPOOL/data/projects/rf1-sra-sharedreward/masks/networkmasks/nan_rPNAS_2mm_net0003.nii.gz
Successfully extracted 10638 sharedreward /ZPOOL/data/projects/rf1-sra-sharedreward/masks/networkmasks/nan_rPNAS_2mm_net0003.nii.gz
Successfully extracted 10608 sharedreward /ZPOOL/data/projects/rf1-sra-sharedreward/masks/networkmasks/nan_rPNAS_2mm_net0009.nii.gz
Successfully extracted 10617 sharedreward /ZPOOL/data/projects/rf1-sra-sharedreward/masks/networkmasks/nan_rPNAS_2mm_net0007.nii.gz
Successfully extracted 10640 sharedreward /ZPOOL/data/projects/rf1-sra-sharedreward/masks/networkmasks/nan_rPNAS_2mm_net0003.nii.gz
Successfully extracted 10640 sharedreward /ZPOOL/data/projects/rf1-sra-sharedreward/masks/networkmasks/nan_rPNAS_2mm_net0001.nii.gz
Successfully extracted 10636 sharedreward /ZPOOL/data/projects/rf1-sra-sharedreward/masks/networkmasks/nan_rPNAS_2mm_net0005.nii.gz
Successfully extracted 10636 sharedreward /ZPOOL/data/projects/rf1-sra-sharedreward/masks/networkmasks/nan_rPNAS_2mm_net0005.nii.gz
Successfully extracted 10638 sharedreward /ZPOOL/data/projects/rf1-sra-sharedreward/masks/networkmasks/nan_rPNAS_2mm_net0004.nii.gz
Successfully extracted 10638 sharedreward /ZPOOL/data/projects/rf1-sra-sharedreward/masks/networkmasks/nan_rPNAS_2mm_net0004.nii.gz
To view the FEAT progress and final report, point your web browser at /ZPOOL/data/projects/rf1-sra-sharedreward/derivatives/fsl/sub-10608/L1_task-sharedreward_model-1_type-nppi-dmn_run-2_sm-6.feat/report_log.html
Successfully extracted 10640 sharedreward /ZPOOL/data/projects/rf1-sra-sharedreward/masks/networkmasks/nan_rPNAS_2mm_net0004.nii.gz
Successfully extracted 10617 sharedreward /ZPOOL/data/projects/rf1-sra-sharedreward/masks/networkmasks/nan_rPNAS_2mm_net0008.nii.gz
Successfully extracted 10640 sharedreward /ZPOOL/data/projects/rf1-sra-sharedreward/masks/networkmasks/nan_rPNAS_2mm_net0002.nii.gz
Successfully extracted 10636 sharedreward /ZPOOL/data/projects/rf1-sra-sharedreward/masks/networkmasks/nan_rPNAS_2mm_net0006.nii.gz
Successfully extracted 10636 sharedreward /ZPOOL/data/projects/rf1-sra-sharedreward/masks/networkmasks/nan_rPNAS_2mm_net0006.nii.gz
Successfully extracted 10638 sharedreward /ZPOOL/data/projects/rf1-sra-sharedreward/masks/networkmasks/nan_rPNAS_2mm_net0005.nii.gz
Successfully extracted 10638 sharedreward /ZPOOL/data/projects/rf1-sra-sharedreward/masks/networkmasks/nan_rPNAS_2mm_net0005.nii.gz
Successfully extracted 10640 sharedreward /ZPOOL/data/projects/rf1-sra-sharedreward/masks/networkmasks/nan_rPNAS_2mm_net0005.nii.gz
Successfully extracted 10617 sharedreward /ZPOOL/data/projects/rf1-sra-sharedreward/masks/networkmasks/nan_rPNAS_2mm_net0009.nii.gz
Successfully extracted 10640 sharedreward /ZPOOL/data/projects/rf1-sra-sharedreward/masks/networkmasks/nan_rPNAS_2mm_net0003.nii.gz
Successfully extracted 10636 sharedreward /ZPOOL/data/projects/rf1-sra-sharedreward/masks/networkmasks/nan_rPNAS_2mm_net0007.nii.gz
Successfully extracted 10636 sharedreward /ZPOOL/data/projects/rf1-sra-sharedreward/masks/networkmasks/nan_rPNAS_2mm_net0007.nii.gz
Successfully extracted 10638 sharedreward /ZPOOL/data/projects/rf1-sra-sharedreward/masks/networkmasks/nan_rPNAS_2mm_net0006.nii.gz
Successfully extracted 10638 sharedreward /ZPOOL/data/projects/rf1-sra-sharedreward/masks/networkmasks/nan_rPNAS_2mm_net0006.nii.gz
Successfully extracted 10640 sharedreward /ZPOOL/data/projects/rf1-sra-sharedreward/masks/networkmasks/nan_rPNAS_2mm_net0006.nii.gz
Successfully extracted 10640 sharedreward /ZPOOL/data/projects/rf1-sra-sharedreward/masks/networkmasks/nan_rPNAS_2mm_net0004.nii.gz
Successfully extracted 10636 sharedreward /ZPOOL/data/projects/rf1-sra-sharedreward/masks/networkmasks/nan_rPNAS_2mm_net0008.nii.gz
To view the FEAT progress and final report, point your web browser at /ZPOOL/data/projects/rf1-sra-sharedreward/derivatives/fsl/sub-10617/L1_task-sharedreward_model-1_type-nppi-dmn_run-1_sm-6.feat/report_log.html
Successfully extracted 10636 sharedreward /ZPOOL/data/projects/rf1-sra-sharedreward/masks/networkmasks/nan_rPNAS_2mm_net0008.nii.gz
Successfully extracted 10638 sharedreward /ZPOOL/data/projects/rf1-sra-sharedreward/masks/networkmasks/nan_rPNAS_2mm_net0007.nii.gz
Successfully extracted 10638 sharedreward /ZPOOL/data/projects/rf1-sra-sharedreward/masks/networkmasks/nan_rPNAS_2mm_net0007.nii.gz
Successfully extracted 10640 sharedreward /ZPOOL/data/projects/rf1-sra-sharedreward/masks/networkmasks/nan_rPNAS_2mm_net0007.nii.gz
Successfully extracted 10640 sharedreward /ZPOOL/data/projects/rf1-sra-sharedreward/masks/networkmasks/nan_rPNAS_2mm_net0005.nii.gz
Successfully extracted 10636 sharedreward /ZPOOL/data/projects/rf1-sra-sharedreward/masks/networkmasks/nan_rPNAS_2mm_net0009.nii.gz
Successfully extracted 10636 sharedreward /ZPOOL/data/projects/rf1-sra-sharedreward/masks/networkmasks/nan_rPNAS_2mm_net0009.nii.gz
Successfully extracted 10638 sharedreward /ZPOOL/data/projects/rf1-sra-sharedreward/masks/networkmasks/nan_rPNAS_2mm_net0008.nii.gz
Successfully extracted 10638 sharedreward /ZPOOL/data/projects/rf1-sra-sharedreward/masks/networkmasks/nan_rPNAS_2mm_net0008.nii.gz
Successfully extracted 10640 sharedreward /ZPOOL/data/projects/rf1-sra-sharedreward/masks/networkmasks/nan_rPNAS_2mm_net0008.nii.gz
Successfully extracted 10640 sharedreward /ZPOOL/data/projects/rf1-sra-sharedreward/masks/networkmasks/nan_rPNAS_2mm_net0006.nii.gz
Successfully extracted 10638 sharedreward /ZPOOL/data/projects/rf1-sra-sharedreward/masks/networkmasks/nan_rPNAS_2mm_net0009.nii.gz
To view the FEAT progress and final report, point your web browser at /ZPOOL/data/projects/rf1-sra-sharedreward/derivatives/fsl/sub-10636/L1_task-sharedreward_model-1_type-nppi-dmn_run-1_sm-6.feat/report_log.html
To view the FEAT progress and final report, point your web browser at /ZPOOL/data/projects/rf1-sra-sharedreward/derivatives/fsl/sub-10636/L1_task-sharedreward_model-1_type-nppi-dmn_run-2_sm-6.feat/report_log.html
Successfully extracted 10638 sharedreward /ZPOOL/data/projects/rf1-sra-sharedreward/masks/networkmasks/nan_rPNAS_2mm_net0009.nii.gz
Successfully extracted 10640 sharedreward /ZPOOL/data/projects/rf1-sra-sharedreward/masks/networkmasks/nan_rPNAS_2mm_net0009.nii.gz
Successfully extracted 10640 sharedreward /ZPOOL/data/projects/rf1-sra-sharedreward/masks/networkmasks/nan_rPNAS_2mm_net0007.nii.gz
complete 10641 1
To view the FEAT progress and final report, point your web browser at /ZPOOL/data/projects/rf1-sra-sharedreward/derivatives/fsl/sub-10638/L1_task-sharedreward_model-1_type-nppi-dmn_run-1_sm-6.feat/report_log.html
To view the FEAT progress and final report, point your web browser at /ZPOOL/data/projects/rf1-sra-sharedreward/derivatives/fsl/sub-10638/L1_task-sharedreward_model-1_type-nppi-dmn_run-2_sm-6.feat/report_log.html
Successfully extracted 10640 sharedreward /ZPOOL/data/projects/rf1-sra-sharedreward/masks/networkmasks/nan_rPNAS_2mm_net0008.nii.gz
Successfully extracted 10641 sharedreward /ZPOOL/data/projects/rf1-sra-sharedreward/masks/networkmasks/nan_rPNAS_2mm_net0000.nii.gz
To view the FEAT progress and final report, point your web browser at /ZPOOL/data/projects/rf1-sra-sharedreward/derivatives/fsl/sub-10640/L1_task-sharedreward_model-1_type-nppi-dmn_run-1_sm-6.feat/report_log.html
Successfully extracted 10640 sharedreward /ZPOOL/data/projects/rf1-sra-sharedreward/masks/networkmasks/nan_rPNAS_2mm_net0009.nii.gz
Successfully extracted 10641 sharedreward /ZPOOL/data/projects/rf1-sra-sharedreward/masks/networkmasks/nan_rPNAS_2mm_net0001.nii.gz
Successfully extracted 10641 sharedreward /ZPOOL/data/projects/rf1-sra-sharedreward/masks/networkmasks/nan_rPNAS_2mm_net0002.nii.gz
To view the FEAT progress and final report, point your web browser at /ZPOOL/data/projects/rf1-sra-sharedreward/derivatives/fsl/sub-10640/L1_task-sharedreward_model-1_type-nppi-dmn_run-2_sm-6.feat/report_log.html
Successfully extracted 10641 sharedreward /ZPOOL/data/projects/rf1-sra-sharedreward/masks/networkmasks/nan_rPNAS_2mm_net0003.nii.gz
Successfully extracted 10641 sharedreward /ZPOOL/data/projects/rf1-sra-sharedreward/masks/networkmasks/nan_rPNAS_2mm_net0004.nii.gz
Successfully extracted 10641 sharedreward /ZPOOL/data/projects/rf1-sra-sharedreward/masks/networkmasks/nan_rPNAS_2mm_net0005.nii.gz
Successfully extracted 10641 sharedreward /ZPOOL/data/projects/rf1-sra-sharedreward/masks/networkmasks/nan_rPNAS_2mm_net0006.nii.gz
Successfully extracted 10641 sharedreward /ZPOOL/data/projects/rf1-sra-sharedreward/masks/networkmasks/nan_rPNAS_2mm_net0007.nii.gz
Successfully extracted 10641 sharedreward /ZPOOL/data/projects/rf1-sra-sharedreward/masks/networkmasks/nan_rPNAS_2mm_net0008.nii.gz
Successfully extracted 10641 sharedreward /ZPOOL/data/projects/rf1-sra-sharedreward/masks/networkmasks/nan_rPNAS_2mm_net0009.nii.gz
To view the FEAT progress and final report, point your web browser at /ZPOOL/data/projects/rf1-sra-sharedreward/derivatives/fsl/sub-10641/L1_task-sharedreward_model-1_type-nppi-dmn_run-1_sm-6.feat/report_log.html
complete 10641 2
complete 10642 1
Successfully extracted 10642 sharedreward /ZPOOL/data/projects/rf1-sra-sharedreward/masks/networkmasks/nan_rPNAS_2mm_net0000.nii.gz
Successfully extracted 10642 sharedreward /ZPOOL/data/projects/rf1-sra-sharedreward/masks/networkmasks/nan_rPNAS_2mm_net0001.nii.gz
Successfully extracted 10642 sharedreward /ZPOOL/data/projects/rf1-sra-sharedreward/masks/networkmasks/nan_rPNAS_2mm_net0002.nii.gz
Successfully extracted 10642 sharedreward /ZPOOL/data/projects/rf1-sra-sharedreward/masks/networkmasks/nan_rPNAS_2mm_net0003.nii.gz
Successfully extracted 10642 sharedreward /ZPOOL/data/projects/rf1-sra-sharedreward/masks/networkmasks/nan_rPNAS_2mm_net0004.nii.gz
Successfully extracted 10642 sharedreward /ZPOOL/data/projects/rf1-sra-sharedreward/masks/networkmasks/nan_rPNAS_2mm_net0005.nii.gz
Successfully extracted 10642 sharedreward /ZPOOL/data/projects/rf1-sra-sharedreward/masks/networkmasks/nan_rPNAS_2mm_net0006.nii.gz
Successfully extracted 10642 sharedreward /ZPOOL/data/projects/rf1-sra-sharedreward/masks/networkmasks/nan_rPNAS_2mm_net0007.nii.gz
Successfully extracted 10642 sharedreward /ZPOOL/data/projects/rf1-sra-sharedreward/masks/networkmasks/nan_rPNAS_2mm_net0008.nii.gz
complete 10642 2
Successfully extracted 10642 sharedreward /ZPOOL/data/projects/rf1-sra-sharedreward/masks/networkmasks/nan_rPNAS_2mm_net0009.nii.gz
Successfully extracted 10642 sharedreward /ZPOOL/data/projects/rf1-sra-sharedreward/masks/networkmasks/nan_rPNAS_2mm_net0000.nii.gz
Successfully extracted 10642 sharedreward /ZPOOL/data/projects/rf1-sra-sharedreward/masks/networkmasks/nan_rPNAS_2mm_net0001.nii.gz
To view the FEAT progress and final report, point your web browser at /ZPOOL/data/projects/rf1-sra-sharedreward/derivatives/fsl/sub-10642/L1_task-sharedreward_model-1_type-nppi-dmn_run-1_sm-6.feat/report_log.html
Successfully extracted 10642 sharedreward /ZPOOL/data/projects/rf1-sra-sharedreward/masks/networkmasks/nan_rPNAS_2mm_net0002.nii.gz
Successfully extracted 10642 sharedreward /ZPOOL/data/projects/rf1-sra-sharedreward/masks/networkmasks/nan_rPNAS_2mm_net0003.nii.gz
Successfully extracted 10642 sharedreward /ZPOOL/data/projects/rf1-sra-sharedreward/masks/networkmasks/nan_rPNAS_2mm_net0004.nii.gz
Successfully extracted 10642 sharedreward /ZPOOL/data/projects/rf1-sra-sharedreward/masks/networkmasks/nan_rPNAS_2mm_net0005.nii.gz
Successfully extracted 10642 sharedreward /ZPOOL/data/projects/rf1-sra-sharedreward/masks/networkmasks/nan_rPNAS_2mm_net0006.nii.gz
complete 10644 1
Successfully extracted 10642 sharedreward /ZPOOL/data/projects/rf1-sra-sharedreward/masks/networkmasks/nan_rPNAS_2mm_net0007.nii.gz
Successfully extracted 10644 sharedreward /ZPOOL/data/projects/rf1-sra-sharedreward/masks/networkmasks/nan_rPNAS_2mm_net0000.nii.gz
Successfully extracted 10642 sharedreward /ZPOOL/data/projects/rf1-sra-sharedreward/masks/networkmasks/nan_rPNAS_2mm_net0008.nii.gz
Successfully extracted 10644 sharedreward /ZPOOL/data/projects/rf1-sra-sharedreward/masks/networkmasks/nan_rPNAS_2mm_net0001.nii.gz
Successfully extracted 10642 sharedreward /ZPOOL/data/projects/rf1-sra-sharedreward/masks/networkmasks/nan_rPNAS_2mm_net0009.nii.gz
Successfully extracted 10644 sharedreward /ZPOOL/data/projects/rf1-sra-sharedreward/masks/networkmasks/nan_rPNAS_2mm_net0002.nii.gz
complete 10644 2
To view the FEAT progress and final report, point your web browser at /ZPOOL/data/projects/rf1-sra-sharedreward/derivatives/fsl/sub-10642/L1_task-sharedreward_model-1_type-nppi-dmn_run-2_sm-6.feat/report_log.html
Successfully extracted 10644 sharedreward /ZPOOL/data/projects/rf1-sra-sharedreward/masks/networkmasks/nan_rPNAS_2mm_net0003.nii.gz
complete 10647 1
Successfully extracted 10644 sharedreward /ZPOOL/data/projects/rf1-sra-sharedreward/masks/networkmasks/nan_rPNAS_2mm_net0000.nii.gz
Successfully extracted 10644 sharedreward /ZPOOL/data/projects/rf1-sra-sharedreward/masks/networkmasks/nan_rPNAS_2mm_net0004.nii.gz
Successfully extracted 10647 sharedreward /ZPOOL/data/projects/rf1-sra-sharedreward/masks/networkmasks/nan_rPNAS_2mm_net0000.nii.gz
Successfully extracted 10644 sharedreward /ZPOOL/data/projects/rf1-sra-sharedreward/masks/networkmasks/nan_rPNAS_2mm_net0001.nii.gz
complete 10647 2
Successfully extracted 10644 sharedreward /ZPOOL/data/projects/rf1-sra-sharedreward/masks/networkmasks/nan_rPNAS_2mm_net0005.nii.gz
Successfully extracted 10647 sharedreward /ZPOOL/data/projects/rf1-sra-sharedreward/masks/networkmasks/nan_rPNAS_2mm_net0001.nii.gz
Successfully extracted 10644 sharedreward /ZPOOL/data/projects/rf1-sra-sharedreward/masks/networkmasks/nan_rPNAS_2mm_net0002.nii.gz
Successfully extracted 10647 sharedreward /ZPOOL/data/projects/rf1-sra-sharedreward/masks/networkmasks/nan_rPNAS_2mm_net0000.nii.gz
Successfully extracted 10644 sharedreward /ZPOOL/data/projects/rf1-sra-sharedreward/masks/networkmasks/nan_rPNAS_2mm_net0006.nii.gz
Successfully extracted 10647 sharedreward /ZPOOL/data/projects/rf1-sra-sharedreward/masks/networkmasks/nan_rPNAS_2mm_net0002.nii.gz
Successfully extracted 10644 sharedreward /ZPOOL/data/projects/rf1-sra-sharedreward/masks/networkmasks/nan_rPNAS_2mm_net0003.nii.gz
complete 10649 1
Successfully extracted 10647 sharedreward /ZPOOL/data/projects/rf1-sra-sharedreward/masks/networkmasks/nan_rPNAS_2mm_net0001.nii.gz
Successfully extracted 10644 sharedreward /ZPOOL/data/projects/rf1-sra-sharedreward/masks/networkmasks/nan_rPNAS_2mm_net0007.nii.gz
Successfully extracted 10647 sharedreward /ZPOOL/data/projects/rf1-sra-sharedreward/masks/networkmasks/nan_rPNAS_2mm_net0003.nii.gz
Successfully extracted 10644 sharedreward /ZPOOL/data/projects/rf1-sra-sharedreward/masks/networkmasks/nan_rPNAS_2mm_net0004.nii.gz
Successfully extracted 10649 sharedreward /ZPOOL/data/projects/rf1-sra-sharedreward/masks/networkmasks/nan_rPNAS_2mm_net0000.nii.gz
Successfully extracted 10647 sharedreward /ZPOOL/data/projects/rf1-sra-sharedreward/masks/networkmasks/nan_rPNAS_2mm_net0002.nii.gz
Successfully extracted 10644 sharedreward /ZPOOL/data/projects/rf1-sra-sharedreward/masks/networkmasks/nan_rPNAS_2mm_net0008.nii.gz
Successfully extracted 10647 sharedreward /ZPOOL/data/projects/rf1-sra-sharedreward/masks/networkmasks/nan_rPNAS_2mm_net0004.nii.gz
Successfully extracted 10644 sharedreward /ZPOOL/data/projects/rf1-sra-sharedreward/masks/networkmasks/nan_rPNAS_2mm_net0005.nii.gz
complete 10649 2
Successfully extracted 10647 sharedreward /ZPOOL/data/projects/rf1-sra-sharedreward/masks/networkmasks/nan_rPNAS_2mm_net0003.nii.gz
Successfully extracted 10644 sharedreward /ZPOOL/data/projects/rf1-sra-sharedreward/masks/networkmasks/nan_rPNAS_2mm_net0009.nii.gz
Successfully extracted 10649 sharedreward /ZPOOL/data/projects/rf1-sra-sharedreward/masks/networkmasks/nan_rPNAS_2mm_net0001.nii.gz
Successfully extracted 10647 sharedreward /ZPOOL/data/projects/rf1-sra-sharedreward/masks/networkmasks/nan_rPNAS_2mm_net0005.nii.gz
Successfully extracted 10644 sharedreward /ZPOOL/data/projects/rf1-sra-sharedreward/masks/networkmasks/nan_rPNAS_2mm_net0006.nii.gz
Successfully extracted 10649 sharedreward /ZPOOL/data/projects/rf1-sra-sharedreward/masks/networkmasks/nan_rPNAS_2mm_net0000.nii.gz
Successfully extracted 10647 sharedreward /ZPOOL/data/projects/rf1-sra-sharedreward/masks/networkmasks/nan_rPNAS_2mm_net0004.nii.gz
Successfully extracted 10647 sharedreward /ZPOOL/data/projects/rf1-sra-sharedreward/masks/networkmasks/nan_rPNAS_2mm_net0006.nii.gz
Successfully extracted 10649 sharedreward /ZPOOL/data/projects/rf1-sra-sharedreward/masks/networkmasks/nan_rPNAS_2mm_net0002.nii.gz
complete 10652 1
To view the FEAT progress and final report, point your web browser at /ZPOOL/data/projects/rf1-sra-sharedreward/derivatives/fsl/sub-10644/L1_task-sharedreward_model-1_type-nppi-dmn_run-1_sm-6.feat/report_log.html
Successfully extracted 10644 sharedreward /ZPOOL/data/projects/rf1-sra-sharedreward/masks/networkmasks/nan_rPNAS_2mm_net0007.nii.gz
Successfully extracted 10649 sharedreward /ZPOOL/data/projects/rf1-sra-sharedreward/masks/networkmasks/nan_rPNAS_2mm_net0001.nii.gz
Successfully extracted 10647 sharedreward /ZPOOL/data/projects/rf1-sra-sharedreward/masks/networkmasks/nan_rPNAS_2mm_net0005.nii.gz
Successfully extracted 10647 sharedreward /ZPOOL/data/projects/rf1-sra-sharedreward/masks/networkmasks/nan_rPNAS_2mm_net0007.nii.gz
Successfully extracted 10649 sharedreward /ZPOOL/data/projects/rf1-sra-sharedreward/masks/networkmasks/nan_rPNAS_2mm_net0003.nii.gz
Successfully extracted 10652 sharedreward /ZPOOL/data/projects/rf1-sra-sharedreward/masks/networkmasks/nan_rPNAS_2mm_net0000.nii.gz
Successfully extracted 10644 sharedreward /ZPOOL/data/projects/rf1-sra-sharedreward/masks/networkmasks/nan_rPNAS_2mm_net0008.nii.gz
Successfully extracted 10649 sharedreward /ZPOOL/data/projects/rf1-sra-sharedreward/masks/networkmasks/nan_rPNAS_2mm_net0002.nii.gz
Successfully extracted 10647 sharedreward /ZPOOL/data/projects/rf1-sra-sharedreward/masks/networkmasks/nan_rPNAS_2mm_net0006.nii.gz
Successfully extracted 10647 sharedreward /ZPOOL/data/projects/rf1-sra-sharedreward/masks/networkmasks/nan_rPNAS_2mm_net0008.nii.gz
Successfully extracted 10649 sharedreward /ZPOOL/data/projects/rf1-sra-sharedreward/masks/networkmasks/nan_rPNAS_2mm_net0004.nii.gz
Successfully extracted 10644 sharedreward /ZPOOL/data/projects/rf1-sra-sharedreward/masks/networkmasks/nan_rPNAS_2mm_net0009.nii.gz
Successfully extracted 10652 sharedreward /ZPOOL/data/projects/rf1-sra-sharedreward/masks/networkmasks/nan_rPNAS_2mm_net0001.nii.gz
Successfully extracted 10649 sharedreward /ZPOOL/data/projects/rf1-sra-sharedreward/masks/networkmasks/nan_rPNAS_2mm_net0003.nii.gz
complete 10652 2
Successfully extracted 10647 sharedreward /ZPOOL/data/projects/rf1-sra-sharedreward/masks/networkmasks/nan_rPNAS_2mm_net0007.nii.gz
Successfully extracted 10647 sharedreward /ZPOOL/data/projects/rf1-sra-sharedreward/masks/networkmasks/nan_rPNAS_2mm_net0009.nii.gz
Successfully extracted 10649 sharedreward /ZPOOL/data/projects/rf1-sra-sharedreward/masks/networkmasks/nan_rPNAS_2mm_net0005.nii.gz
Successfully extracted 10652 sharedreward /ZPOOL/data/projects/rf1-sra-sharedreward/masks/networkmasks/nan_rPNAS_2mm_net0002.nii.gz
Successfully extracted 10649 sharedreward /ZPOOL/data/projects/rf1-sra-sharedreward/masks/networkmasks/nan_rPNAS_2mm_net0004.nii.gz
To view the FEAT progress and final report, point your web browser at /ZPOOL/data/projects/rf1-sra-sharedreward/derivatives/fsl/sub-10644/L1_task-sharedreward_model-1_type-nppi-dmn_run-2_sm-6.feat/report_log.html
Successfully extracted 10647 sharedreward /ZPOOL/data/projects/rf1-sra-sharedreward/masks/networkmasks/nan_rPNAS_2mm_net0008.nii.gz
Successfully extracted 10652 sharedreward /ZPOOL/data/projects/rf1-sra-sharedreward/masks/networkmasks/nan_rPNAS_2mm_net0000.nii.gz
Successfully extracted 10649 sharedreward /ZPOOL/data/projects/rf1-sra-sharedreward/masks/networkmasks/nan_rPNAS_2mm_net0006.nii.gz
To view the FEAT progress and final report, point your web browser at /ZPOOL/data/projects/rf1-sra-sharedreward/derivatives/fsl/sub-10647/L1_task-sharedreward_model-1_type-nppi-dmn_run-1_sm-6.feat/report_log.html
Successfully extracted 10652 sharedreward /ZPOOL/data/projects/rf1-sra-sharedreward/masks/networkmasks/nan_rPNAS_2mm_net0003.nii.gz
Successfully extracted 10649 sharedreward /ZPOOL/data/projects/rf1-sra-sharedreward/masks/networkmasks/nan_rPNAS_2mm_net0005.nii.gz
Successfully extracted 10647 sharedreward /ZPOOL/data/projects/rf1-sra-sharedreward/masks/networkmasks/nan_rPNAS_2mm_net0009.nii.gz
Successfully extracted 10652 sharedreward /ZPOOL/data/projects/rf1-sra-sharedreward/masks/networkmasks/nan_rPNAS_2mm_net0001.nii.gz
Successfully extracted 10649 sharedreward /ZPOOL/data/projects/rf1-sra-sharedreward/masks/networkmasks/nan_rPNAS_2mm_net0007.nii.gz
Successfully extracted 10649 sharedreward /ZPOOL/data/projects/rf1-sra-sharedreward/masks/networkmasks/nan_rPNAS_2mm_net0006.nii.gz
Successfully extracted 10652 sharedreward /ZPOOL/data/projects/rf1-sra-sharedreward/masks/networkmasks/nan_rPNAS_2mm_net0004.nii.gz
To view the FEAT progress and final report, point your web browser at /ZPOOL/data/projects/rf1-sra-sharedreward/derivatives/fsl/sub-10647/L1_task-sharedreward_model-1_type-nppi-dmn_run-2_sm-6.feat/report_log.html
Successfully extracted 10652 sharedreward /ZPOOL/data/projects/rf1-sra-sharedreward/masks/networkmasks/nan_rPNAS_2mm_net0002.nii.gz
Successfully extracted 10649 sharedreward /ZPOOL/data/projects/rf1-sra-sharedreward/masks/networkmasks/nan_rPNAS_2mm_net0008.nii.gz
Successfully extracted 10652 sharedreward /ZPOOL/data/projects/rf1-sra-sharedreward/masks/networkmasks/nan_rPNAS_2mm_net0005.nii.gz
Successfully extracted 10649 sharedreward /ZPOOL/data/projects/rf1-sra-sharedreward/masks/networkmasks/nan_rPNAS_2mm_net0007.nii.gz
Successfully extracted 10652 sharedreward /ZPOOL/data/projects/rf1-sra-sharedreward/masks/networkmasks/nan_rPNAS_2mm_net0003.nii.gz
Successfully extracted 10649 sharedreward /ZPOOL/data/projects/rf1-sra-sharedreward/masks/networkmasks/nan_rPNAS_2mm_net0009.nii.gz
Successfully extracted 10652 sharedreward /ZPOOL/data/projects/rf1-sra-sharedreward/masks/networkmasks/nan_rPNAS_2mm_net0006.nii.gz
Successfully extracted 10649 sharedreward /ZPOOL/data/projects/rf1-sra-sharedreward/masks/networkmasks/nan_rPNAS_2mm_net0008.nii.gz
Successfully extracted 10652 sharedreward /ZPOOL/data/projects/rf1-sra-sharedreward/masks/networkmasks/nan_rPNAS_2mm_net0004.nii.gz
To view the FEAT progress and final report, point your web browser at /ZPOOL/data/projects/rf1-sra-sharedreward/derivatives/fsl/sub-10649/L1_task-sharedreward_model-1_type-nppi-dmn_run-1_sm-6.feat/report_log.html
Successfully extracted 10652 sharedreward /ZPOOL/data/projects/rf1-sra-sharedreward/masks/networkmasks/nan_rPNAS_2mm_net0007.nii.gz
Successfully extracted 10649 sharedreward /ZPOOL/data/projects/rf1-sra-sharedreward/masks/networkmasks/nan_rPNAS_2mm_net0009.nii.gz
Successfully extracted 10652 sharedreward /ZPOOL/data/projects/rf1-sra-sharedreward/masks/networkmasks/nan_rPNAS_2mm_net0005.nii.gz
Successfully extracted 10652 sharedreward /ZPOOL/data/projects/rf1-sra-sharedreward/masks/networkmasks/nan_rPNAS_2mm_net0008.nii.gz
To view the FEAT progress and final report, point your web browser at /ZPOOL/data/projects/rf1-sra-sharedreward/derivatives/fsl/sub-10649/L1_task-sharedreward_model-1_type-nppi-dmn_run-2_sm-6.feat/report_log.html
Successfully extracted 10652 sharedreward /ZPOOL/data/projects/rf1-sra-sharedreward/masks/networkmasks/nan_rPNAS_2mm_net0006.nii.gz
Successfully extracted 10652 sharedreward /ZPOOL/data/projects/rf1-sra-sharedreward/masks/networkmasks/nan_rPNAS_2mm_net0009.nii.gz
Successfully extracted 10652 sharedreward /ZPOOL/data/projects/rf1-sra-sharedreward/masks/networkmasks/nan_rPNAS_2mm_net0007.nii.gz
To view the FEAT progress and final report, point your web browser at /ZPOOL/data/projects/rf1-sra-sharedreward/derivatives/fsl/sub-10652/L1_task-sharedreward_model-1_type-nppi-dmn_run-1_sm-6.feat/report_log.html
Successfully extracted 10652 sharedreward /ZPOOL/data/projects/rf1-sra-sharedreward/masks/networkmasks/nan_rPNAS_2mm_net0008.nii.gz
Successfully extracted 10652 sharedreward /ZPOOL/data/projects/rf1-sra-sharedreward/masks/networkmasks/nan_rPNAS_2mm_net0009.nii.gz
To view the FEAT progress and final report, point your web browser at /ZPOOL/data/projects/rf1-sra-sharedreward/derivatives/fsl/sub-10652/L1_task-sharedreward_model-1_type-nppi-dmn_run-2_sm-6.feat/report_log.html
complete 10656 1
Successfully extracted 10656 sharedreward /ZPOOL/data/projects/rf1-sra-sharedreward/masks/networkmasks/nan_rPNAS_2mm_net0000.nii.gz
Successfully extracted 10656 sharedreward /ZPOOL/data/projects/rf1-sra-sharedreward/masks/networkmasks/nan_rPNAS_2mm_net0001.nii.gz
Successfully extracted 10656 sharedreward /ZPOOL/data/projects/rf1-sra-sharedreward/masks/networkmasks/nan_rPNAS_2mm_net0002.nii.gz
Successfully extracted 10656 sharedreward /ZPOOL/data/projects/rf1-sra-sharedreward/masks/networkmasks/nan_rPNAS_2mm_net0003.nii.gz
Successfully extracted 10656 sharedreward /ZPOOL/data/projects/rf1-sra-sharedreward/masks/networkmasks/nan_rPNAS_2mm_net0004.nii.gz
Successfully extracted 10656 sharedreward /ZPOOL/data/projects/rf1-sra-sharedreward/masks/networkmasks/nan_rPNAS_2mm_net0005.nii.gz
Successfully extracted 10656 sharedreward /ZPOOL/data/projects/rf1-sra-sharedreward/masks/networkmasks/nan_rPNAS_2mm_net0006.nii.gz
Successfully extracted 10656 sharedreward /ZPOOL/data/projects/rf1-sra-sharedreward/masks/networkmasks/nan_rPNAS_2mm_net0007.nii.gz
complete 10656 2
Successfully extracted 10656 sharedreward /ZPOOL/data/projects/rf1-sra-sharedreward/masks/networkmasks/nan_rPNAS_2mm_net0008.nii.gz
Successfully extracted 10656 sharedreward /ZPOOL/data/projects/rf1-sra-sharedreward/masks/networkmasks/nan_rPNAS_2mm_net0000.nii.gz
Successfully extracted 10656 sharedreward /ZPOOL/data/projects/rf1-sra-sharedreward/masks/networkmasks/nan_rPNAS_2mm_net0009.nii.gz
Successfully extracted 10656 sharedreward /ZPOOL/data/projects/rf1-sra-sharedreward/masks/networkmasks/nan_rPNAS_2mm_net0001.nii.gz
To view the FEAT progress and final report, point your web browser at /ZPOOL/data/projects/rf1-sra-sharedreward/derivatives/fsl/sub-10656/L1_task-sharedreward_model-1_type-nppi-dmn_run-1_sm-6.feat/report_log.html
Successfully extracted 10656 sharedreward /ZPOOL/data/projects/rf1-sra-sharedreward/masks/networkmasks/nan_rPNAS_2mm_net0002.nii.gz
Successfully extracted 10656 sharedreward /ZPOOL/data/projects/rf1-sra-sharedreward/masks/networkmasks/nan_rPNAS_2mm_net0003.nii.gz
Successfully extracted 10656 sharedreward /ZPOOL/data/projects/rf1-sra-sharedreward/masks/networkmasks/nan_rPNAS_2mm_net0004.nii.gz
Successfully extracted 10656 sharedreward /ZPOOL/data/projects/rf1-sra-sharedreward/masks/networkmasks/nan_rPNAS_2mm_net0005.nii.gz
Successfully extracted 10656 sharedreward /ZPOOL/data/projects/rf1-sra-sharedreward/masks/networkmasks/nan_rPNAS_2mm_net0006.nii.gz
Successfully extracted 10656 sharedreward /ZPOOL/data/projects/rf1-sra-sharedreward/masks/networkmasks/nan_rPNAS_2mm_net0007.nii.gz
Successfully extracted 10656 sharedreward /ZPOOL/data/projects/rf1-sra-sharedreward/masks/networkmasks/nan_rPNAS_2mm_net0008.nii.gz
Successfully extracted 10656 sharedreward /ZPOOL/data/projects/rf1-sra-sharedreward/masks/networkmasks/nan_rPNAS_2mm_net0009.nii.gz
complete 10657 1
To view the FEAT progress and final report, point your web browser at /ZPOOL/data/projects/rf1-sra-sharedreward/derivatives/fsl/sub-10656/L1_task-sharedreward_model-1_type-nppi-dmn_run-2_sm-6.feat/report_log.html
Successfully extracted 10657 sharedreward /ZPOOL/data/projects/rf1-sra-sharedreward/masks/networkmasks/nan_rPNAS_2mm_net0000.nii.gz
complete 10657 2
Successfully extracted 10657 sharedreward /ZPOOL/data/projects/rf1-sra-sharedreward/masks/networkmasks/nan_rPNAS_2mm_net0001.nii.gz
complete 10659 1
Successfully extracted 10657 sharedreward /ZPOOL/data/projects/rf1-sra-sharedreward/masks/networkmasks/nan_rPNAS_2mm_net0000.nii.gz
Successfully extracted 10657 sharedreward /ZPOOL/data/projects/rf1-sra-sharedreward/masks/networkmasks/nan_rPNAS_2mm_net0002.nii.gz
complete 10659 2
Successfully extracted 10659 sharedreward /ZPOOL/data/projects/rf1-sra-sharedreward/masks/networkmasks/nan_rPNAS_2mm_net0000.nii.gz
Successfully extracted 10657 sharedreward /ZPOOL/data/projects/rf1-sra-sharedreward/masks/networkmasks/nan_rPNAS_2mm_net0001.nii.gz
Successfully extracted 10657 sharedreward /ZPOOL/data/projects/rf1-sra-sharedreward/masks/networkmasks/nan_rPNAS_2mm_net0003.nii.gz
complete 10661 1
Successfully extracted 10659 sharedreward /ZPOOL/data/projects/rf1-sra-sharedreward/masks/networkmasks/nan_rPNAS_2mm_net0001.nii.gz
Successfully extracted 10659 sharedreward /ZPOOL/data/projects/rf1-sra-sharedreward/masks/networkmasks/nan_rPNAS_2mm_net0000.nii.gz
Successfully extracted 10657 sharedreward /ZPOOL/data/projects/rf1-sra-sharedreward/masks/networkmasks/nan_rPNAS_2mm_net0002.nii.gz
Successfully extracted 10657 sharedreward /ZPOOL/data/projects/rf1-sra-sharedreward/masks/networkmasks/nan_rPNAS_2mm_net0004.nii.gz
Successfully extracted 10661 sharedreward /ZPOOL/data/projects/rf1-sra-sharedreward/masks/networkmasks/nan_rPNAS_2mm_net0000.nii.gz
Successfully extracted 10659 sharedreward /ZPOOL/data/projects/rf1-sra-sharedreward/masks/networkmasks/nan_rPNAS_2mm_net0002.nii.gz
Successfully extracted 10659 sharedreward /ZPOOL/data/projects/rf1-sra-sharedreward/masks/networkmasks/nan_rPNAS_2mm_net0001.nii.gz
Successfully extracted 10657 sharedreward /ZPOOL/data/projects/rf1-sra-sharedreward/masks/networkmasks/nan_rPNAS_2mm_net0003.nii.gz
Successfully extracted 10657 sharedreward /ZPOOL/data/projects/rf1-sra-sharedreward/masks/networkmasks/nan_rPNAS_2mm_net0005.nii.gz
Successfully extracted 10661 sharedreward /ZPOOL/data/projects/rf1-sra-sharedreward/masks/networkmasks/nan_rPNAS_2mm_net0001.nii.gz
Successfully extracted 10659 sharedreward /ZPOOL/data/projects/rf1-sra-sharedreward/masks/networkmasks/nan_rPNAS_2mm_net0003.nii.gz
Successfully extracted 10657 sharedreward /ZPOOL/data/projects/rf1-sra-sharedreward/masks/networkmasks/nan_rPNAS_2mm_net0004.nii.gz
Successfully extracted 10657 sharedreward /ZPOOL/data/projects/rf1-sra-sharedreward/masks/networkmasks/nan_rPNAS_2mm_net0006.nii.gz
Successfully extracted 10659 sharedreward /ZPOOL/data/projects/rf1-sra-sharedreward/masks/networkmasks/nan_rPNAS_2mm_net0002.nii.gz
Successfully extracted 10661 sharedreward /ZPOOL/data/projects/rf1-sra-sharedreward/masks/networkmasks/nan_rPNAS_2mm_net0002.nii.gz
Successfully extracted 10659 sharedreward /ZPOOL/data/projects/rf1-sra-sharedreward/masks/networkmasks/nan_rPNAS_2mm_net0004.nii.gz
Successfully extracted 10657 sharedreward /ZPOOL/data/projects/rf1-sra-sharedreward/masks/networkmasks/nan_rPNAS_2mm_net0005.nii.gz
Successfully extracted 10659 sharedreward /ZPOOL/data/projects/rf1-sra-sharedreward/masks/networkmasks/nan_rPNAS_2mm_net0003.nii.gz
Successfully extracted 10657 sharedreward /ZPOOL/data/projects/rf1-sra-sharedreward/masks/networkmasks/nan_rPNAS_2mm_net0007.nii.gz
Successfully extracted 10661 sharedreward /ZPOOL/data/projects/rf1-sra-sharedreward/masks/networkmasks/nan_rPNAS_2mm_net0003.nii.gz
Successfully extracted 10659 sharedreward /ZPOOL/data/projects/rf1-sra-sharedreward/masks/networkmasks/nan_rPNAS_2mm_net0005.nii.gz
Successfully extracted 10659 sharedreward /ZPOOL/data/projects/rf1-sra-sharedreward/masks/networkmasks/nan_rPNAS_2mm_net0004.nii.gz
Successfully extracted 10657 sharedreward /ZPOOL/data/projects/rf1-sra-sharedreward/masks/networkmasks/nan_rPNAS_2mm_net0008.nii.gz
Successfully extracted 10657 sharedreward /ZPOOL/data/projects/rf1-sra-sharedreward/masks/networkmasks/nan_rPNAS_2mm_net0006.nii.gz
complete 10661 2
Successfully extracted 10661 sharedreward /ZPOOL/data/projects/rf1-sra-sharedreward/masks/networkmasks/nan_rPNAS_2mm_net0004.nii.gz
Successfully extracted 10659 sharedreward /ZPOOL/data/projects/rf1-sra-sharedreward/masks/networkmasks/nan_rPNAS_2mm_net0006.nii.gz
Successfully extracted 10659 sharedreward /ZPOOL/data/projects/rf1-sra-sharedreward/masks/networkmasks/nan_rPNAS_2mm_net0005.nii.gz
Successfully extracted 10657 sharedreward /ZPOOL/data/projects/rf1-sra-sharedreward/masks/networkmasks/nan_rPNAS_2mm_net0009.nii.gz
Successfully extracted 10657 sharedreward /ZPOOL/data/projects/rf1-sra-sharedreward/masks/networkmasks/nan_rPNAS_2mm_net0007.nii.gz
Successfully extracted 10661 sharedreward /ZPOOL/data/projects/rf1-sra-sharedreward/masks/networkmasks/nan_rPNAS_2mm_net0000.nii.gz
Successfully extracted 10661 sharedreward /ZPOOL/data/projects/rf1-sra-sharedreward/masks/networkmasks/nan_rPNAS_2mm_net0005.nii.gz
Successfully extracted 10659 sharedreward /ZPOOL/data/projects/rf1-sra-sharedreward/masks/networkmasks/nan_rPNAS_2mm_net0007.nii.gz
Successfully extracted 10659 sharedreward /ZPOOL/data/projects/rf1-sra-sharedreward/masks/networkmasks/nan_rPNAS_2mm_net0006.nii.gz
Successfully extracted 10657 sharedreward /ZPOOL/data/projects/rf1-sra-sharedreward/masks/networkmasks/nan_rPNAS_2mm_net0008.nii.gz
To view the FEAT progress and final report, point your web browser at /ZPOOL/data/projects/rf1-sra-sharedreward/derivatives/fsl/sub-10657/L1_task-sharedreward_model-1_type-nppi-dmn_run-1_sm-6.feat/report_log.html
Successfully extracted 10661 sharedreward /ZPOOL/data/projects/rf1-sra-sharedreward/masks/networkmasks/nan_rPNAS_2mm_net0001.nii.gz
Successfully extracted 10661 sharedreward /ZPOOL/data/projects/rf1-sra-sharedreward/masks/networkmasks/nan_rPNAS_2mm_net0006.nii.gz
Successfully extracted 10659 sharedreward /ZPOOL/data/projects/rf1-sra-sharedreward/masks/networkmasks/nan_rPNAS_2mm_net0008.nii.gz
Successfully extracted 10659 sharedreward /ZPOOL/data/projects/rf1-sra-sharedreward/masks/networkmasks/nan_rPNAS_2mm_net0007.nii.gz
Successfully extracted 10657 sharedreward /ZPOOL/data/projects/rf1-sra-sharedreward/masks/networkmasks/nan_rPNAS_2mm_net0009.nii.gz
Successfully extracted 10661 sharedreward /ZPOOL/data/projects/rf1-sra-sharedreward/masks/networkmasks/nan_rPNAS_2mm_net0002.nii.gz
Successfully extracted 10661 sharedreward /ZPOOL/data/projects/rf1-sra-sharedreward/masks/networkmasks/nan_rPNAS_2mm_net0007.nii.gz
Successfully extracted 10659 sharedreward /ZPOOL/data/projects/rf1-sra-sharedreward/masks/networkmasks/nan_rPNAS_2mm_net0009.nii.gz
Successfully extracted 10659 sharedreward /ZPOOL/data/projects/rf1-sra-sharedreward/masks/networkmasks/nan_rPNAS_2mm_net0008.nii.gz
Successfully extracted 10661 sharedreward /ZPOOL/data/projects/rf1-sra-sharedreward/masks/networkmasks/nan_rPNAS_2mm_net0003.nii.gz
To view the FEAT progress and final report, point your web browser at /ZPOOL/data/projects/rf1-sra-sharedreward/derivatives/fsl/sub-10657/L1_task-sharedreward_model-1_type-nppi-dmn_run-2_sm-6.feat/report_log.html
Successfully extracted 10661 sharedreward /ZPOOL/data/projects/rf1-sra-sharedreward/masks/networkmasks/nan_rPNAS_2mm_net0008.nii.gz
Successfully extracted 10659 sharedreward /ZPOOL/data/projects/rf1-sra-sharedreward/masks/networkmasks/nan_rPNAS_2mm_net0009.nii.gz
To view the FEAT progress and final report, point your web browser at /ZPOOL/data/projects/rf1-sra-sharedreward/derivatives/fsl/sub-10659/L1_task-sharedreward_model-1_type-nppi-dmn_run-1_sm-6.feat/report_log.html
Successfully extracted 10661 sharedreward /ZPOOL/data/projects/rf1-sra-sharedreward/masks/networkmasks/nan_rPNAS_2mm_net0004.nii.gz
Successfully extracted 10661 sharedreward /ZPOOL/data/projects/rf1-sra-sharedreward/masks/networkmasks/nan_rPNAS_2mm_net0009.nii.gz
To view the FEAT progress and final report, point your web browser at /ZPOOL/data/projects/rf1-sra-sharedreward/derivatives/fsl/sub-10659/L1_task-sharedreward_model-1_type-nppi-dmn_run-2_sm-6.feat/report_log.html
Successfully extracted 10661 sharedreward /ZPOOL/data/projects/rf1-sra-sharedreward/masks/networkmasks/nan_rPNAS_2mm_net0005.nii.gz
complete 10663 1
To view the FEAT progress and final report, point your web browser at /ZPOOL/data/projects/rf1-sra-sharedreward/derivatives/fsl/sub-10661/L1_task-sharedreward_model-1_type-nppi-dmn_run-1_sm-6.feat/report_log.html
Successfully extracted 10661 sharedreward /ZPOOL/data/projects/rf1-sra-sharedreward/masks/networkmasks/nan_rPNAS_2mm_net0006.nii.gz
Successfully extracted 10663 sharedreward /ZPOOL/data/projects/rf1-sra-sharedreward/masks/networkmasks/nan_rPNAS_2mm_net0000.nii.gz
Successfully extracted 10661 sharedreward /ZPOOL/data/projects/rf1-sra-sharedreward/masks/networkmasks/nan_rPNAS_2mm_net0007.nii.gz
Successfully extracted 10663 sharedreward /ZPOOL/data/projects/rf1-sra-sharedreward/masks/networkmasks/nan_rPNAS_2mm_net0001.nii.gz
complete 10663 2
Successfully extracted 10661 sharedreward /ZPOOL/data/projects/rf1-sra-sharedreward/masks/networkmasks/nan_rPNAS_2mm_net0008.nii.gz
Successfully extracted 10663 sharedreward /ZPOOL/data/projects/rf1-sra-sharedreward/masks/networkmasks/nan_rPNAS_2mm_net0002.nii.gz
Successfully extracted 10661 sharedreward /ZPOOL/data/projects/rf1-sra-sharedreward/masks/networkmasks/nan_rPNAS_2mm_net0009.nii.gz
Successfully extracted 10663 sharedreward /ZPOOL/data/projects/rf1-sra-sharedreward/masks/networkmasks/nan_rPNAS_2mm_net0000.nii.gz
Successfully extracted 10663 sharedreward /ZPOOL/data/projects/rf1-sra-sharedreward/masks/networkmasks/nan_rPNAS_2mm_net0003.nii.gz
Successfully extracted 10663 sharedreward /ZPOOL/data/projects/rf1-sra-sharedreward/masks/networkmasks/nan_rPNAS_2mm_net0001.nii.gz
To view the FEAT progress and final report, point your web browser at /ZPOOL/data/projects/rf1-sra-sharedreward/derivatives/fsl/sub-10661/L1_task-sharedreward_model-1_type-nppi-dmn_run-2_sm-6.feat/report_log.html
Successfully extracted 10663 sharedreward /ZPOOL/data/projects/rf1-sra-sharedreward/masks/networkmasks/nan_rPNAS_2mm_net0004.nii.gz
Successfully extracted 10663 sharedreward /ZPOOL/data/projects/rf1-sra-sharedreward/masks/networkmasks/nan_rPNAS_2mm_net0002.nii.gz
Successfully extracted 10663 sharedreward /ZPOOL/data/projects/rf1-sra-sharedreward/masks/networkmasks/nan_rPNAS_2mm_net0005.nii.gz
Successfully extracted 10663 sharedreward /ZPOOL/data/projects/rf1-sra-sharedreward/masks/networkmasks/nan_rPNAS_2mm_net0003.nii.gz
Successfully extracted 10663 sharedreward /ZPOOL/data/projects/rf1-sra-sharedreward/masks/networkmasks/nan_rPNAS_2mm_net0006.nii.gz
Successfully extracted 10663 sharedreward /ZPOOL/data/projects/rf1-sra-sharedreward/masks/networkmasks/nan_rPNAS_2mm_net0004.nii.gz
Successfully extracted 10663 sharedreward /ZPOOL/data/projects/rf1-sra-sharedreward/masks/networkmasks/nan_rPNAS_2mm_net0007.nii.gz
Successfully extracted 10663 sharedreward /ZPOOL/data/projects/rf1-sra-sharedreward/masks/networkmasks/nan_rPNAS_2mm_net0005.nii.gz
Successfully extracted 10663 sharedreward /ZPOOL/data/projects/rf1-sra-sharedreward/masks/networkmasks/nan_rPNAS_2mm_net0008.nii.gz
Successfully extracted 10663 sharedreward /ZPOOL/data/projects/rf1-sra-sharedreward/masks/networkmasks/nan_rPNAS_2mm_net0006.nii.gz
Successfully extracted 10663 sharedreward /ZPOOL/data/projects/rf1-sra-sharedreward/masks/networkmasks/nan_rPNAS_2mm_net0009.nii.gz
Successfully extracted 10663 sharedreward /ZPOOL/data/projects/rf1-sra-sharedreward/masks/networkmasks/nan_rPNAS_2mm_net0007.nii.gz
To view the FEAT progress and final report, point your web browser at /ZPOOL/data/projects/rf1-sra-sharedreward/derivatives/fsl/sub-10663/L1_task-sharedreward_model-1_type-nppi-dmn_run-1_sm-6.feat/report_log.html
Successfully extracted 10663 sharedreward /ZPOOL/data/projects/rf1-sra-sharedreward/masks/networkmasks/nan_rPNAS_2mm_net0008.nii.gz
Successfully extracted 10663 sharedreward /ZPOOL/data/projects/rf1-sra-sharedreward/masks/networkmasks/nan_rPNAS_2mm_net0009.nii.gz
To view the FEAT progress and final report, point your web browser at /ZPOOL/data/projects/rf1-sra-sharedreward/derivatives/fsl/sub-10663/L1_task-sharedreward_model-1_type-nppi-dmn_run-2_sm-6.feat/report_log.html
complete 10668 1
Successfully extracted 10668 sharedreward /ZPOOL/data/projects/rf1-sra-sharedreward/masks/networkmasks/nan_rPNAS_2mm_net0000.nii.gz
complete 10668 2
Successfully extracted 10668 sharedreward /ZPOOL/data/projects/rf1-sra-sharedreward/masks/networkmasks/nan_rPNAS_2mm_net0001.nii.gz
complete 10673 1
Successfully extracted 10668 sharedreward /ZPOOL/data/projects/rf1-sra-sharedreward/masks/networkmasks/nan_rPNAS_2mm_net0002.nii.gz
Successfully extracted 10673 sharedreward /ZPOOL/data/projects/rf1-sra-sharedreward/masks/networkmasks/nan_rPNAS_2mm_net0000.nii.gz
Successfully extracted 10668 sharedreward /ZPOOL/data/projects/rf1-sra-sharedreward/masks/networkmasks/nan_rPNAS_2mm_net0003.nii.gz
Successfully extracted 10668 sharedreward /ZPOOL/data/projects/rf1-sra-sharedreward/masks/networkmasks/nan_rPNAS_2mm_net0004.nii.gz
Successfully extracted 10673 sharedreward /ZPOOL/data/projects/rf1-sra-sharedreward/masks/networkmasks/nan_rPNAS_2mm_net0001.nii.gz
Successfully extracted 10668 sharedreward /ZPOOL/data/projects/rf1-sra-sharedreward/masks/networkmasks/nan_rPNAS_2mm_net0005.nii.gz
Successfully extracted 10673 sharedreward /ZPOOL/data/projects/rf1-sra-sharedreward/masks/networkmasks/nan_rPNAS_2mm_net0002.nii.gz
Successfully extracted 10673 sharedreward /ZPOOL/data/projects/rf1-sra-sharedreward/masks/networkmasks/nan_rPNAS_2mm_net0003.nii.gz
Successfully extracted 10668 sharedreward /ZPOOL/data/projects/rf1-sra-sharedreward/masks/networkmasks/nan_rPNAS_2mm_net0006.nii.gz
Successfully extracted 10673 sharedreward /ZPOOL/data/projects/rf1-sra-sharedreward/masks/networkmasks/nan_rPNAS_2mm_net0004.nii.gz
Successfully extracted 10668 sharedreward /ZPOOL/data/projects/rf1-sra-sharedreward/masks/networkmasks/nan_rPNAS_2mm_net0007.nii.gz
Successfully extracted 10673 sharedreward /ZPOOL/data/projects/rf1-sra-sharedreward/masks/networkmasks/nan_rPNAS_2mm_net0005.nii.gz
Successfully extracted 10668 sharedreward /ZPOOL/data/projects/rf1-sra-sharedreward/masks/networkmasks/nan_rPNAS_2mm_net0008.nii.gz
Successfully extracted 10673 sharedreward /ZPOOL/data/projects/rf1-sra-sharedreward/masks/networkmasks/nan_rPNAS_2mm_net0006.nii.gz
Successfully extracted 10668 sharedreward /ZPOOL/data/projects/rf1-sra-sharedreward/masks/networkmasks/nan_rPNAS_2mm_net0009.nii.gz
Successfully extracted 10673 sharedreward /ZPOOL/data/projects/rf1-sra-sharedreward/masks/networkmasks/nan_rPNAS_2mm_net0007.nii.gz
To view the FEAT progress and final report, point your web browser at /ZPOOL/data/projects/rf1-sra-sharedreward/derivatives/fsl/sub-10668/L1_task-sharedreward_model-1_type-nppi-dmn_run-1_sm-6.feat/report_log.html
Successfully extracted 10673 sharedreward /ZPOOL/data/projects/rf1-sra-sharedreward/masks/networkmasks/nan_rPNAS_2mm_net0008.nii.gz
Successfully extracted 10673 sharedreward /ZPOOL/data/projects/rf1-sra-sharedreward/masks/networkmasks/nan_rPNAS_2mm_net0009.nii.gz
To view the FEAT progress and final report, point your web browser at /ZPOOL/data/projects/rf1-sra-sharedreward/derivatives/fsl/sub-10673/L1_task-sharedreward_model-1_type-nppi-dmn_run-1_sm-6.feat/report_log.html
complete 10673 2
complete 10674 1
complete 10674 2
complete 10677 1
complete 10677 2
Successfully extracted 10673 sharedreward /ZPOOL/data/projects/rf1-sra-sharedreward/masks/networkmasks/nan_rPNAS_2mm_net0000.nii.gz
Successfully extracted 10674 sharedreward /ZPOOL/data/projects/rf1-sra-sharedreward/masks/networkmasks/nan_rPNAS_2mm_net0000.nii.gz
Successfully extracted 10674 sharedreward /ZPOOL/data/projects/rf1-sra-sharedreward/masks/networkmasks/nan_rPNAS_2mm_net0000.nii.gz
Successfully extracted 10677 sharedreward /ZPOOL/data/projects/rf1-sra-sharedreward/masks/networkmasks/nan_rPNAS_2mm_net0000.nii.gz
Successfully extracted 10677 sharedreward /ZPOOL/data/projects/rf1-sra-sharedreward/masks/networkmasks/nan_rPNAS_2mm_net0000.nii.gz
Successfully extracted 10673 sharedreward /ZPOOL/data/projects/rf1-sra-sharedreward/masks/networkmasks/nan_rPNAS_2mm_net0001.nii.gz
Successfully extracted 10674 sharedreward /ZPOOL/data/projects/rf1-sra-sharedreward/masks/networkmasks/nan_rPNAS_2mm_net0001.nii.gz
Successfully extracted 10674 sharedreward /ZPOOL/data/projects/rf1-sra-sharedreward/masks/networkmasks/nan_rPNAS_2mm_net0001.nii.gz
Successfully extracted 10677 sharedreward /ZPOOL/data/projects/rf1-sra-sharedreward/masks/networkmasks/nan_rPNAS_2mm_net0001.nii.gz
Successfully extracted 10677 sharedreward /ZPOOL/data/projects/rf1-sra-sharedreward/masks/networkmasks/nan_rPNAS_2mm_net0001.nii.gz
Successfully extracted 10673 sharedreward /ZPOOL/data/projects/rf1-sra-sharedreward/masks/networkmasks/nan_rPNAS_2mm_net0002.nii.gz
complete 10685 1
Successfully extracted 10674 sharedreward /ZPOOL/data/projects/rf1-sra-sharedreward/masks/networkmasks/nan_rPNAS_2mm_net0002.nii.gz
complete 10685 2
Successfully extracted 10674 sharedreward /ZPOOL/data/projects/rf1-sra-sharedreward/masks/networkmasks/nan_rPNAS_2mm_net0002.nii.gz
Successfully extracted 10677 sharedreward /ZPOOL/data/projects/rf1-sra-sharedreward/masks/networkmasks/nan_rPNAS_2mm_net0002.nii.gz
Successfully extracted 10677 sharedreward /ZPOOL/data/projects/rf1-sra-sharedreward/masks/networkmasks/nan_rPNAS_2mm_net0002.nii.gz
Successfully extracted 10673 sharedreward /ZPOOL/data/projects/rf1-sra-sharedreward/masks/networkmasks/nan_rPNAS_2mm_net0003.nii.gz
Successfully extracted 10674 sharedreward /ZPOOL/data/projects/rf1-sra-sharedreward/masks/networkmasks/nan_rPNAS_2mm_net0003.nii.gz
Successfully extracted 10685 sharedreward /ZPOOL/data/projects/rf1-sra-sharedreward/masks/networkmasks/nan_rPNAS_2mm_net0000.nii.gz
Successfully extracted 10674 sharedreward /ZPOOL/data/projects/rf1-sra-sharedreward/masks/networkmasks/nan_rPNAS_2mm_net0003.nii.gz
Successfully extracted 10677 sharedreward /ZPOOL/data/projects/rf1-sra-sharedreward/masks/networkmasks/nan_rPNAS_2mm_net0003.nii.gz
Successfully extracted 10685 sharedreward /ZPOOL/data/projects/rf1-sra-sharedreward/masks/networkmasks/nan_rPNAS_2mm_net0000.nii.gz
Successfully extracted 10677 sharedreward /ZPOOL/data/projects/rf1-sra-sharedreward/masks/networkmasks/nan_rPNAS_2mm_net0003.nii.gz
Successfully extracted 10673 sharedreward /ZPOOL/data/projects/rf1-sra-sharedreward/masks/networkmasks/nan_rPNAS_2mm_net0004.nii.gz
Successfully extracted 10674 sharedreward /ZPOOL/data/projects/rf1-sra-sharedreward/masks/networkmasks/nan_rPNAS_2mm_net0004.nii.gz
Successfully extracted 10685 sharedreward /ZPOOL/data/projects/rf1-sra-sharedreward/masks/networkmasks/nan_rPNAS_2mm_net0001.nii.gz
Successfully extracted 10674 sharedreward /ZPOOL/data/projects/rf1-sra-sharedreward/masks/networkmasks/nan_rPNAS_2mm_net0004.nii.gz
Successfully extracted 10677 sharedreward /ZPOOL/data/projects/rf1-sra-sharedreward/masks/networkmasks/nan_rPNAS_2mm_net0004.nii.gz
Successfully extracted 10685 sharedreward /ZPOOL/data/projects/rf1-sra-sharedreward/masks/networkmasks/nan_rPNAS_2mm_net0001.nii.gz
Successfully extracted 10677 sharedreward /ZPOOL/data/projects/rf1-sra-sharedreward/masks/networkmasks/nan_rPNAS_2mm_net0004.nii.gz
Successfully extracted 10673 sharedreward /ZPOOL/data/projects/rf1-sra-sharedreward/masks/networkmasks/nan_rPNAS_2mm_net0005.nii.gz
Successfully extracted 10674 sharedreward /ZPOOL/data/projects/rf1-sra-sharedreward/masks/networkmasks/nan_rPNAS_2mm_net0005.nii.gz
Successfully extracted 10685 sharedreward /ZPOOL/data/projects/rf1-sra-sharedreward/masks/networkmasks/nan_rPNAS_2mm_net0002.nii.gz
Successfully extracted 10674 sharedreward /ZPOOL/data/projects/rf1-sra-sharedreward/masks/networkmasks/nan_rPNAS_2mm_net0005.nii.gz
Successfully extracted 10677 sharedreward /ZPOOL/data/projects/rf1-sra-sharedreward/masks/networkmasks/nan_rPNAS_2mm_net0005.nii.gz
Successfully extracted 10685 sharedreward /ZPOOL/data/projects/rf1-sra-sharedreward/masks/networkmasks/nan_rPNAS_2mm_net0002.nii.gz
Successfully extracted 10677 sharedreward /ZPOOL/data/projects/rf1-sra-sharedreward/masks/networkmasks/nan_rPNAS_2mm_net0005.nii.gz
Successfully extracted 10673 sharedreward /ZPOOL/data/projects/rf1-sra-sharedreward/masks/networkmasks/nan_rPNAS_2mm_net0006.nii.gz
Successfully extracted 10674 sharedreward /ZPOOL/data/projects/rf1-sra-sharedreward/masks/networkmasks/nan_rPNAS_2mm_net0006.nii.gz
Successfully extracted 10685 sharedreward /ZPOOL/data/projects/rf1-sra-sharedreward/masks/networkmasks/nan_rPNAS_2mm_net0003.nii.gz
Successfully extracted 10674 sharedreward /ZPOOL/data/projects/rf1-sra-sharedreward/masks/networkmasks/nan_rPNAS_2mm_net0006.nii.gz
Successfully extracted 10685 sharedreward /ZPOOL/data/projects/rf1-sra-sharedreward/masks/networkmasks/nan_rPNAS_2mm_net0003.nii.gz
Successfully extracted 10677 sharedreward /ZPOOL/data/projects/rf1-sra-sharedreward/masks/networkmasks/nan_rPNAS_2mm_net0006.nii.gz
Successfully extracted 10677 sharedreward /ZPOOL/data/projects/rf1-sra-sharedreward/masks/networkmasks/nan_rPNAS_2mm_net0006.nii.gz
Successfully extracted 10673 sharedreward /ZPOOL/data/projects/rf1-sra-sharedreward/masks/networkmasks/nan_rPNAS_2mm_net0007.nii.gz
Successfully extracted 10674 sharedreward /ZPOOL/data/projects/rf1-sra-sharedreward/masks/networkmasks/nan_rPNAS_2mm_net0007.nii.gz
Successfully extracted 10685 sharedreward /ZPOOL/data/projects/rf1-sra-sharedreward/masks/networkmasks/nan_rPNAS_2mm_net0004.nii.gz
Successfully extracted 10674 sharedreward /ZPOOL/data/projects/rf1-sra-sharedreward/masks/networkmasks/nan_rPNAS_2mm_net0007.nii.gz
Successfully extracted 10677 sharedreward /ZPOOL/data/projects/rf1-sra-sharedreward/masks/networkmasks/nan_rPNAS_2mm_net0007.nii.gz
Successfully extracted 10685 sharedreward /ZPOOL/data/projects/rf1-sra-sharedreward/masks/networkmasks/nan_rPNAS_2mm_net0004.nii.gz
Successfully extracted 10677 sharedreward /ZPOOL/data/projects/rf1-sra-sharedreward/masks/networkmasks/nan_rPNAS_2mm_net0007.nii.gz
Successfully extracted 10673 sharedreward /ZPOOL/data/projects/rf1-sra-sharedreward/masks/networkmasks/nan_rPNAS_2mm_net0008.nii.gz
Successfully extracted 10674 sharedreward /ZPOOL/data/projects/rf1-sra-sharedreward/masks/networkmasks/nan_rPNAS_2mm_net0008.nii.gz
Successfully extracted 10685 sharedreward /ZPOOL/data/projects/rf1-sra-sharedreward/masks/networkmasks/nan_rPNAS_2mm_net0005.nii.gz
Successfully extracted 10674 sharedreward /ZPOOL/data/projects/rf1-sra-sharedreward/masks/networkmasks/nan_rPNAS_2mm_net0008.nii.gz
Successfully extracted 10677 sharedreward /ZPOOL/data/projects/rf1-sra-sharedreward/masks/networkmasks/nan_rPNAS_2mm_net0008.nii.gz
complete 10690 1
Successfully extracted 10685 sharedreward /ZPOOL/data/projects/rf1-sra-sharedreward/masks/networkmasks/nan_rPNAS_2mm_net0005.nii.gz
Successfully extracted 10673 sharedreward /ZPOOL/data/projects/rf1-sra-sharedreward/masks/networkmasks/nan_rPNAS_2mm_net0009.nii.gz
Successfully extracted 10674 sharedreward /ZPOOL/data/projects/rf1-sra-sharedreward/masks/networkmasks/nan_rPNAS_2mm_net0009.nii.gz
Successfully extracted 10677 sharedreward /ZPOOL/data/projects/rf1-sra-sharedreward/masks/networkmasks/nan_rPNAS_2mm_net0008.nii.gz
Successfully extracted 10685 sharedreward /ZPOOL/data/projects/rf1-sra-sharedreward/masks/networkmasks/nan_rPNAS_2mm_net0006.nii.gz
Successfully extracted 10674 sharedreward /ZPOOL/data/projects/rf1-sra-sharedreward/masks/networkmasks/nan_rPNAS_2mm_net0009.nii.gz
Successfully extracted 10677 sharedreward /ZPOOL/data/projects/rf1-sra-sharedreward/masks/networkmasks/nan_rPNAS_2mm_net0009.nii.gz
Successfully extracted 10685 sharedreward /ZPOOL/data/projects/rf1-sra-sharedreward/masks/networkmasks/nan_rPNAS_2mm_net0006.nii.gz
Successfully extracted 10690 sharedreward /ZPOOL/data/projects/rf1-sra-sharedreward/masks/networkmasks/nan_rPNAS_2mm_net0000.nii.gz
To view the FEAT progress and final report, point your web browser at /ZPOOL/data/projects/rf1-sra-sharedreward/derivatives/fsl/sub-10674/L1_task-sharedreward_model-1_type-nppi-dmn_run-1_sm-6.feat/report_log.html
Successfully extracted 10677 sharedreward /ZPOOL/data/projects/rf1-sra-sharedreward/masks/networkmasks/nan_rPNAS_2mm_net0009.nii.gz
Successfully extracted 10685 sharedreward /ZPOOL/data/projects/rf1-sra-sharedreward/masks/networkmasks/nan_rPNAS_2mm_net0007.nii.gz
To view the FEAT progress and final report, point your web browser at /ZPOOL/data/projects/rf1-sra-sharedreward/derivatives/fsl/sub-10673/L1_task-sharedreward_model-1_type-nppi-dmn_run-2_sm-6.feat/report_log.html
To view the FEAT progress and final report, point your web browser at /ZPOOL/data/projects/rf1-sra-sharedreward/derivatives/fsl/sub-10674/L1_task-sharedreward_model-1_type-nppi-dmn_run-2_sm-6.feat/report_log.html
Successfully extracted 10685 sharedreward /ZPOOL/data/projects/rf1-sra-sharedreward/masks/networkmasks/nan_rPNAS_2mm_net0007.nii.gz
Successfully extracted 10690 sharedreward /ZPOOL/data/projects/rf1-sra-sharedreward/masks/networkmasks/nan_rPNAS_2mm_net0001.nii.gz
To view the FEAT progress and final report, point your web browser at /ZPOOL/data/projects/rf1-sra-sharedreward/derivatives/fsl/sub-10677/L1_task-sharedreward_model-1_type-nppi-dmn_run-1_sm-6.feat/report_log.html
Successfully extracted 10685 sharedreward /ZPOOL/data/projects/rf1-sra-sharedreward/masks/networkmasks/nan_rPNAS_2mm_net0008.nii.gz
To view the FEAT progress and final report, point your web browser at /ZPOOL/data/projects/rf1-sra-sharedreward/derivatives/fsl/sub-10677/L1_task-sharedreward_model-1_type-nppi-dmn_run-2_sm-6.feat/report_log.html
Successfully extracted 10690 sharedreward /ZPOOL/data/projects/rf1-sra-sharedreward/masks/networkmasks/nan_rPNAS_2mm_net0002.nii.gz
Successfully extracted 10685 sharedreward /ZPOOL/data/projects/rf1-sra-sharedreward/masks/networkmasks/nan_rPNAS_2mm_net0008.nii.gz
Successfully extracted 10685 sharedreward /ZPOOL/data/projects/rf1-sra-sharedreward/masks/networkmasks/nan_rPNAS_2mm_net0009.nii.gz
Successfully extracted 10685 sharedreward /ZPOOL/data/projects/rf1-sra-sharedreward/masks/networkmasks/nan_rPNAS_2mm_net0009.nii.gz
Successfully extracted 10690 sharedreward /ZPOOL/data/projects/rf1-sra-sharedreward/masks/networkmasks/nan_rPNAS_2mm_net0003.nii.gz
To view the FEAT progress and final report, point your web browser at /ZPOOL/data/projects/rf1-sra-sharedreward/derivatives/fsl/sub-10685/L1_task-sharedreward_model-1_type-nppi-dmn_run-1_sm-6.feat/report_log.html
To view the FEAT progress and final report, point your web browser at /ZPOOL/data/projects/rf1-sra-sharedreward/derivatives/fsl/sub-10685/L1_task-sharedreward_model-1_type-nppi-dmn_run-2_sm-6.feat/report_log.html
Successfully extracted 10690 sharedreward /ZPOOL/data/projects/rf1-sra-sharedreward/masks/networkmasks/nan_rPNAS_2mm_net0004.nii.gz
Successfully extracted 10690 sharedreward /ZPOOL/data/projects/rf1-sra-sharedreward/masks/networkmasks/nan_rPNAS_2mm_net0005.nii.gz
Successfully extracted 10690 sharedreward /ZPOOL/data/projects/rf1-sra-sharedreward/masks/networkmasks/nan_rPNAS_2mm_net0006.nii.gz
Successfully extracted 10690 sharedreward /ZPOOL/data/projects/rf1-sra-sharedreward/masks/networkmasks/nan_rPNAS_2mm_net0007.nii.gz
Successfully extracted 10690 sharedreward /ZPOOL/data/projects/rf1-sra-sharedreward/masks/networkmasks/nan_rPNAS_2mm_net0008.nii.gz
Successfully extracted 10690 sharedreward /ZPOOL/data/projects/rf1-sra-sharedreward/masks/networkmasks/nan_rPNAS_2mm_net0009.nii.gz
To view the FEAT progress and final report, point your web browser at /ZPOOL/data/projects/rf1-sra-sharedreward/derivatives/fsl/sub-10690/L1_task-sharedreward_model-1_type-nppi-dmn_run-1_sm-6.feat/report_log.html
complete 10690 2
complete 10691 1
Successfully extracted 10690 sharedreward /ZPOOL/data/projects/rf1-sra-sharedreward/masks/networkmasks/nan_rPNAS_2mm_net0000.nii.gz
Successfully extracted 10691 sharedreward /ZPOOL/data/projects/rf1-sra-sharedreward/masks/networkmasks/nan_rPNAS_2mm_net0000.nii.gz
Successfully extracted 10690 sharedreward /ZPOOL/data/projects/rf1-sra-sharedreward/masks/networkmasks/nan_rPNAS_2mm_net0001.nii.gz
Successfully extracted 10691 sharedreward /ZPOOL/data/projects/rf1-sra-sharedreward/masks/networkmasks/nan_rPNAS_2mm_net0001.nii.gz
Successfully extracted 10690 sharedreward /ZPOOL/data/projects/rf1-sra-sharedreward/masks/networkmasks/nan_rPNAS_2mm_net0002.nii.gz
Successfully extracted 10691 sharedreward /ZPOOL/data/projects/rf1-sra-sharedreward/masks/networkmasks/nan_rPNAS_2mm_net0002.nii.gz
Successfully extracted 10690 sharedreward /ZPOOL/data/projects/rf1-sra-sharedreward/masks/networkmasks/nan_rPNAS_2mm_net0003.nii.gz
Successfully extracted 10691 sharedreward /ZPOOL/data/projects/rf1-sra-sharedreward/masks/networkmasks/nan_rPNAS_2mm_net0003.nii.gz
Successfully extracted 10690 sharedreward /ZPOOL/data/projects/rf1-sra-sharedreward/masks/networkmasks/nan_rPNAS_2mm_net0004.nii.gz
Successfully extracted 10691 sharedreward /ZPOOL/data/projects/rf1-sra-sharedreward/masks/networkmasks/nan_rPNAS_2mm_net0004.nii.gz
Successfully extracted 10690 sharedreward /ZPOOL/data/projects/rf1-sra-sharedreward/masks/networkmasks/nan_rPNAS_2mm_net0005.nii.gz
Successfully extracted 10691 sharedreward /ZPOOL/data/projects/rf1-sra-sharedreward/masks/networkmasks/nan_rPNAS_2mm_net0005.nii.gz
Successfully extracted 10690 sharedreward /ZPOOL/data/projects/rf1-sra-sharedreward/masks/networkmasks/nan_rPNAS_2mm_net0006.nii.gz
Successfully extracted 10691 sharedreward /ZPOOL/data/projects/rf1-sra-sharedreward/masks/networkmasks/nan_rPNAS_2mm_net0006.nii.gz
Successfully extracted 10690 sharedreward /ZPOOL/data/projects/rf1-sra-sharedreward/masks/networkmasks/nan_rPNAS_2mm_net0007.nii.gz
Successfully extracted 10691 sharedreward /ZPOOL/data/projects/rf1-sra-sharedreward/masks/networkmasks/nan_rPNAS_2mm_net0007.nii.gz
Successfully extracted 10690 sharedreward /ZPOOL/data/projects/rf1-sra-sharedreward/masks/networkmasks/nan_rPNAS_2mm_net0008.nii.gz
Successfully extracted 10691 sharedreward /ZPOOL/data/projects/rf1-sra-sharedreward/masks/networkmasks/nan_rPNAS_2mm_net0008.nii.gz
Successfully extracted 10690 sharedreward /ZPOOL/data/projects/rf1-sra-sharedreward/masks/networkmasks/nan_rPNAS_2mm_net0009.nii.gz
Successfully extracted 10691 sharedreward /ZPOOL/data/projects/rf1-sra-sharedreward/masks/networkmasks/nan_rPNAS_2mm_net0009.nii.gz
To view the FEAT progress and final report, point your web browser at /ZPOOL/data/projects/rf1-sra-sharedreward/derivatives/fsl/sub-10690/L1_task-sharedreward_model-1_type-nppi-dmn_run-2_sm-6.feat/report_log.html
To view the FEAT progress and final report, point your web browser at /ZPOOL/data/projects/rf1-sra-sharedreward/derivatives/fsl/sub-10691/L1_task-sharedreward_model-1_type-nppi-dmn_run-1_sm-6.feat/report_log.html
complete 10691 2
complete 10700 1
Successfully extracted 10691 sharedreward /ZPOOL/data/projects/rf1-sra-sharedreward/masks/networkmasks/nan_rPNAS_2mm_net0000.nii.gz
Successfully extracted 10700 sharedreward /ZPOOL/data/projects/rf1-sra-sharedreward/masks/networkmasks/nan_rPNAS_2mm_net0000.nii.gz
Successfully extracted 10691 sharedreward /ZPOOL/data/projects/rf1-sra-sharedreward/masks/networkmasks/nan_rPNAS_2mm_net0001.nii.gz
Successfully extracted 10700 sharedreward /ZPOOL/data/projects/rf1-sra-sharedreward/masks/networkmasks/nan_rPNAS_2mm_net0001.nii.gz
Successfully extracted 10691 sharedreward /ZPOOL/data/projects/rf1-sra-sharedreward/masks/networkmasks/nan_rPNAS_2mm_net0002.nii.gz
Successfully extracted 10700 sharedreward /ZPOOL/data/projects/rf1-sra-sharedreward/masks/networkmasks/nan_rPNAS_2mm_net0002.nii.gz
Successfully extracted 10691 sharedreward /ZPOOL/data/projects/rf1-sra-sharedreward/masks/networkmasks/nan_rPNAS_2mm_net0003.nii.gz
Successfully extracted 10700 sharedreward /ZPOOL/data/projects/rf1-sra-sharedreward/masks/networkmasks/nan_rPNAS_2mm_net0003.nii.gz
Successfully extracted 10691 sharedreward /ZPOOL/data/projects/rf1-sra-sharedreward/masks/networkmasks/nan_rPNAS_2mm_net0004.nii.gz
Successfully extracted 10700 sharedreward /ZPOOL/data/projects/rf1-sra-sharedreward/masks/networkmasks/nan_rPNAS_2mm_net0004.nii.gz
Successfully extracted 10691 sharedreward /ZPOOL/data/projects/rf1-sra-sharedreward/masks/networkmasks/nan_rPNAS_2mm_net0005.nii.gz
Successfully extracted 10700 sharedreward /ZPOOL/data/projects/rf1-sra-sharedreward/masks/networkmasks/nan_rPNAS_2mm_net0005.nii.gz
complete 10700 2
Successfully extracted 10700 sharedreward /ZPOOL/data/projects/rf1-sra-sharedreward/masks/networkmasks/nan_rPNAS_2mm_net0006.nii.gz
Successfully extracted 10691 sharedreward /ZPOOL/data/projects/rf1-sra-sharedreward/masks/networkmasks/nan_rPNAS_2mm_net0006.nii.gz
Successfully extracted 10700 sharedreward /ZPOOL/data/projects/rf1-sra-sharedreward/masks/networkmasks/nan_rPNAS_2mm_net0000.nii.gz
complete 10701 1
Successfully extracted 10700 sharedreward /ZPOOL/data/projects/rf1-sra-sharedreward/masks/networkmasks/nan_rPNAS_2mm_net0007.nii.gz
Successfully extracted 10691 sharedreward /ZPOOL/data/projects/rf1-sra-sharedreward/masks/networkmasks/nan_rPNAS_2mm_net0007.nii.gz
Successfully extracted 10700 sharedreward /ZPOOL/data/projects/rf1-sra-sharedreward/masks/networkmasks/nan_rPNAS_2mm_net0001.nii.gz
Successfully extracted 10701 sharedreward /ZPOOL/data/projects/rf1-sra-sharedreward/masks/networkmasks/nan_rPNAS_2mm_net0000.nii.gz
Successfully extracted 10700 sharedreward /ZPOOL/data/projects/rf1-sra-sharedreward/masks/networkmasks/nan_rPNAS_2mm_net0008.nii.gz
Successfully extracted 10691 sharedreward /ZPOOL/data/projects/rf1-sra-sharedreward/masks/networkmasks/nan_rPNAS_2mm_net0008.nii.gz
complete 10701 2
Successfully extracted 10700 sharedreward /ZPOOL/data/projects/rf1-sra-sharedreward/masks/networkmasks/nan_rPNAS_2mm_net0002.nii.gz
Successfully extracted 10701 sharedreward /ZPOOL/data/projects/rf1-sra-sharedreward/masks/networkmasks/nan_rPNAS_2mm_net0001.nii.gz
Successfully extracted 10700 sharedreward /ZPOOL/data/projects/rf1-sra-sharedreward/masks/networkmasks/nan_rPNAS_2mm_net0009.nii.gz
Successfully extracted 10691 sharedreward /ZPOOL/data/projects/rf1-sra-sharedreward/masks/networkmasks/nan_rPNAS_2mm_net0009.nii.gz
Successfully extracted 10701 sharedreward /ZPOOL/data/projects/rf1-sra-sharedreward/masks/networkmasks/nan_rPNAS_2mm_net0000.nii.gz
complete 10713 1
Successfully extracted 10700 sharedreward /ZPOOL/data/projects/rf1-sra-sharedreward/masks/networkmasks/nan_rPNAS_2mm_net0003.nii.gz
Successfully extracted 10701 sharedreward /ZPOOL/data/projects/rf1-sra-sharedreward/masks/networkmasks/nan_rPNAS_2mm_net0002.nii.gz
Successfully extracted 10701 sharedreward /ZPOOL/data/projects/rf1-sra-sharedreward/masks/networkmasks/nan_rPNAS_2mm_net0001.nii.gz
To view the FEAT progress and final report, point your web browser at /ZPOOL/data/projects/rf1-sra-sharedreward/derivatives/fsl/sub-10700/L1_task-sharedreward_model-1_type-nppi-dmn_run-1_sm-6.feat/report_log.html
To view the FEAT progress and final report, point your web browser at /ZPOOL/data/projects/rf1-sra-sharedreward/derivatives/fsl/sub-10691/L1_task-sharedreward_model-1_type-nppi-dmn_run-2_sm-6.feat/report_log.html
Successfully extracted 10713 sharedreward /ZPOOL/data/projects/rf1-sra-sharedreward/masks/networkmasks/nan_rPNAS_2mm_net0000.nii.gz
complete 10713 2
Successfully extracted 10700 sharedreward /ZPOOL/data/projects/rf1-sra-sharedreward/masks/networkmasks/nan_rPNAS_2mm_net0004.nii.gz
Successfully extracted 10701 sharedreward /ZPOOL/data/projects/rf1-sra-sharedreward/masks/networkmasks/nan_rPNAS_2mm_net0003.nii.gz
Successfully extracted 10701 sharedreward /ZPOOL/data/projects/rf1-sra-sharedreward/masks/networkmasks/nan_rPNAS_2mm_net0002.nii.gz
Successfully extracted 10713 sharedreward /ZPOOL/data/projects/rf1-sra-sharedreward/masks/networkmasks/nan_rPNAS_2mm_net0001.nii.gz
Successfully extracted 10713 sharedreward /ZPOOL/data/projects/rf1-sra-sharedreward/masks/networkmasks/nan_rPNAS_2mm_net0000.nii.gz
Successfully extracted 10700 sharedreward /ZPOOL/data/projects/rf1-sra-sharedreward/masks/networkmasks/nan_rPNAS_2mm_net0005.nii.gz
Successfully extracted 10701 sharedreward /ZPOOL/data/projects/rf1-sra-sharedreward/masks/networkmasks/nan_rPNAS_2mm_net0004.nii.gz
Successfully extracted 10701 sharedreward /ZPOOL/data/projects/rf1-sra-sharedreward/masks/networkmasks/nan_rPNAS_2mm_net0003.nii.gz
Successfully extracted 10713 sharedreward /ZPOOL/data/projects/rf1-sra-sharedreward/masks/networkmasks/nan_rPNAS_2mm_net0002.nii.gz
Successfully extracted 10713 sharedreward /ZPOOL/data/projects/rf1-sra-sharedreward/masks/networkmasks/nan_rPNAS_2mm_net0001.nii.gz
Successfully extracted 10700 sharedreward /ZPOOL/data/projects/rf1-sra-sharedreward/masks/networkmasks/nan_rPNAS_2mm_net0006.nii.gz
Successfully extracted 10701 sharedreward /ZPOOL/data/projects/rf1-sra-sharedreward/masks/networkmasks/nan_rPNAS_2mm_net0005.nii.gz
Successfully extracted 10701 sharedreward /ZPOOL/data/projects/rf1-sra-sharedreward/masks/networkmasks/nan_rPNAS_2mm_net0004.nii.gz
Successfully extracted 10713 sharedreward /ZPOOL/data/projects/rf1-sra-sharedreward/masks/networkmasks/nan_rPNAS_2mm_net0003.nii.gz
Successfully extracted 10713 sharedreward /ZPOOL/data/projects/rf1-sra-sharedreward/masks/networkmasks/nan_rPNAS_2mm_net0002.nii.gz
Successfully extracted 10700 sharedreward /ZPOOL/data/projects/rf1-sra-sharedreward/masks/networkmasks/nan_rPNAS_2mm_net0007.nii.gz
Successfully extracted 10701 sharedreward /ZPOOL/data/projects/rf1-sra-sharedreward/masks/networkmasks/nan_rPNAS_2mm_net0006.nii.gz
Successfully extracted 10701 sharedreward /ZPOOL/data/projects/rf1-sra-sharedreward/masks/networkmasks/nan_rPNAS_2mm_net0005.nii.gz
Successfully extracted 10713 sharedreward /ZPOOL/data/projects/rf1-sra-sharedreward/masks/networkmasks/nan_rPNAS_2mm_net0004.nii.gz
Successfully extracted 10713 sharedreward /ZPOOL/data/projects/rf1-sra-sharedreward/masks/networkmasks/nan_rPNAS_2mm_net0003.nii.gz
Successfully extracted 10700 sharedreward /ZPOOL/data/projects/rf1-sra-sharedreward/masks/networkmasks/nan_rPNAS_2mm_net0008.nii.gz
Successfully extracted 10701 sharedreward /ZPOOL/data/projects/rf1-sra-sharedreward/masks/networkmasks/nan_rPNAS_2mm_net0007.nii.gz
Successfully extracted 10701 sharedreward /ZPOOL/data/projects/rf1-sra-sharedreward/masks/networkmasks/nan_rPNAS_2mm_net0006.nii.gz
Successfully extracted 10713 sharedreward /ZPOOL/data/projects/rf1-sra-sharedreward/masks/networkmasks/nan_rPNAS_2mm_net0005.nii.gz
Successfully extracted 10713 sharedreward /ZPOOL/data/projects/rf1-sra-sharedreward/masks/networkmasks/nan_rPNAS_2mm_net0004.nii.gz
Successfully extracted 10700 sharedreward /ZPOOL/data/projects/rf1-sra-sharedreward/masks/networkmasks/nan_rPNAS_2mm_net0009.nii.gz
Successfully extracted 10701 sharedreward /ZPOOL/data/projects/rf1-sra-sharedreward/masks/networkmasks/nan_rPNAS_2mm_net0008.nii.gz
Successfully extracted 10701 sharedreward /ZPOOL/data/projects/rf1-sra-sharedreward/masks/networkmasks/nan_rPNAS_2mm_net0007.nii.gz
Successfully extracted 10713 sharedreward /ZPOOL/data/projects/rf1-sra-sharedreward/masks/networkmasks/nan_rPNAS_2mm_net0006.nii.gz
Successfully extracted 10713 sharedreward /ZPOOL/data/projects/rf1-sra-sharedreward/masks/networkmasks/nan_rPNAS_2mm_net0005.nii.gz
To view the FEAT progress and final report, point your web browser at /ZPOOL/data/projects/rf1-sra-sharedreward/derivatives/fsl/sub-10700/L1_task-sharedreward_model-1_type-nppi-dmn_run-2_sm-6.feat/report_log.html
Successfully extracted 10701 sharedreward /ZPOOL/data/projects/rf1-sra-sharedreward/masks/networkmasks/nan_rPNAS_2mm_net0009.nii.gz
Successfully extracted 10701 sharedreward /ZPOOL/data/projects/rf1-sra-sharedreward/masks/networkmasks/nan_rPNAS_2mm_net0008.nii.gz
Successfully extracted 10713 sharedreward /ZPOOL/data/projects/rf1-sra-sharedreward/masks/networkmasks/nan_rPNAS_2mm_net0007.nii.gz
Successfully extracted 10713 sharedreward /ZPOOL/data/projects/rf1-sra-sharedreward/masks/networkmasks/nan_rPNAS_2mm_net0006.nii.gz
Successfully extracted 10701 sharedreward /ZPOOL/data/projects/rf1-sra-sharedreward/masks/networkmasks/nan_rPNAS_2mm_net0009.nii.gz
To view the FEAT progress and final report, point your web browser at /ZPOOL/data/projects/rf1-sra-sharedreward/derivatives/fsl/sub-10701/L1_task-sharedreward_model-1_type-nppi-dmn_run-1_sm-6.feat/report_log.html
Successfully extracted 10713 sharedreward /ZPOOL/data/projects/rf1-sra-sharedreward/masks/networkmasks/nan_rPNAS_2mm_net0008.nii.gz
Successfully extracted 10713 sharedreward /ZPOOL/data/projects/rf1-sra-sharedreward/masks/networkmasks/nan_rPNAS_2mm_net0007.nii.gz
To view the FEAT progress and final report, point your web browser at /ZPOOL/data/projects/rf1-sra-sharedreward/derivatives/fsl/sub-10701/L1_task-sharedreward_model-1_type-nppi-dmn_run-2_sm-6.feat/report_log.html
Successfully extracted 10713 sharedreward /ZPOOL/data/projects/rf1-sra-sharedreward/masks/networkmasks/nan_rPNAS_2mm_net0009.nii.gz
Successfully extracted 10713 sharedreward /ZPOOL/data/projects/rf1-sra-sharedreward/masks/networkmasks/nan_rPNAS_2mm_net0008.nii.gz
Successfully extracted 10713 sharedreward /ZPOOL/data/projects/rf1-sra-sharedreward/masks/networkmasks/nan_rPNAS_2mm_net0009.nii.gz
To view the FEAT progress and final report, point your web browser at /ZPOOL/data/projects/rf1-sra-sharedreward/derivatives/fsl/sub-10713/L1_task-sharedreward_model-1_type-nppi-dmn_run-1_sm-6.feat/report_log.html
To view the FEAT progress and final report, point your web browser at /ZPOOL/data/projects/rf1-sra-sharedreward/derivatives/fsl/sub-10713/L1_task-sharedreward_model-1_type-nppi-dmn_run-2_sm-6.feat/report_log.html
complete 10716 1
Successfully extracted 10716 sharedreward /ZPOOL/data/projects/rf1-sra-sharedreward/masks/networkmasks/nan_rPNAS_2mm_net0000.nii.gz
Successfully extracted 10716 sharedreward /ZPOOL/data/projects/rf1-sra-sharedreward/masks/networkmasks/nan_rPNAS_2mm_net0001.nii.gz
Successfully extracted 10716 sharedreward /ZPOOL/data/projects/rf1-sra-sharedreward/masks/networkmasks/nan_rPNAS_2mm_net0002.nii.gz
Successfully extracted 10716 sharedreward /ZPOOL/data/projects/rf1-sra-sharedreward/masks/networkmasks/nan_rPNAS_2mm_net0003.nii.gz
Successfully extracted 10716 sharedreward /ZPOOL/data/projects/rf1-sra-sharedreward/masks/networkmasks/nan_rPNAS_2mm_net0004.nii.gz
Successfully extracted 10716 sharedreward /ZPOOL/data/projects/rf1-sra-sharedreward/masks/networkmasks/nan_rPNAS_2mm_net0005.nii.gz
Successfully extracted 10716 sharedreward /ZPOOL/data/projects/rf1-sra-sharedreward/masks/networkmasks/nan_rPNAS_2mm_net0006.nii.gz
Successfully extracted 10716 sharedreward /ZPOOL/data/projects/rf1-sra-sharedreward/masks/networkmasks/nan_rPNAS_2mm_net0007.nii.gz
Successfully extracted 10716 sharedreward /ZPOOL/data/projects/rf1-sra-sharedreward/masks/networkmasks/nan_rPNAS_2mm_net0008.nii.gz
Successfully extracted 10716 sharedreward /ZPOOL/data/projects/rf1-sra-sharedreward/masks/networkmasks/nan_rPNAS_2mm_net0009.nii.gz
To view the FEAT progress and final report, point your web browser at /ZPOOL/data/projects/rf1-sra-sharedreward/derivatives/fsl/sub-10716/L1_task-sharedreward_model-1_type-nppi-dmn_run-1_sm-6.feat/report_log.html
complete 10716 2
Successfully extracted 10716 sharedreward /ZPOOL/data/projects/rf1-sra-sharedreward/masks/networkmasks/nan_rPNAS_2mm_net0000.nii.gz
Successfully extracted 10716 sharedreward /ZPOOL/data/projects/rf1-sra-sharedreward/masks/networkmasks/nan_rPNAS_2mm_net0001.nii.gz
complete 10718 1
Successfully extracted 10716 sharedreward /ZPOOL/data/projects/rf1-sra-sharedreward/masks/networkmasks/nan_rPNAS_2mm_net0002.nii.gz
Successfully extracted 10716 sharedreward /ZPOOL/data/projects/rf1-sra-sharedreward/masks/networkmasks/nan_rPNAS_2mm_net0003.nii.gz
Successfully extracted 10718 sharedreward /ZPOOL/data/projects/rf1-sra-sharedreward/masks/networkmasks/nan_rPNAS_2mm_net0000.nii.gz
complete 10718 2
Successfully extracted 10716 sharedreward /ZPOOL/data/projects/rf1-sra-sharedreward/masks/networkmasks/nan_rPNAS_2mm_net0004.nii.gz
Successfully extracted 10718 sharedreward /ZPOOL/data/projects/rf1-sra-sharedreward/masks/networkmasks/nan_rPNAS_2mm_net0001.nii.gz
Successfully extracted 10718 sharedreward /ZPOOL/data/projects/rf1-sra-sharedreward/masks/networkmasks/nan_rPNAS_2mm_net0000.nii.gz
Successfully extracted 10718 sharedreward /ZPOOL/data/projects/rf1-sra-sharedreward/masks/networkmasks/nan_rPNAS_2mm_net0002.nii.gz
Successfully extracted 10716 sharedreward /ZPOOL/data/projects/rf1-sra-sharedreward/masks/networkmasks/nan_rPNAS_2mm_net0005.nii.gz
Successfully extracted 10718 sharedreward /ZPOOL/data/projects/rf1-sra-sharedreward/masks/networkmasks/nan_rPNAS_2mm_net0001.nii.gz
Successfully extracted 10718 sharedreward /ZPOOL/data/projects/rf1-sra-sharedreward/masks/networkmasks/nan_rPNAS_2mm_net0003.nii.gz
Successfully extracted 10716 sharedreward /ZPOOL/data/projects/rf1-sra-sharedreward/masks/networkmasks/nan_rPNAS_2mm_net0006.nii.gz
Successfully extracted 10718 sharedreward /ZPOOL/data/projects/rf1-sra-sharedreward/masks/networkmasks/nan_rPNAS_2mm_net0002.nii.gz
Successfully extracted 10718 sharedreward /ZPOOL/data/projects/rf1-sra-sharedreward/masks/networkmasks/nan_rPNAS_2mm_net0004.nii.gz
Successfully extracted 10716 sharedreward /ZPOOL/data/projects/rf1-sra-sharedreward/masks/networkmasks/nan_rPNAS_2mm_net0007.nii.gz
Successfully extracted 10718 sharedreward /ZPOOL/data/projects/rf1-sra-sharedreward/masks/networkmasks/nan_rPNAS_2mm_net0003.nii.gz
Successfully extracted 10718 sharedreward /ZPOOL/data/projects/rf1-sra-sharedreward/masks/networkmasks/nan_rPNAS_2mm_net0005.nii.gz
Successfully extracted 10716 sharedreward /ZPOOL/data/projects/rf1-sra-sharedreward/masks/networkmasks/nan_rPNAS_2mm_net0008.nii.gz
Successfully extracted 10718 sharedreward /ZPOOL/data/projects/rf1-sra-sharedreward/masks/networkmasks/nan_rPNAS_2mm_net0004.nii.gz
Successfully extracted 10718 sharedreward /ZPOOL/data/projects/rf1-sra-sharedreward/masks/networkmasks/nan_rPNAS_2mm_net0006.nii.gz
Successfully extracted 10716 sharedreward /ZPOOL/data/projects/rf1-sra-sharedreward/masks/networkmasks/nan_rPNAS_2mm_net0009.nii.gz
Successfully extracted 10718 sharedreward /ZPOOL/data/projects/rf1-sra-sharedreward/masks/networkmasks/nan_rPNAS_2mm_net0005.nii.gz
Successfully extracted 10718 sharedreward /ZPOOL/data/projects/rf1-sra-sharedreward/masks/networkmasks/nan_rPNAS_2mm_net0007.nii.gz
Successfully extracted 10718 sharedreward /ZPOOL/data/projects/rf1-sra-sharedreward/masks/networkmasks/nan_rPNAS_2mm_net0006.nii.gz
To view the FEAT progress and final report, point your web browser at /ZPOOL/data/projects/rf1-sra-sharedreward/derivatives/fsl/sub-10716/L1_task-sharedreward_model-1_type-nppi-dmn_run-2_sm-6.feat/report_log.html
Successfully extracted 10718 sharedreward /ZPOOL/data/projects/rf1-sra-sharedreward/masks/networkmasks/nan_rPNAS_2mm_net0008.nii.gz
Successfully extracted 10718 sharedreward /ZPOOL/data/projects/rf1-sra-sharedreward/masks/networkmasks/nan_rPNAS_2mm_net0007.nii.gz
complete 10720 1
Successfully extracted 10718 sharedreward /ZPOOL/data/projects/rf1-sra-sharedreward/masks/networkmasks/nan_rPNAS_2mm_net0009.nii.gz
Successfully extracted 10718 sharedreward /ZPOOL/data/projects/rf1-sra-sharedreward/masks/networkmasks/nan_rPNAS_2mm_net0008.nii.gz
Successfully extracted 10720 sharedreward /ZPOOL/data/projects/rf1-sra-sharedreward/masks/networkmasks/nan_rPNAS_2mm_net0000.nii.gz
complete 10720 2
Successfully extracted 10718 sharedreward /ZPOOL/data/projects/rf1-sra-sharedreward/masks/networkmasks/nan_rPNAS_2mm_net0009.nii.gz
To view the FEAT progress and final report, point your web browser at /ZPOOL/data/projects/rf1-sra-sharedreward/derivatives/fsl/sub-10718/L1_task-sharedreward_model-1_type-nppi-dmn_run-1_sm-6.feat/report_log.html
Successfully extracted 10720 sharedreward /ZPOOL/data/projects/rf1-sra-sharedreward/masks/networkmasks/nan_rPNAS_2mm_net0001.nii.gz
Successfully extracted 10720 sharedreward /ZPOOL/data/projects/rf1-sra-sharedreward/masks/networkmasks/nan_rPNAS_2mm_net0000.nii.gz
To view the FEAT progress and final report, point your web browser at /ZPOOL/data/projects/rf1-sra-sharedreward/derivatives/fsl/sub-10718/L1_task-sharedreward_model-1_type-nppi-dmn_run-2_sm-6.feat/report_log.html
Successfully extracted 10720 sharedreward /ZPOOL/data/projects/rf1-sra-sharedreward/masks/networkmasks/nan_rPNAS_2mm_net0002.nii.gz
Successfully extracted 10720 sharedreward /ZPOOL/data/projects/rf1-sra-sharedreward/masks/networkmasks/nan_rPNAS_2mm_net0001.nii.gz
Successfully extracted 10720 sharedreward /ZPOOL/data/projects/rf1-sra-sharedreward/masks/networkmasks/nan_rPNAS_2mm_net0003.nii.gz
complete 10723 1
Successfully extracted 10720 sharedreward /ZPOOL/data/projects/rf1-sra-sharedreward/masks/networkmasks/nan_rPNAS_2mm_net0002.nii.gz
Successfully extracted 10720 sharedreward /ZPOOL/data/projects/rf1-sra-sharedreward/masks/networkmasks/nan_rPNAS_2mm_net0004.nii.gz
Successfully extracted 10720 sharedreward /ZPOOL/data/projects/rf1-sra-sharedreward/masks/networkmasks/nan_rPNAS_2mm_net0003.nii.gz
Successfully extracted 10723 sharedreward /ZPOOL/data/projects/rf1-sra-sharedreward/masks/networkmasks/nan_rPNAS_2mm_net0000.nii.gz
complete 10723 2
Successfully extracted 10720 sharedreward /ZPOOL/data/projects/rf1-sra-sharedreward/masks/networkmasks/nan_rPNAS_2mm_net0005.nii.gz
Successfully extracted 10720 sharedreward /ZPOOL/data/projects/rf1-sra-sharedreward/masks/networkmasks/nan_rPNAS_2mm_net0004.nii.gz
Successfully extracted 10723 sharedreward /ZPOOL/data/projects/rf1-sra-sharedreward/masks/networkmasks/nan_rPNAS_2mm_net0001.nii.gz
Successfully extracted 10723 sharedreward /ZPOOL/data/projects/rf1-sra-sharedreward/masks/networkmasks/nan_rPNAS_2mm_net0000.nii.gz
Successfully extracted 10720 sharedreward /ZPOOL/data/projects/rf1-sra-sharedreward/masks/networkmasks/nan_rPNAS_2mm_net0006.nii.gz
Successfully extracted 10720 sharedreward /ZPOOL/data/projects/rf1-sra-sharedreward/masks/networkmasks/nan_rPNAS_2mm_net0005.nii.gz
Successfully extracted 10723 sharedreward /ZPOOL/data/projects/rf1-sra-sharedreward/masks/networkmasks/nan_rPNAS_2mm_net0002.nii.gz
Successfully extracted 10723 sharedreward /ZPOOL/data/projects/rf1-sra-sharedreward/masks/networkmasks/nan_rPNAS_2mm_net0001.nii.gz
Successfully extracted 10720 sharedreward /ZPOOL/data/projects/rf1-sra-sharedreward/masks/networkmasks/nan_rPNAS_2mm_net0007.nii.gz
Successfully extracted 10720 sharedreward /ZPOOL/data/projects/rf1-sra-sharedreward/masks/networkmasks/nan_rPNAS_2mm_net0006.nii.gz
Successfully extracted 10723 sharedreward /ZPOOL/data/projects/rf1-sra-sharedreward/masks/networkmasks/nan_rPNAS_2mm_net0003.nii.gz
Successfully extracted 10723 sharedreward /ZPOOL/data/projects/rf1-sra-sharedreward/masks/networkmasks/nan_rPNAS_2mm_net0002.nii.gz
Successfully extracted 10720 sharedreward /ZPOOL/data/projects/rf1-sra-sharedreward/masks/networkmasks/nan_rPNAS_2mm_net0008.nii.gz
Successfully extracted 10720 sharedreward /ZPOOL/data/projects/rf1-sra-sharedreward/masks/networkmasks/nan_rPNAS_2mm_net0007.nii.gz
Successfully extracted 10723 sharedreward /ZPOOL/data/projects/rf1-sra-sharedreward/masks/networkmasks/nan_rPNAS_2mm_net0004.nii.gz
Successfully extracted 10723 sharedreward /ZPOOL/data/projects/rf1-sra-sharedreward/masks/networkmasks/nan_rPNAS_2mm_net0003.nii.gz
Successfully extracted 10720 sharedreward /ZPOOL/data/projects/rf1-sra-sharedreward/masks/networkmasks/nan_rPNAS_2mm_net0009.nii.gz
Successfully extracted 10720 sharedreward /ZPOOL/data/projects/rf1-sra-sharedreward/masks/networkmasks/nan_rPNAS_2mm_net0008.nii.gz
complete 10741 1
Successfully extracted 10723 sharedreward /ZPOOL/data/projects/rf1-sra-sharedreward/masks/networkmasks/nan_rPNAS_2mm_net0005.nii.gz
Successfully extracted 10723 sharedreward /ZPOOL/data/projects/rf1-sra-sharedreward/masks/networkmasks/nan_rPNAS_2mm_net0004.nii.gz
Successfully extracted 10720 sharedreward /ZPOOL/data/projects/rf1-sra-sharedreward/masks/networkmasks/nan_rPNAS_2mm_net0009.nii.gz
To view the FEAT progress and final report, point your web browser at /ZPOOL/data/projects/rf1-sra-sharedreward/derivatives/fsl/sub-10720/L1_task-sharedreward_model-1_type-nppi-dmn_run-1_sm-6.feat/report_log.html
Successfully extracted 10723 sharedreward /ZPOOL/data/projects/rf1-sra-sharedreward/masks/networkmasks/nan_rPNAS_2mm_net0006.nii.gz
Successfully extracted 10723 sharedreward /ZPOOL/data/projects/rf1-sra-sharedreward/masks/networkmasks/nan_rPNAS_2mm_net0005.nii.gz
complete 10741 2
Successfully extracted 10741 sharedreward /ZPOOL/data/projects/rf1-sra-sharedreward/masks/networkmasks/nan_rPNAS_2mm_net0000.nii.gz
To view the FEAT progress and final report, point your web browser at /ZPOOL/data/projects/rf1-sra-sharedreward/derivatives/fsl/sub-10720/L1_task-sharedreward_model-1_type-nppi-dmn_run-2_sm-6.feat/report_log.html
Successfully extracted 10723 sharedreward /ZPOOL/data/projects/rf1-sra-sharedreward/masks/networkmasks/nan_rPNAS_2mm_net0007.nii.gz
Successfully extracted 10723 sharedreward /ZPOOL/data/projects/rf1-sra-sharedreward/masks/networkmasks/nan_rPNAS_2mm_net0006.nii.gz
Successfully extracted 10741 sharedreward /ZPOOL/data/projects/rf1-sra-sharedreward/masks/networkmasks/nan_rPNAS_2mm_net0000.nii.gz
Successfully extracted 10741 sharedreward /ZPOOL/data/projects/rf1-sra-sharedreward/masks/networkmasks/nan_rPNAS_2mm_net0001.nii.gz
Successfully extracted 10723 sharedreward /ZPOOL/data/projects/rf1-sra-sharedreward/masks/networkmasks/nan_rPNAS_2mm_net0008.nii.gz
Successfully extracted 10723 sharedreward /ZPOOL/data/projects/rf1-sra-sharedreward/masks/networkmasks/nan_rPNAS_2mm_net0007.nii.gz
Successfully extracted 10741 sharedreward /ZPOOL/data/projects/rf1-sra-sharedreward/masks/networkmasks/nan_rPNAS_2mm_net0002.nii.gz
Successfully extracted 10741 sharedreward /ZPOOL/data/projects/rf1-sra-sharedreward/masks/networkmasks/nan_rPNAS_2mm_net0001.nii.gz
Successfully extracted 10723 sharedreward /ZPOOL/data/projects/rf1-sra-sharedreward/masks/networkmasks/nan_rPNAS_2mm_net0009.nii.gz
Successfully extracted 10723 sharedreward /ZPOOL/data/projects/rf1-sra-sharedreward/masks/networkmasks/nan_rPNAS_2mm_net0008.nii.gz
Successfully extracted 10741 sharedreward /ZPOOL/data/projects/rf1-sra-sharedreward/masks/networkmasks/nan_rPNAS_2mm_net0003.nii.gz
Successfully extracted 10741 sharedreward /ZPOOL/data/projects/rf1-sra-sharedreward/masks/networkmasks/nan_rPNAS_2mm_net0002.nii.gz
Successfully extracted 10723 sharedreward /ZPOOL/data/projects/rf1-sra-sharedreward/masks/networkmasks/nan_rPNAS_2mm_net0009.nii.gz
Successfully extracted 10741 sharedreward /ZPOOL/data/projects/rf1-sra-sharedreward/masks/networkmasks/nan_rPNAS_2mm_net0004.nii.gz
Successfully extracted 10741 sharedreward /ZPOOL/data/projects/rf1-sra-sharedreward/masks/networkmasks/nan_rPNAS_2mm_net0003.nii.gz
To view the FEAT progress and final report, point your web browser at /ZPOOL/data/projects/rf1-sra-sharedreward/derivatives/fsl/sub-10723/L1_task-sharedreward_model-1_type-nppi-dmn_run-1_sm-6.feat/report_log.html
Successfully extracted 10741 sharedreward /ZPOOL/data/projects/rf1-sra-sharedreward/masks/networkmasks/nan_rPNAS_2mm_net0005.nii.gz
Successfully extracted 10741 sharedreward /ZPOOL/data/projects/rf1-sra-sharedreward/masks/networkmasks/nan_rPNAS_2mm_net0004.nii.gz
To view the FEAT progress and final report, point your web browser at /ZPOOL/data/projects/rf1-sra-sharedreward/derivatives/fsl/sub-10723/L1_task-sharedreward_model-1_type-nppi-dmn_run-2_sm-6.feat/report_log.html
Successfully extracted 10741 sharedreward /ZPOOL/data/projects/rf1-sra-sharedreward/masks/networkmasks/nan_rPNAS_2mm_net0006.nii.gz
Successfully extracted 10741 sharedreward /ZPOOL/data/projects/rf1-sra-sharedreward/masks/networkmasks/nan_rPNAS_2mm_net0005.nii.gz
Successfully extracted 10741 sharedreward /ZPOOL/data/projects/rf1-sra-sharedreward/masks/networkmasks/nan_rPNAS_2mm_net0006.nii.gz
Successfully extracted 10741 sharedreward /ZPOOL/data/projects/rf1-sra-sharedreward/masks/networkmasks/nan_rPNAS_2mm_net0007.nii.gz
Successfully extracted 10741 sharedreward /ZPOOL/data/projects/rf1-sra-sharedreward/masks/networkmasks/nan_rPNAS_2mm_net0008.nii.gz
Successfully extracted 10741 sharedreward /ZPOOL/data/projects/rf1-sra-sharedreward/masks/networkmasks/nan_rPNAS_2mm_net0007.nii.gz
Successfully extracted 10741 sharedreward /ZPOOL/data/projects/rf1-sra-sharedreward/masks/networkmasks/nan_rPNAS_2mm_net0009.nii.gz
Successfully extracted 10741 sharedreward /ZPOOL/data/projects/rf1-sra-sharedreward/masks/networkmasks/nan_rPNAS_2mm_net0008.nii.gz
Successfully extracted 10741 sharedreward /ZPOOL/data/projects/rf1-sra-sharedreward/masks/networkmasks/nan_rPNAS_2mm_net0009.nii.gz
To view the FEAT progress and final report, point your web browser at /ZPOOL/data/projects/rf1-sra-sharedreward/derivatives/fsl/sub-10741/L1_task-sharedreward_model-1_type-nppi-dmn_run-1_sm-6.feat/report_log.html
To view the FEAT progress and final report, point your web browser at /ZPOOL/data/projects/rf1-sra-sharedreward/derivatives/fsl/sub-10741/L1_task-sharedreward_model-1_type-nppi-dmn_run-2_sm-6.feat/report_log.html
complete 10748 1
Successfully extracted 10748 sharedreward /ZPOOL/data/projects/rf1-sra-sharedreward/masks/networkmasks/nan_rPNAS_2mm_net0000.nii.gz
Successfully extracted 10748 sharedreward /ZPOOL/data/projects/rf1-sra-sharedreward/masks/networkmasks/nan_rPNAS_2mm_net0001.nii.gz
Successfully extracted 10748 sharedreward /ZPOOL/data/projects/rf1-sra-sharedreward/masks/networkmasks/nan_rPNAS_2mm_net0002.nii.gz
Successfully extracted 10748 sharedreward /ZPOOL/data/projects/rf1-sra-sharedreward/masks/networkmasks/nan_rPNAS_2mm_net0003.nii.gz
Successfully extracted 10748 sharedreward /ZPOOL/data/projects/rf1-sra-sharedreward/masks/networkmasks/nan_rPNAS_2mm_net0004.nii.gz
Successfully extracted 10748 sharedreward /ZPOOL/data/projects/rf1-sra-sharedreward/masks/networkmasks/nan_rPNAS_2mm_net0005.nii.gz
Successfully extracted 10748 sharedreward /ZPOOL/data/projects/rf1-sra-sharedreward/masks/networkmasks/nan_rPNAS_2mm_net0006.nii.gz
Successfully extracted 10748 sharedreward /ZPOOL/data/projects/rf1-sra-sharedreward/masks/networkmasks/nan_rPNAS_2mm_net0007.nii.gz
Successfully extracted 10748 sharedreward /ZPOOL/data/projects/rf1-sra-sharedreward/masks/networkmasks/nan_rPNAS_2mm_net0008.nii.gz
Successfully extracted 10748 sharedreward /ZPOOL/data/projects/rf1-sra-sharedreward/masks/networkmasks/nan_rPNAS_2mm_net0009.nii.gz
To view the FEAT progress and final report, point your web browser at /ZPOOL/data/projects/rf1-sra-sharedreward/derivatives/fsl/sub-10748/L1_task-sharedreward_model-1_type-nppi-dmn_run-1_sm-6.feat/report_log.html
complete 10748 2
Successfully extracted 10748 sharedreward /ZPOOL/data/projects/rf1-sra-sharedreward/masks/networkmasks/nan_rPNAS_2mm_net0000.nii.gz
Successfully extracted 10748 sharedreward /ZPOOL/data/projects/rf1-sra-sharedreward/masks/networkmasks/nan_rPNAS_2mm_net0001.nii.gz
complete 10767 1
Successfully extracted 10748 sharedreward /ZPOOL/data/projects/rf1-sra-sharedreward/masks/networkmasks/nan_rPNAS_2mm_net0002.nii.gz
complete 10767 2
Successfully extracted 10748 sharedreward /ZPOOL/data/projects/rf1-sra-sharedreward/masks/networkmasks/nan_rPNAS_2mm_net0003.nii.gz
Successfully extracted 10767 sharedreward /ZPOOL/data/projects/rf1-sra-sharedreward/masks/networkmasks/nan_rPNAS_2mm_net0000.nii.gz
Successfully extracted 10767 sharedreward /ZPOOL/data/projects/rf1-sra-sharedreward/masks/networkmasks/nan_rPNAS_2mm_net0000.nii.gz
Successfully extracted 10748 sharedreward /ZPOOL/data/projects/rf1-sra-sharedreward/masks/networkmasks/nan_rPNAS_2mm_net0004.nii.gz
Successfully extracted 10767 sharedreward /ZPOOL/data/projects/rf1-sra-sharedreward/masks/networkmasks/nan_rPNAS_2mm_net0001.nii.gz
Successfully extracted 10767 sharedreward /ZPOOL/data/projects/rf1-sra-sharedreward/masks/networkmasks/nan_rPNAS_2mm_net0001.nii.gz
Successfully extracted 10748 sharedreward /ZPOOL/data/projects/rf1-sra-sharedreward/masks/networkmasks/nan_rPNAS_2mm_net0005.nii.gz
Successfully extracted 10767 sharedreward /ZPOOL/data/projects/rf1-sra-sharedreward/masks/networkmasks/nan_rPNAS_2mm_net0002.nii.gz
complete 10770 1
Successfully extracted 10767 sharedreward /ZPOOL/data/projects/rf1-sra-sharedreward/masks/networkmasks/nan_rPNAS_2mm_net0002.nii.gz
Successfully extracted 10748 sharedreward /ZPOOL/data/projects/rf1-sra-sharedreward/masks/networkmasks/nan_rPNAS_2mm_net0006.nii.gz
Successfully extracted 10767 sharedreward /ZPOOL/data/projects/rf1-sra-sharedreward/masks/networkmasks/nan_rPNAS_2mm_net0003.nii.gz
Successfully extracted 10770 sharedreward /ZPOOL/data/projects/rf1-sra-sharedreward/masks/networkmasks/nan_rPNAS_2mm_net0000.nii.gz
Successfully extracted 10767 sharedreward /ZPOOL/data/projects/rf1-sra-sharedreward/masks/networkmasks/nan_rPNAS_2mm_net0003.nii.gz
Successfully extracted 10748 sharedreward /ZPOOL/data/projects/rf1-sra-sharedreward/masks/networkmasks/nan_rPNAS_2mm_net0007.nii.gz
Successfully extracted 10767 sharedreward /ZPOOL/data/projects/rf1-sra-sharedreward/masks/networkmasks/nan_rPNAS_2mm_net0004.nii.gz
Successfully extracted 10770 sharedreward /ZPOOL/data/projects/rf1-sra-sharedreward/masks/networkmasks/nan_rPNAS_2mm_net0001.nii.gz
complete 10770 2
Successfully extracted 10767 sharedreward /ZPOOL/data/projects/rf1-sra-sharedreward/masks/networkmasks/nan_rPNAS_2mm_net0004.nii.gz
Successfully extracted 10748 sharedreward /ZPOOL/data/projects/rf1-sra-sharedreward/masks/networkmasks/nan_rPNAS_2mm_net0008.nii.gz
Successfully extracted 10767 sharedreward /ZPOOL/data/projects/rf1-sra-sharedreward/masks/networkmasks/nan_rPNAS_2mm_net0005.nii.gz
Successfully extracted 10770 sharedreward /ZPOOL/data/projects/rf1-sra-sharedreward/masks/networkmasks/nan_rPNAS_2mm_net0002.nii.gz
Successfully extracted 10770 sharedreward /ZPOOL/data/projects/rf1-sra-sharedreward/masks/networkmasks/nan_rPNAS_2mm_net0000.nii.gz
complete 10774 1
Successfully extracted 10767 sharedreward /ZPOOL/data/projects/rf1-sra-sharedreward/masks/networkmasks/nan_rPNAS_2mm_net0005.nii.gz
Successfully extracted 10748 sharedreward /ZPOOL/data/projects/rf1-sra-sharedreward/masks/networkmasks/nan_rPNAS_2mm_net0009.nii.gz
Successfully extracted 10767 sharedreward /ZPOOL/data/projects/rf1-sra-sharedreward/masks/networkmasks/nan_rPNAS_2mm_net0006.nii.gz
Successfully extracted 10770 sharedreward /ZPOOL/data/projects/rf1-sra-sharedreward/masks/networkmasks/nan_rPNAS_2mm_net0003.nii.gz
Successfully extracted 10770 sharedreward /ZPOOL/data/projects/rf1-sra-sharedreward/masks/networkmasks/nan_rPNAS_2mm_net0001.nii.gz
Successfully extracted 10774 sharedreward /ZPOOL/data/projects/rf1-sra-sharedreward/masks/networkmasks/nan_rPNAS_2mm_net0000.nii.gz
Successfully extracted 10767 sharedreward /ZPOOL/data/projects/rf1-sra-sharedreward/masks/networkmasks/nan_rPNAS_2mm_net0006.nii.gz
To view the FEAT progress and final report, point your web browser at /ZPOOL/data/projects/rf1-sra-sharedreward/derivatives/fsl/sub-10748/L1_task-sharedreward_model-1_type-nppi-dmn_run-2_sm-6.feat/report_log.html
Successfully extracted 10767 sharedreward /ZPOOL/data/projects/rf1-sra-sharedreward/masks/networkmasks/nan_rPNAS_2mm_net0007.nii.gz
Successfully extracted 10770 sharedreward /ZPOOL/data/projects/rf1-sra-sharedreward/masks/networkmasks/nan_rPNAS_2mm_net0004.nii.gz
Successfully extracted 10770 sharedreward /ZPOOL/data/projects/rf1-sra-sharedreward/masks/networkmasks/nan_rPNAS_2mm_net0002.nii.gz
Successfully extracted 10774 sharedreward /ZPOOL/data/projects/rf1-sra-sharedreward/masks/networkmasks/nan_rPNAS_2mm_net0001.nii.gz
Successfully extracted 10767 sharedreward /ZPOOL/data/projects/rf1-sra-sharedreward/masks/networkmasks/nan_rPNAS_2mm_net0007.nii.gz
Successfully extracted 10770 sharedreward /ZPOOL/data/projects/rf1-sra-sharedreward/masks/networkmasks/nan_rPNAS_2mm_net0005.nii.gz
Successfully extracted 10767 sharedreward /ZPOOL/data/projects/rf1-sra-sharedreward/masks/networkmasks/nan_rPNAS_2mm_net0008.nii.gz
Successfully extracted 10770 sharedreward /ZPOOL/data/projects/rf1-sra-sharedreward/masks/networkmasks/nan_rPNAS_2mm_net0003.nii.gz
Successfully extracted 10774 sharedreward /ZPOOL/data/projects/rf1-sra-sharedreward/masks/networkmasks/nan_rPNAS_2mm_net0002.nii.gz
complete 10774 2
Successfully extracted 10767 sharedreward /ZPOOL/data/projects/rf1-sra-sharedreward/masks/networkmasks/nan_rPNAS_2mm_net0008.nii.gz
Successfully extracted 10770 sharedreward /ZPOOL/data/projects/rf1-sra-sharedreward/masks/networkmasks/nan_rPNAS_2mm_net0006.nii.gz
Successfully extracted 10767 sharedreward /ZPOOL/data/projects/rf1-sra-sharedreward/masks/networkmasks/nan_rPNAS_2mm_net0009.nii.gz
Successfully extracted 10774 sharedreward /ZPOOL/data/projects/rf1-sra-sharedreward/masks/networkmasks/nan_rPNAS_2mm_net0003.nii.gz
Successfully extracted 10770 sharedreward /ZPOOL/data/projects/rf1-sra-sharedreward/masks/networkmasks/nan_rPNAS_2mm_net0004.nii.gz
Successfully extracted 10767 sharedreward /ZPOOL/data/projects/rf1-sra-sharedreward/masks/networkmasks/nan_rPNAS_2mm_net0009.nii.gz
Successfully extracted 10774 sharedreward /ZPOOL/data/projects/rf1-sra-sharedreward/masks/networkmasks/nan_rPNAS_2mm_net0000.nii.gz
Successfully extracted 10770 sharedreward /ZPOOL/data/projects/rf1-sra-sharedreward/masks/networkmasks/nan_rPNAS_2mm_net0007.nii.gz
Successfully extracted 10774 sharedreward /ZPOOL/data/projects/rf1-sra-sharedreward/masks/networkmasks/nan_rPNAS_2mm_net0004.nii.gz
Successfully extracted 10770 sharedreward /ZPOOL/data/projects/rf1-sra-sharedreward/masks/networkmasks/nan_rPNAS_2mm_net0005.nii.gz
To view the FEAT progress and final report, point your web browser at /ZPOOL/data/projects/rf1-sra-sharedreward/derivatives/fsl/sub-10767/L1_task-sharedreward_model-1_type-nppi-dmn_run-1_sm-6.feat/report_log.html
Successfully extracted 10774 sharedreward /ZPOOL/data/projects/rf1-sra-sharedreward/masks/networkmasks/nan_rPNAS_2mm_net0001.nii.gz
To view the FEAT progress and final report, point your web browser at /ZPOOL/data/projects/rf1-sra-sharedreward/derivatives/fsl/sub-10767/L1_task-sharedreward_model-1_type-nppi-dmn_run-2_sm-6.feat/report_log.html
Successfully extracted 10774 sharedreward /ZPOOL/data/projects/rf1-sra-sharedreward/masks/networkmasks/nan_rPNAS_2mm_net0005.nii.gz
Successfully extracted 10770 sharedreward /ZPOOL/data/projects/rf1-sra-sharedreward/masks/networkmasks/nan_rPNAS_2mm_net0008.nii.gz
Successfully extracted 10770 sharedreward /ZPOOL/data/projects/rf1-sra-sharedreward/masks/networkmasks/nan_rPNAS_2mm_net0006.nii.gz
complete 10777 1
Successfully extracted 10774 sharedreward /ZPOOL/data/projects/rf1-sra-sharedreward/masks/networkmasks/nan_rPNAS_2mm_net0002.nii.gz
Successfully extracted 10774 sharedreward /ZPOOL/data/projects/rf1-sra-sharedreward/masks/networkmasks/nan_rPNAS_2mm_net0006.nii.gz
Successfully extracted 10770 sharedreward /ZPOOL/data/projects/rf1-sra-sharedreward/masks/networkmasks/nan_rPNAS_2mm_net0009.nii.gz
Successfully extracted 10770 sharedreward /ZPOOL/data/projects/rf1-sra-sharedreward/masks/networkmasks/nan_rPNAS_2mm_net0007.nii.gz
Successfully extracted 10774 sharedreward /ZPOOL/data/projects/rf1-sra-sharedreward/masks/networkmasks/nan_rPNAS_2mm_net0003.nii.gz
Successfully extracted 10777 sharedreward /ZPOOL/data/projects/rf1-sra-sharedreward/masks/networkmasks/nan_rPNAS_2mm_net0000.nii.gz
Successfully extracted 10774 sharedreward /ZPOOL/data/projects/rf1-sra-sharedreward/masks/networkmasks/nan_rPNAS_2mm_net0007.nii.gz
Successfully extracted 10770 sharedreward /ZPOOL/data/projects/rf1-sra-sharedreward/masks/networkmasks/nan_rPNAS_2mm_net0008.nii.gz
To view the FEAT progress and final report, point your web browser at /ZPOOL/data/projects/rf1-sra-sharedreward/derivatives/fsl/sub-10770/L1_task-sharedreward_model-1_type-nppi-dmn_run-1_sm-6.feat/report_log.html
Successfully extracted 10774 sharedreward /ZPOOL/data/projects/rf1-sra-sharedreward/masks/networkmasks/nan_rPNAS_2mm_net0004.nii.gz
Successfully extracted 10777 sharedreward /ZPOOL/data/projects/rf1-sra-sharedreward/masks/networkmasks/nan_rPNAS_2mm_net0001.nii.gz
Successfully extracted 10774 sharedreward /ZPOOL/data/projects/rf1-sra-sharedreward/masks/networkmasks/nan_rPNAS_2mm_net0008.nii.gz
Successfully extracted 10770 sharedreward /ZPOOL/data/projects/rf1-sra-sharedreward/masks/networkmasks/nan_rPNAS_2mm_net0009.nii.gz
Successfully extracted 10774 sharedreward /ZPOOL/data/projects/rf1-sra-sharedreward/masks/networkmasks/nan_rPNAS_2mm_net0005.nii.gz
complete 10777 2
Successfully extracted 10777 sharedreward /ZPOOL/data/projects/rf1-sra-sharedreward/masks/networkmasks/nan_rPNAS_2mm_net0002.nii.gz
Successfully extracted 10774 sharedreward /ZPOOL/data/projects/rf1-sra-sharedreward/masks/networkmasks/nan_rPNAS_2mm_net0009.nii.gz
Successfully extracted 10774 sharedreward /ZPOOL/data/projects/rf1-sra-sharedreward/masks/networkmasks/nan_rPNAS_2mm_net0006.nii.gz
To view the FEAT progress and final report, point your web browser at /ZPOOL/data/projects/rf1-sra-sharedreward/derivatives/fsl/sub-10770/L1_task-sharedreward_model-1_type-nppi-dmn_run-2_sm-6.feat/report_log.html
Successfully extracted 10777 sharedreward /ZPOOL/data/projects/rf1-sra-sharedreward/masks/networkmasks/nan_rPNAS_2mm_net0003.nii.gz
Successfully extracted 10777 sharedreward /ZPOOL/data/projects/rf1-sra-sharedreward/masks/networkmasks/nan_rPNAS_2mm_net0000.nii.gz
To view the FEAT progress and final report, point your web browser at /ZPOOL/data/projects/rf1-sra-sharedreward/derivatives/fsl/sub-10774/L1_task-sharedreward_model-1_type-nppi-dmn_run-1_sm-6.feat/report_log.html
Successfully extracted 10774 sharedreward /ZPOOL/data/projects/rf1-sra-sharedreward/masks/networkmasks/nan_rPNAS_2mm_net0007.nii.gz
Successfully extracted 10777 sharedreward /ZPOOL/data/projects/rf1-sra-sharedreward/masks/networkmasks/nan_rPNAS_2mm_net0004.nii.gz
Successfully extracted 10777 sharedreward /ZPOOL/data/projects/rf1-sra-sharedreward/masks/networkmasks/nan_rPNAS_2mm_net0001.nii.gz
Successfully extracted 10774 sharedreward /ZPOOL/data/projects/rf1-sra-sharedreward/masks/networkmasks/nan_rPNAS_2mm_net0008.nii.gz
Successfully extracted 10777 sharedreward /ZPOOL/data/projects/rf1-sra-sharedreward/masks/networkmasks/nan_rPNAS_2mm_net0005.nii.gz
Successfully extracted 10777 sharedreward /ZPOOL/data/projects/rf1-sra-sharedreward/masks/networkmasks/nan_rPNAS_2mm_net0002.nii.gz
Successfully extracted 10774 sharedreward /ZPOOL/data/projects/rf1-sra-sharedreward/masks/networkmasks/nan_rPNAS_2mm_net0009.nii.gz
Successfully extracted 10777 sharedreward /ZPOOL/data/projects/rf1-sra-sharedreward/masks/networkmasks/nan_rPNAS_2mm_net0006.nii.gz
Successfully extracted 10777 sharedreward /ZPOOL/data/projects/rf1-sra-sharedreward/masks/networkmasks/nan_rPNAS_2mm_net0003.nii.gz
To view the FEAT progress and final report, point your web browser at /ZPOOL/data/projects/rf1-sra-sharedreward/derivatives/fsl/sub-10774/L1_task-sharedreward_model-1_type-nppi-dmn_run-2_sm-6.feat/report_log.html
Successfully extracted 10777 sharedreward /ZPOOL/data/projects/rf1-sra-sharedreward/masks/networkmasks/nan_rPNAS_2mm_net0004.nii.gz
Successfully extracted 10777 sharedreward /ZPOOL/data/projects/rf1-sra-sharedreward/masks/networkmasks/nan_rPNAS_2mm_net0007.nii.gz
Successfully extracted 10777 sharedreward /ZPOOL/data/projects/rf1-sra-sharedreward/masks/networkmasks/nan_rPNAS_2mm_net0005.nii.gz
Successfully extracted 10777 sharedreward /ZPOOL/data/projects/rf1-sra-sharedreward/masks/networkmasks/nan_rPNAS_2mm_net0008.nii.gz
Successfully extracted 10777 sharedreward /ZPOOL/data/projects/rf1-sra-sharedreward/masks/networkmasks/nan_rPNAS_2mm_net0006.nii.gz
Successfully extracted 10777 sharedreward /ZPOOL/data/projects/rf1-sra-sharedreward/masks/networkmasks/nan_rPNAS_2mm_net0009.nii.gz
Successfully extracted 10777 sharedreward /ZPOOL/data/projects/rf1-sra-sharedreward/masks/networkmasks/nan_rPNAS_2mm_net0007.nii.gz
To view the FEAT progress and final report, point your web browser at /ZPOOL/data/projects/rf1-sra-sharedreward/derivatives/fsl/sub-10777/L1_task-sharedreward_model-1_type-nppi-dmn_run-1_sm-6.feat/report_log.html
Successfully extracted 10777 sharedreward /ZPOOL/data/projects/rf1-sra-sharedreward/masks/networkmasks/nan_rPNAS_2mm_net0008.nii.gz
Successfully extracted 10777 sharedreward /ZPOOL/data/projects/rf1-sra-sharedreward/masks/networkmasks/nan_rPNAS_2mm_net0009.nii.gz
To view the FEAT progress and final report, point your web browser at /ZPOOL/data/projects/rf1-sra-sharedreward/derivatives/fsl/sub-10777/L1_task-sharedreward_model-1_type-nppi-dmn_run-2_sm-6.feat/report_log.html
complete 10781 1
Successfully extracted 10781 sharedreward /ZPOOL/data/projects/rf1-sra-sharedreward/masks/networkmasks/nan_rPNAS_2mm_net0000.nii.gz
Successfully extracted 10781 sharedreward /ZPOOL/data/projects/rf1-sra-sharedreward/masks/networkmasks/nan_rPNAS_2mm_net0001.nii.gz
Successfully extracted 10781 sharedreward /ZPOOL/data/projects/rf1-sra-sharedreward/masks/networkmasks/nan_rPNAS_2mm_net0002.nii.gz
Successfully extracted 10781 sharedreward /ZPOOL/data/projects/rf1-sra-sharedreward/masks/networkmasks/nan_rPNAS_2mm_net0003.nii.gz
Successfully extracted 10781 sharedreward /ZPOOL/data/projects/rf1-sra-sharedreward/masks/networkmasks/nan_rPNAS_2mm_net0004.nii.gz
Successfully extracted 10781 sharedreward /ZPOOL/data/projects/rf1-sra-sharedreward/masks/networkmasks/nan_rPNAS_2mm_net0005.nii.gz
Successfully extracted 10781 sharedreward /ZPOOL/data/projects/rf1-sra-sharedreward/masks/networkmasks/nan_rPNAS_2mm_net0006.nii.gz
Successfully extracted 10781 sharedreward /ZPOOL/data/projects/rf1-sra-sharedreward/masks/networkmasks/nan_rPNAS_2mm_net0007.nii.gz
Successfully extracted 10781 sharedreward /ZPOOL/data/projects/rf1-sra-sharedreward/masks/networkmasks/nan_rPNAS_2mm_net0008.nii.gz
Successfully extracted 10781 sharedreward /ZPOOL/data/projects/rf1-sra-sharedreward/masks/networkmasks/nan_rPNAS_2mm_net0009.nii.gz
To view the FEAT progress and final report, point your web browser at /ZPOOL/data/projects/rf1-sra-sharedreward/derivatives/fsl/sub-10781/L1_task-sharedreward_model-1_type-nppi-dmn_run-1_sm-6.feat/report_log.html
complete 10781 2
Successfully extracted 10781 sharedreward /ZPOOL/data/projects/rf1-sra-sharedreward/masks/networkmasks/nan_rPNAS_2mm_net0000.nii.gz
Successfully extracted 10781 sharedreward /ZPOOL/data/projects/rf1-sra-sharedreward/masks/networkmasks/nan_rPNAS_2mm_net0001.nii.gz
complete 10783 1
Successfully extracted 10781 sharedreward /ZPOOL/data/projects/rf1-sra-sharedreward/masks/networkmasks/nan_rPNAS_2mm_net0002.nii.gz
complete 10783 2
Successfully extracted 10783 sharedreward /ZPOOL/data/projects/rf1-sra-sharedreward/masks/networkmasks/nan_rPNAS_2mm_net0000.nii.gz
Successfully extracted 10781 sharedreward /ZPOOL/data/projects/rf1-sra-sharedreward/masks/networkmasks/nan_rPNAS_2mm_net0003.nii.gz
Successfully extracted 10781 sharedreward /ZPOOL/data/projects/rf1-sra-sharedreward/masks/networkmasks/nan_rPNAS_2mm_net0004.nii.gz
Successfully extracted 10783 sharedreward /ZPOOL/data/projects/rf1-sra-sharedreward/masks/networkmasks/nan_rPNAS_2mm_net0000.nii.gz
Successfully extracted 10783 sharedreward /ZPOOL/data/projects/rf1-sra-sharedreward/masks/networkmasks/nan_rPNAS_2mm_net0001.nii.gz
complete 10785 1
Successfully extracted 10781 sharedreward /ZPOOL/data/projects/rf1-sra-sharedreward/masks/networkmasks/nan_rPNAS_2mm_net0005.nii.gz
Successfully extracted 10783 sharedreward /ZPOOL/data/projects/rf1-sra-sharedreward/masks/networkmasks/nan_rPNAS_2mm_net0001.nii.gz
Successfully extracted 10783 sharedreward /ZPOOL/data/projects/rf1-sra-sharedreward/masks/networkmasks/nan_rPNAS_2mm_net0002.nii.gz
Successfully extracted 10785 sharedreward /ZPOOL/data/projects/rf1-sra-sharedreward/masks/networkmasks/nan_rPNAS_2mm_net0000.nii.gz
Successfully extracted 10781 sharedreward /ZPOOL/data/projects/rf1-sra-sharedreward/masks/networkmasks/nan_rPNAS_2mm_net0006.nii.gz
Successfully extracted 10783 sharedreward /ZPOOL/data/projects/rf1-sra-sharedreward/masks/networkmasks/nan_rPNAS_2mm_net0002.nii.gz
Successfully extracted 10783 sharedreward /ZPOOL/data/projects/rf1-sra-sharedreward/masks/networkmasks/nan_rPNAS_2mm_net0003.nii.gz
complete 10785 2
Successfully extracted 10785 sharedreward /ZPOOL/data/projects/rf1-sra-sharedreward/masks/networkmasks/nan_rPNAS_2mm_net0001.nii.gz
Successfully extracted 10781 sharedreward /ZPOOL/data/projects/rf1-sra-sharedreward/masks/networkmasks/nan_rPNAS_2mm_net0007.nii.gz
Successfully extracted 10783 sharedreward /ZPOOL/data/projects/rf1-sra-sharedreward/masks/networkmasks/nan_rPNAS_2mm_net0003.nii.gz
Successfully extracted 10783 sharedreward /ZPOOL/data/projects/rf1-sra-sharedreward/masks/networkmasks/nan_rPNAS_2mm_net0004.nii.gz
Successfully extracted 10785 sharedreward /ZPOOL/data/projects/rf1-sra-sharedreward/masks/networkmasks/nan_rPNAS_2mm_net0000.nii.gz
complete 10794 1
Successfully extracted 10785 sharedreward /ZPOOL/data/projects/rf1-sra-sharedreward/masks/networkmasks/nan_rPNAS_2mm_net0002.nii.gz
Successfully extracted 10781 sharedreward /ZPOOL/data/projects/rf1-sra-sharedreward/masks/networkmasks/nan_rPNAS_2mm_net0008.nii.gz
Successfully extracted 10783 sharedreward /ZPOOL/data/projects/rf1-sra-sharedreward/masks/networkmasks/nan_rPNAS_2mm_net0004.nii.gz
Successfully extracted 10783 sharedreward /ZPOOL/data/projects/rf1-sra-sharedreward/masks/networkmasks/nan_rPNAS_2mm_net0005.nii.gz
Successfully extracted 10785 sharedreward /ZPOOL/data/projects/rf1-sra-sharedreward/masks/networkmasks/nan_rPNAS_2mm_net0001.nii.gz
Successfully extracted 10785 sharedreward /ZPOOL/data/projects/rf1-sra-sharedreward/masks/networkmasks/nan_rPNAS_2mm_net0003.nii.gz
Successfully extracted 10794 sharedreward /ZPOOL/data/projects/rf1-sra-sharedreward/masks/networkmasks/nan_rPNAS_2mm_net0000.nii.gz
Successfully extracted 10781 sharedreward /ZPOOL/data/projects/rf1-sra-sharedreward/masks/networkmasks/nan_rPNAS_2mm_net0009.nii.gz
Successfully extracted 10783 sharedreward /ZPOOL/data/projects/rf1-sra-sharedreward/masks/networkmasks/nan_rPNAS_2mm_net0005.nii.gz
Successfully extracted 10783 sharedreward /ZPOOL/data/projects/rf1-sra-sharedreward/masks/networkmasks/nan_rPNAS_2mm_net0006.nii.gz
Successfully extracted 10785 sharedreward /ZPOOL/data/projects/rf1-sra-sharedreward/masks/networkmasks/nan_rPNAS_2mm_net0002.nii.gz
Successfully extracted 10785 sharedreward /ZPOOL/data/projects/rf1-sra-sharedreward/masks/networkmasks/nan_rPNAS_2mm_net0004.nii.gz
Successfully extracted 10794 sharedreward /ZPOOL/data/projects/rf1-sra-sharedreward/masks/networkmasks/nan_rPNAS_2mm_net0001.nii.gz
Successfully extracted 10783 sharedreward /ZPOOL/data/projects/rf1-sra-sharedreward/masks/networkmasks/nan_rPNAS_2mm_net0006.nii.gz
Successfully extracted 10783 sharedreward /ZPOOL/data/projects/rf1-sra-sharedreward/masks/networkmasks/nan_rPNAS_2mm_net0007.nii.gz
To view the FEAT progress and final report, point your web browser at /ZPOOL/data/projects/rf1-sra-sharedreward/derivatives/fsl/sub-10781/L1_task-sharedreward_model-1_type-nppi-dmn_run-2_sm-6.feat/report_log.html
Successfully extracted 10785 sharedreward /ZPOOL/data/projects/rf1-sra-sharedreward/masks/networkmasks/nan_rPNAS_2mm_net0003.nii.gz
Successfully extracted 10785 sharedreward /ZPOOL/data/projects/rf1-sra-sharedreward/masks/networkmasks/nan_rPNAS_2mm_net0005.nii.gz
Successfully extracted 10794 sharedreward /ZPOOL/data/projects/rf1-sra-sharedreward/masks/networkmasks/nan_rPNAS_2mm_net0002.nii.gz
Successfully extracted 10783 sharedreward /ZPOOL/data/projects/rf1-sra-sharedreward/masks/networkmasks/nan_rPNAS_2mm_net0007.nii.gz
Successfully extracted 10783 sharedreward /ZPOOL/data/projects/rf1-sra-sharedreward/masks/networkmasks/nan_rPNAS_2mm_net0008.nii.gz
Successfully extracted 10785 sharedreward /ZPOOL/data/projects/rf1-sra-sharedreward/masks/networkmasks/nan_rPNAS_2mm_net0004.nii.gz
Successfully extracted 10785 sharedreward /ZPOOL/data/projects/rf1-sra-sharedreward/masks/networkmasks/nan_rPNAS_2mm_net0006.nii.gz
Successfully extracted 10794 sharedreward /ZPOOL/data/projects/rf1-sra-sharedreward/masks/networkmasks/nan_rPNAS_2mm_net0003.nii.gz
Successfully extracted 10783 sharedreward /ZPOOL/data/projects/rf1-sra-sharedreward/masks/networkmasks/nan_rPNAS_2mm_net0008.nii.gz
Successfully extracted 10783 sharedreward /ZPOOL/data/projects/rf1-sra-sharedreward/masks/networkmasks/nan_rPNAS_2mm_net0009.nii.gz
Successfully extracted 10785 sharedreward /ZPOOL/data/projects/rf1-sra-sharedreward/masks/networkmasks/nan_rPNAS_2mm_net0005.nii.gz
Successfully extracted 10785 sharedreward /ZPOOL/data/projects/rf1-sra-sharedreward/masks/networkmasks/nan_rPNAS_2mm_net0007.nii.gz
Successfully extracted 10794 sharedreward /ZPOOL/data/projects/rf1-sra-sharedreward/masks/networkmasks/nan_rPNAS_2mm_net0004.nii.gz
Successfully extracted 10783 sharedreward /ZPOOL/data/projects/rf1-sra-sharedreward/masks/networkmasks/nan_rPNAS_2mm_net0009.nii.gz
To view the FEAT progress and final report, point your web browser at /ZPOOL/data/projects/rf1-sra-sharedreward/derivatives/fsl/sub-10783/L1_task-sharedreward_model-1_type-nppi-dmn_run-1_sm-6.feat/report_log.html
Successfully extracted 10785 sharedreward /ZPOOL/data/projects/rf1-sra-sharedreward/masks/networkmasks/nan_rPNAS_2mm_net0006.nii.gz
Successfully extracted 10785 sharedreward /ZPOOL/data/projects/rf1-sra-sharedreward/masks/networkmasks/nan_rPNAS_2mm_net0008.nii.gz
Successfully extracted 10794 sharedreward /ZPOOL/data/projects/rf1-sra-sharedreward/masks/networkmasks/nan_rPNAS_2mm_net0005.nii.gz
To view the FEAT progress and final report, point your web browser at /ZPOOL/data/projects/rf1-sra-sharedreward/derivatives/fsl/sub-10783/L1_task-sharedreward_model-1_type-nppi-dmn_run-2_sm-6.feat/report_log.html
complete 10794 2
Successfully extracted 10785 sharedreward /ZPOOL/data/projects/rf1-sra-sharedreward/masks/networkmasks/nan_rPNAS_2mm_net0007.nii.gz
Successfully extracted 10785 sharedreward /ZPOOL/data/projects/rf1-sra-sharedreward/masks/networkmasks/nan_rPNAS_2mm_net0009.nii.gz
Successfully extracted 10794 sharedreward /ZPOOL/data/projects/rf1-sra-sharedreward/masks/networkmasks/nan_rPNAS_2mm_net0006.nii.gz
Successfully extracted 10785 sharedreward /ZPOOL/data/projects/rf1-sra-sharedreward/masks/networkmasks/nan_rPNAS_2mm_net0008.nii.gz
Successfully extracted 10794 sharedreward /ZPOOL/data/projects/rf1-sra-sharedreward/masks/networkmasks/nan_rPNAS_2mm_net0000.nii.gz
Successfully extracted 10794 sharedreward /ZPOOL/data/projects/rf1-sra-sharedreward/masks/networkmasks/nan_rPNAS_2mm_net0007.nii.gz
To view the FEAT progress and final report, point your web browser at /ZPOOL/data/projects/rf1-sra-sharedreward/derivatives/fsl/sub-10785/L1_task-sharedreward_model-1_type-nppi-dmn_run-1_sm-6.feat/report_log.html
Successfully extracted 10785 sharedreward /ZPOOL/data/projects/rf1-sra-sharedreward/masks/networkmasks/nan_rPNAS_2mm_net0009.nii.gz
Successfully extracted 10794 sharedreward /ZPOOL/data/projects/rf1-sra-sharedreward/masks/networkmasks/nan_rPNAS_2mm_net0001.nii.gz
Successfully extracted 10794 sharedreward /ZPOOL/data/projects/rf1-sra-sharedreward/masks/networkmasks/nan_rPNAS_2mm_net0008.nii.gz
Successfully extracted 10794 sharedreward /ZPOOL/data/projects/rf1-sra-sharedreward/masks/networkmasks/nan_rPNAS_2mm_net0002.nii.gz
To view the FEAT progress and final report, point your web browser at /ZPOOL/data/projects/rf1-sra-sharedreward/derivatives/fsl/sub-10785/L1_task-sharedreward_model-1_type-nppi-dmn_run-2_sm-6.feat/report_log.html
Successfully extracted 10794 sharedreward /ZPOOL/data/projects/rf1-sra-sharedreward/masks/networkmasks/nan_rPNAS_2mm_net0009.nii.gz
Successfully extracted 10794 sharedreward /ZPOOL/data/projects/rf1-sra-sharedreward/masks/networkmasks/nan_rPNAS_2mm_net0003.nii.gz
To view the FEAT progress and final report, point your web browser at /ZPOOL/data/projects/rf1-sra-sharedreward/derivatives/fsl/sub-10794/L1_task-sharedreward_model-1_type-nppi-dmn_run-1_sm-6.feat/report_log.html
Successfully extracted 10794 sharedreward /ZPOOL/data/projects/rf1-sra-sharedreward/masks/networkmasks/nan_rPNAS_2mm_net0004.nii.gz
Successfully extracted 10794 sharedreward /ZPOOL/data/projects/rf1-sra-sharedreward/masks/networkmasks/nan_rPNAS_2mm_net0005.nii.gz
Successfully extracted 10794 sharedreward /ZPOOL/data/projects/rf1-sra-sharedreward/masks/networkmasks/nan_rPNAS_2mm_net0006.nii.gz
complete 10801 1
Successfully extracted 10794 sharedreward /ZPOOL/data/projects/rf1-sra-sharedreward/masks/networkmasks/nan_rPNAS_2mm_net0007.nii.gz
complete 10801 2
Successfully extracted 10801 sharedreward /ZPOOL/data/projects/rf1-sra-sharedreward/masks/networkmasks/nan_rPNAS_2mm_net0000.nii.gz
Successfully extracted 10794 sharedreward /ZPOOL/data/projects/rf1-sra-sharedreward/masks/networkmasks/nan_rPNAS_2mm_net0008.nii.gz
Successfully extracted 10801 sharedreward /ZPOOL/data/projects/rf1-sra-sharedreward/masks/networkmasks/nan_rPNAS_2mm_net0001.nii.gz
Successfully extracted 10801 sharedreward /ZPOOL/data/projects/rf1-sra-sharedreward/masks/networkmasks/nan_rPNAS_2mm_net0000.nii.gz
Successfully extracted 10794 sharedreward /ZPOOL/data/projects/rf1-sra-sharedreward/masks/networkmasks/nan_rPNAS_2mm_net0009.nii.gz
Successfully extracted 10801 sharedreward /ZPOOL/data/projects/rf1-sra-sharedreward/masks/networkmasks/nan_rPNAS_2mm_net0002.nii.gz
Successfully extracted 10801 sharedreward /ZPOOL/data/projects/rf1-sra-sharedreward/masks/networkmasks/nan_rPNAS_2mm_net0001.nii.gz
To view the FEAT progress and final report, point your web browser at /ZPOOL/data/projects/rf1-sra-sharedreward/derivatives/fsl/sub-10794/L1_task-sharedreward_model-1_type-nppi-dmn_run-2_sm-6.feat/report_log.html
Successfully extracted 10801 sharedreward /ZPOOL/data/projects/rf1-sra-sharedreward/masks/networkmasks/nan_rPNAS_2mm_net0003.nii.gz
Successfully extracted 10801 sharedreward /ZPOOL/data/projects/rf1-sra-sharedreward/masks/networkmasks/nan_rPNAS_2mm_net0002.nii.gz
Successfully extracted 10801 sharedreward /ZPOOL/data/projects/rf1-sra-sharedreward/masks/networkmasks/nan_rPNAS_2mm_net0004.nii.gz
Successfully extracted 10801 sharedreward /ZPOOL/data/projects/rf1-sra-sharedreward/masks/networkmasks/nan_rPNAS_2mm_net0003.nii.gz
Successfully extracted 10801 sharedreward /ZPOOL/data/projects/rf1-sra-sharedreward/masks/networkmasks/nan_rPNAS_2mm_net0005.nii.gz
Successfully extracted 10801 sharedreward /ZPOOL/data/projects/rf1-sra-sharedreward/masks/networkmasks/nan_rPNAS_2mm_net0004.nii.gz
Successfully extracted 10801 sharedreward /ZPOOL/data/projects/rf1-sra-sharedreward/masks/networkmasks/nan_rPNAS_2mm_net0006.nii.gz
Successfully extracted 10801 sharedreward /ZPOOL/data/projects/rf1-sra-sharedreward/masks/networkmasks/nan_rPNAS_2mm_net0005.nii.gz
Successfully extracted 10801 sharedreward /ZPOOL/data/projects/rf1-sra-sharedreward/masks/networkmasks/nan_rPNAS_2mm_net0006.nii.gz
Successfully extracted 10801 sharedreward /ZPOOL/data/projects/rf1-sra-sharedreward/masks/networkmasks/nan_rPNAS_2mm_net0007.nii.gz
Successfully extracted 10801 sharedreward /ZPOOL/data/projects/rf1-sra-sharedreward/masks/networkmasks/nan_rPNAS_2mm_net0008.nii.gz
Successfully extracted 10801 sharedreward /ZPOOL/data/projects/rf1-sra-sharedreward/masks/networkmasks/nan_rPNAS_2mm_net0007.nii.gz
Successfully extracted 10801 sharedreward /ZPOOL/data/projects/rf1-sra-sharedreward/masks/networkmasks/nan_rPNAS_2mm_net0009.nii.gz
Successfully extracted 10801 sharedreward /ZPOOL/data/projects/rf1-sra-sharedreward/masks/networkmasks/nan_rPNAS_2mm_net0008.nii.gz
Successfully extracted 10801 sharedreward /ZPOOL/data/projects/rf1-sra-sharedreward/masks/networkmasks/nan_rPNAS_2mm_net0009.nii.gz
To view the FEAT progress and final report, point your web browser at /ZPOOL/data/projects/rf1-sra-sharedreward/derivatives/fsl/sub-10801/L1_task-sharedreward_model-1_type-nppi-dmn_run-1_sm-6.feat/report_log.html
To view the FEAT progress and final report, point your web browser at /ZPOOL/data/projects/rf1-sra-sharedreward/derivatives/fsl/sub-10801/L1_task-sharedreward_model-1_type-nppi-dmn_run-2_sm-6.feat/report_log.html
complete 10802 1
Successfully extracted 10802 sharedreward /ZPOOL/data/projects/rf1-sra-sharedreward/masks/networkmasks/nan_rPNAS_2mm_net0000.nii.gz
Successfully extracted 10802 sharedreward /ZPOOL/data/projects/rf1-sra-sharedreward/masks/networkmasks/nan_rPNAS_2mm_net0001.nii.gz
Successfully extracted 10802 sharedreward /ZPOOL/data/projects/rf1-sra-sharedreward/masks/networkmasks/nan_rPNAS_2mm_net0002.nii.gz
Successfully extracted 10802 sharedreward /ZPOOL/data/projects/rf1-sra-sharedreward/masks/networkmasks/nan_rPNAS_2mm_net0003.nii.gz
Successfully extracted 10802 sharedreward /ZPOOL/data/projects/rf1-sra-sharedreward/masks/networkmasks/nan_rPNAS_2mm_net0004.nii.gz
Successfully extracted 10802 sharedreward /ZPOOL/data/projects/rf1-sra-sharedreward/masks/networkmasks/nan_rPNAS_2mm_net0005.nii.gz
Successfully extracted 10802 sharedreward /ZPOOL/data/projects/rf1-sra-sharedreward/masks/networkmasks/nan_rPNAS_2mm_net0006.nii.gz
Successfully extracted 10802 sharedreward /ZPOOL/data/projects/rf1-sra-sharedreward/masks/networkmasks/nan_rPNAS_2mm_net0007.nii.gz
Successfully extracted 10802 sharedreward /ZPOOL/data/projects/rf1-sra-sharedreward/masks/networkmasks/nan_rPNAS_2mm_net0008.nii.gz
Successfully extracted 10802 sharedreward /ZPOOL/data/projects/rf1-sra-sharedreward/masks/networkmasks/nan_rPNAS_2mm_net0009.nii.gz
To view the FEAT progress and final report, point your web browser at /ZPOOL/data/projects/rf1-sra-sharedreward/derivatives/fsl/sub-10802/L1_task-sharedreward_model-1_type-nppi-dmn_run-1_sm-6.feat/report_log.html
complete 10802 2
Successfully extracted 10802 sharedreward /ZPOOL/data/projects/rf1-sra-sharedreward/masks/networkmasks/nan_rPNAS_2mm_net0000.nii.gz
complete 10803 1
Successfully extracted 10802 sharedreward /ZPOOL/data/projects/rf1-sra-sharedreward/masks/networkmasks/nan_rPNAS_2mm_net0001.nii.gz
Successfully extracted 10803 sharedreward /ZPOOL/data/projects/rf1-sra-sharedreward/masks/networkmasks/nan_rPNAS_2mm_net0000.nii.gz
Successfully extracted 10802 sharedreward /ZPOOL/data/projects/rf1-sra-sharedreward/masks/networkmasks/nan_rPNAS_2mm_net0002.nii.gz
Successfully extracted 10803 sharedreward /ZPOOL/data/projects/rf1-sra-sharedreward/masks/networkmasks/nan_rPNAS_2mm_net0001.nii.gz
complete 10803 2
complete 10804 1
complete 10804 2
Successfully extracted 10802 sharedreward /ZPOOL/data/projects/rf1-sra-sharedreward/masks/networkmasks/nan_rPNAS_2mm_net0003.nii.gz
Successfully extracted 10803 sharedreward /ZPOOL/data/projects/rf1-sra-sharedreward/masks/networkmasks/nan_rPNAS_2mm_net0002.nii.gz
Successfully extracted 10804 sharedreward /ZPOOL/data/projects/rf1-sra-sharedreward/masks/networkmasks/nan_rPNAS_2mm_net0000.nii.gz
Successfully extracted 10804 sharedreward /ZPOOL/data/projects/rf1-sra-sharedreward/masks/networkmasks/nan_rPNAS_2mm_net0000.nii.gz
Successfully extracted 10803 sharedreward /ZPOOL/data/projects/rf1-sra-sharedreward/masks/networkmasks/nan_rPNAS_2mm_net0003.nii.gz
Successfully extracted 10802 sharedreward /ZPOOL/data/projects/rf1-sra-sharedreward/masks/networkmasks/nan_rPNAS_2mm_net0004.nii.gz
Successfully extracted 10804 sharedreward /ZPOOL/data/projects/rf1-sra-sharedreward/masks/networkmasks/nan_rPNAS_2mm_net0001.nii.gz
Successfully extracted 10804 sharedreward /ZPOOL/data/projects/rf1-sra-sharedreward/masks/networkmasks/nan_rPNAS_2mm_net0001.nii.gz
Successfully extracted 10803 sharedreward /ZPOOL/data/projects/rf1-sra-sharedreward/masks/networkmasks/nan_rPNAS_2mm_net0004.nii.gz
Successfully extracted 10802 sharedreward /ZPOOL/data/projects/rf1-sra-sharedreward/masks/networkmasks/nan_rPNAS_2mm_net0005.nii.gz
Successfully extracted 10804 sharedreward /ZPOOL/data/projects/rf1-sra-sharedreward/masks/networkmasks/nan_rPNAS_2mm_net0002.nii.gz
complete 10806 1
Successfully extracted 10804 sharedreward /ZPOOL/data/projects/rf1-sra-sharedreward/masks/networkmasks/nan_rPNAS_2mm_net0002.nii.gz
Successfully extracted 10803 sharedreward /ZPOOL/data/projects/rf1-sra-sharedreward/masks/networkmasks/nan_rPNAS_2mm_net0005.nii.gz
Successfully extracted 10802 sharedreward /ZPOOL/data/projects/rf1-sra-sharedreward/masks/networkmasks/nan_rPNAS_2mm_net0006.nii.gz
Successfully extracted 10804 sharedreward /ZPOOL/data/projects/rf1-sra-sharedreward/masks/networkmasks/nan_rPNAS_2mm_net0003.nii.gz
Successfully extracted 10806 sharedreward /ZPOOL/data/projects/rf1-sra-sharedreward/masks/networkmasks/nan_rPNAS_2mm_net0000.nii.gz
Successfully extracted 10804 sharedreward /ZPOOL/data/projects/rf1-sra-sharedreward/masks/networkmasks/nan_rPNAS_2mm_net0003.nii.gz
Successfully extracted 10803 sharedreward /ZPOOL/data/projects/rf1-sra-sharedreward/masks/networkmasks/nan_rPNAS_2mm_net0006.nii.gz
Successfully extracted 10802 sharedreward /ZPOOL/data/projects/rf1-sra-sharedreward/masks/networkmasks/nan_rPNAS_2mm_net0007.nii.gz
Successfully extracted 10804 sharedreward /ZPOOL/data/projects/rf1-sra-sharedreward/masks/networkmasks/nan_rPNAS_2mm_net0004.nii.gz
Successfully extracted 10806 sharedreward /ZPOOL/data/projects/rf1-sra-sharedreward/masks/networkmasks/nan_rPNAS_2mm_net0001.nii.gz
Successfully extracted 10804 sharedreward /ZPOOL/data/projects/rf1-sra-sharedreward/masks/networkmasks/nan_rPNAS_2mm_net0004.nii.gz
Successfully extracted 10803 sharedreward /ZPOOL/data/projects/rf1-sra-sharedreward/masks/networkmasks/nan_rPNAS_2mm_net0007.nii.gz
Successfully extracted 10802 sharedreward /ZPOOL/data/projects/rf1-sra-sharedreward/masks/networkmasks/nan_rPNAS_2mm_net0008.nii.gz
Successfully extracted 10804 sharedreward /ZPOOL/data/projects/rf1-sra-sharedreward/masks/networkmasks/nan_rPNAS_2mm_net0005.nii.gz
Successfully extracted 10806 sharedreward /ZPOOL/data/projects/rf1-sra-sharedreward/masks/networkmasks/nan_rPNAS_2mm_net0002.nii.gz
Successfully extracted 10804 sharedreward /ZPOOL/data/projects/rf1-sra-sharedreward/masks/networkmasks/nan_rPNAS_2mm_net0005.nii.gz
Successfully extracted 10803 sharedreward /ZPOOL/data/projects/rf1-sra-sharedreward/masks/networkmasks/nan_rPNAS_2mm_net0008.nii.gz
Successfully extracted 10802 sharedreward /ZPOOL/data/projects/rf1-sra-sharedreward/masks/networkmasks/nan_rPNAS_2mm_net0009.nii.gz
Successfully extracted 10804 sharedreward /ZPOOL/data/projects/rf1-sra-sharedreward/masks/networkmasks/nan_rPNAS_2mm_net0006.nii.gz
Successfully extracted 10806 sharedreward /ZPOOL/data/projects/rf1-sra-sharedreward/masks/networkmasks/nan_rPNAS_2mm_net0003.nii.gz
Successfully extracted 10804 sharedreward /ZPOOL/data/projects/rf1-sra-sharedreward/masks/networkmasks/nan_rPNAS_2mm_net0006.nii.gz
Successfully extracted 10803 sharedreward /ZPOOL/data/projects/rf1-sra-sharedreward/masks/networkmasks/nan_rPNAS_2mm_net0009.nii.gz
To view the FEAT progress and final report, point your web browser at /ZPOOL/data/projects/rf1-sra-sharedreward/derivatives/fsl/sub-10802/L1_task-sharedreward_model-1_type-nppi-dmn_run-2_sm-6.feat/report_log.html
Successfully extracted 10804 sharedreward /ZPOOL/data/projects/rf1-sra-sharedreward/masks/networkmasks/nan_rPNAS_2mm_net0007.nii.gz
Successfully extracted 10806 sharedreward /ZPOOL/data/projects/rf1-sra-sharedreward/masks/networkmasks/nan_rPNAS_2mm_net0004.nii.gz
Successfully extracted 10804 sharedreward /ZPOOL/data/projects/rf1-sra-sharedreward/masks/networkmasks/nan_rPNAS_2mm_net0007.nii.gz
To view the FEAT progress and final report, point your web browser at /ZPOOL/data/projects/rf1-sra-sharedreward/derivatives/fsl/sub-10803/L1_task-sharedreward_model-1_type-nppi-dmn_run-1_sm-6.feat/report_log.html
Successfully extracted 10804 sharedreward /ZPOOL/data/projects/rf1-sra-sharedreward/masks/networkmasks/nan_rPNAS_2mm_net0008.nii.gz
Successfully extracted 10806 sharedreward /ZPOOL/data/projects/rf1-sra-sharedreward/masks/networkmasks/nan_rPNAS_2mm_net0005.nii.gz
Successfully extracted 10804 sharedreward /ZPOOL/data/projects/rf1-sra-sharedreward/masks/networkmasks/nan_rPNAS_2mm_net0008.nii.gz
Successfully extracted 10804 sharedreward /ZPOOL/data/projects/rf1-sra-sharedreward/masks/networkmasks/nan_rPNAS_2mm_net0009.nii.gz
Successfully extracted 10806 sharedreward /ZPOOL/data/projects/rf1-sra-sharedreward/masks/networkmasks/nan_rPNAS_2mm_net0006.nii.gz
Successfully extracted 10804 sharedreward /ZPOOL/data/projects/rf1-sra-sharedreward/masks/networkmasks/nan_rPNAS_2mm_net0009.nii.gz
Successfully extracted 10806 sharedreward /ZPOOL/data/projects/rf1-sra-sharedreward/masks/networkmasks/nan_rPNAS_2mm_net0007.nii.gz
To view the FEAT progress and final report, point your web browser at /ZPOOL/data/projects/rf1-sra-sharedreward/derivatives/fsl/sub-10804/L1_task-sharedreward_model-1_type-nppi-dmn_run-1_sm-6.feat/report_log.html
To view the FEAT progress and final report, point your web browser at /ZPOOL/data/projects/rf1-sra-sharedreward/derivatives/fsl/sub-10804/L1_task-sharedreward_model-1_type-nppi-dmn_run-2_sm-6.feat/report_log.html
complete 10806 2
Successfully extracted 10806 sharedreward /ZPOOL/data/projects/rf1-sra-sharedreward/masks/networkmasks/nan_rPNAS_2mm_net0008.nii.gz
Successfully extracted 10806 sharedreward /ZPOOL/data/projects/rf1-sra-sharedreward/masks/networkmasks/nan_rPNAS_2mm_net0000.nii.gz
Successfully extracted 10806 sharedreward /ZPOOL/data/projects/rf1-sra-sharedreward/masks/networkmasks/nan_rPNAS_2mm_net0009.nii.gz
Successfully extracted 10806 sharedreward /ZPOOL/data/projects/rf1-sra-sharedreward/masks/networkmasks/nan_rPNAS_2mm_net0001.nii.gz
To view the FEAT progress and final report, point your web browser at /ZPOOL/data/projects/rf1-sra-sharedreward/derivatives/fsl/sub-10806/L1_task-sharedreward_model-1_type-nppi-dmn_run-1_sm-6.feat/report_log.html
Successfully extracted 10806 sharedreward /ZPOOL/data/projects/rf1-sra-sharedreward/masks/networkmasks/nan_rPNAS_2mm_net0002.nii.gz
complete 10807 1
Successfully extracted 10806 sharedreward /ZPOOL/data/projects/rf1-sra-sharedreward/masks/networkmasks/nan_rPNAS_2mm_net0003.nii.gz
Successfully extracted 10806 sharedreward /ZPOOL/data/projects/rf1-sra-sharedreward/masks/networkmasks/nan_rPNAS_2mm_net0004.nii.gz
Successfully extracted 10807 sharedreward /ZPOOL/data/projects/rf1-sra-sharedreward/masks/networkmasks/nan_rPNAS_2mm_net0000.nii.gz
Successfully extracted 10806 sharedreward /ZPOOL/data/projects/rf1-sra-sharedreward/masks/networkmasks/nan_rPNAS_2mm_net0005.nii.gz
Successfully extracted 10807 sharedreward /ZPOOL/data/projects/rf1-sra-sharedreward/masks/networkmasks/nan_rPNAS_2mm_net0001.nii.gz
Successfully extracted 10807 sharedreward /ZPOOL/data/projects/rf1-sra-sharedreward/masks/networkmasks/nan_rPNAS_2mm_net0002.nii.gz
Successfully extracted 10806 sharedreward /ZPOOL/data/projects/rf1-sra-sharedreward/masks/networkmasks/nan_rPNAS_2mm_net0006.nii.gz
Successfully extracted 10807 sharedreward /ZPOOL/data/projects/rf1-sra-sharedreward/masks/networkmasks/nan_rPNAS_2mm_net0003.nii.gz
Successfully extracted 10806 sharedreward /ZPOOL/data/projects/rf1-sra-sharedreward/masks/networkmasks/nan_rPNAS_2mm_net0007.nii.gz
complete 10807 2
Successfully extracted 10807 sharedreward /ZPOOL/data/projects/rf1-sra-sharedreward/masks/networkmasks/nan_rPNAS_2mm_net0004.nii.gz
Successfully extracted 10806 sharedreward /ZPOOL/data/projects/rf1-sra-sharedreward/masks/networkmasks/nan_rPNAS_2mm_net0008.nii.gz
Successfully extracted 10807 sharedreward /ZPOOL/data/projects/rf1-sra-sharedreward/masks/networkmasks/nan_rPNAS_2mm_net0005.nii.gz
Successfully extracted 10806 sharedreward /ZPOOL/data/projects/rf1-sra-sharedreward/masks/networkmasks/nan_rPNAS_2mm_net0009.nii.gz
Successfully extracted 10807 sharedreward /ZPOOL/data/projects/rf1-sra-sharedreward/masks/networkmasks/nan_rPNAS_2mm_net0000.nii.gz
Successfully extracted 10807 sharedreward /ZPOOL/data/projects/rf1-sra-sharedreward/masks/networkmasks/nan_rPNAS_2mm_net0006.nii.gz
Successfully extracted 10807 sharedreward /ZPOOL/data/projects/rf1-sra-sharedreward/masks/networkmasks/nan_rPNAS_2mm_net0001.nii.gz
To view the FEAT progress and final report, point your web browser at /ZPOOL/data/projects/rf1-sra-sharedreward/derivatives/fsl/sub-10806/L1_task-sharedreward_model-1_type-nppi-dmn_run-2_sm-6.feat/report_log.html
Successfully extracted 10807 sharedreward /ZPOOL/data/projects/rf1-sra-sharedreward/masks/networkmasks/nan_rPNAS_2mm_net0007.nii.gz
complete 10809 1
Successfully extracted 10807 sharedreward /ZPOOL/data/projects/rf1-sra-sharedreward/masks/networkmasks/nan_rPNAS_2mm_net0002.nii.gz
Successfully extracted 10807 sharedreward /ZPOOL/data/projects/rf1-sra-sharedreward/masks/networkmasks/nan_rPNAS_2mm_net0008.nii.gz
Successfully extracted 10807 sharedreward /ZPOOL/data/projects/rf1-sra-sharedreward/masks/networkmasks/nan_rPNAS_2mm_net0003.nii.gz
Successfully extracted 10809 sharedreward /ZPOOL/data/projects/rf1-sra-sharedreward/masks/networkmasks/nan_rPNAS_2mm_net0000.nii.gz
Successfully extracted 10807 sharedreward /ZPOOL/data/projects/rf1-sra-sharedreward/masks/networkmasks/nan_rPNAS_2mm_net0009.nii.gz
Successfully extracted 10807 sharedreward /ZPOOL/data/projects/rf1-sra-sharedreward/masks/networkmasks/nan_rPNAS_2mm_net0004.nii.gz
Successfully extracted 10809 sharedreward /ZPOOL/data/projects/rf1-sra-sharedreward/masks/networkmasks/nan_rPNAS_2mm_net0001.nii.gz
To view the FEAT progress and final report, point your web browser at /ZPOOL/data/projects/rf1-sra-sharedreward/derivatives/fsl/sub-10807/L1_task-sharedreward_model-1_type-nppi-dmn_run-1_sm-6.feat/report_log.html
Successfully extracted 10807 sharedreward /ZPOOL/data/projects/rf1-sra-sharedreward/masks/networkmasks/nan_rPNAS_2mm_net0005.nii.gz
Successfully extracted 10809 sharedreward /ZPOOL/data/projects/rf1-sra-sharedreward/masks/networkmasks/nan_rPNAS_2mm_net0002.nii.gz
Successfully extracted 10807 sharedreward /ZPOOL/data/projects/rf1-sra-sharedreward/masks/networkmasks/nan_rPNAS_2mm_net0006.nii.gz
Successfully extracted 10809 sharedreward /ZPOOL/data/projects/rf1-sra-sharedreward/masks/networkmasks/nan_rPNAS_2mm_net0003.nii.gz
Successfully extracted 10807 sharedreward /ZPOOL/data/projects/rf1-sra-sharedreward/masks/networkmasks/nan_rPNAS_2mm_net0007.nii.gz
Successfully extracted 10809 sharedreward /ZPOOL/data/projects/rf1-sra-sharedreward/masks/networkmasks/nan_rPNAS_2mm_net0004.nii.gz
Successfully extracted 10807 sharedreward /ZPOOL/data/projects/rf1-sra-sharedreward/masks/networkmasks/nan_rPNAS_2mm_net0008.nii.gz
Successfully extracted 10809 sharedreward /ZPOOL/data/projects/rf1-sra-sharedreward/masks/networkmasks/nan_rPNAS_2mm_net0005.nii.gz
Successfully extracted 10807 sharedreward /ZPOOL/data/projects/rf1-sra-sharedreward/masks/networkmasks/nan_rPNAS_2mm_net0009.nii.gz
Successfully extracted 10809 sharedreward /ZPOOL/data/projects/rf1-sra-sharedreward/masks/networkmasks/nan_rPNAS_2mm_net0006.nii.gz
Successfully extracted 10809 sharedreward /ZPOOL/data/projects/rf1-sra-sharedreward/masks/networkmasks/nan_rPNAS_2mm_net0007.nii.gz
To view the FEAT progress and final report, point your web browser at /ZPOOL/data/projects/rf1-sra-sharedreward/derivatives/fsl/sub-10807/L1_task-sharedreward_model-1_type-nppi-dmn_run-2_sm-6.feat/report_log.html
Successfully extracted 10809 sharedreward /ZPOOL/data/projects/rf1-sra-sharedreward/masks/networkmasks/nan_rPNAS_2mm_net0008.nii.gz
Successfully extracted 10809 sharedreward /ZPOOL/data/projects/rf1-sra-sharedreward/masks/networkmasks/nan_rPNAS_2mm_net0009.nii.gz
To view the FEAT progress and final report, point your web browser at /ZPOOL/data/projects/rf1-sra-sharedreward/derivatives/fsl/sub-10809/L1_task-sharedreward_model-1_type-nppi-dmn_run-1_sm-6.feat/report_log.html
complete 10809 2
cannot run nPPI because you're missing /ZPOOL/data/projects/rf1-sra-sharedreward/derivatives/fsl/sub-10809/L1_task-sharedreward_model-1_type-act_run-2_sm-6.feat/mask
complete 10810 1
Successfully extracted 10810 sharedreward /ZPOOL/data/projects/rf1-sra-sharedreward/masks/networkmasks/nan_rPNAS_2mm_net0000.nii.gz
Successfully extracted 10810 sharedreward /ZPOOL/data/projects/rf1-sra-sharedreward/masks/networkmasks/nan_rPNAS_2mm_net0001.nii.gz
Successfully extracted 10810 sharedreward /ZPOOL/data/projects/rf1-sra-sharedreward/masks/networkmasks/nan_rPNAS_2mm_net0002.nii.gz
Successfully extracted 10810 sharedreward /ZPOOL/data/projects/rf1-sra-sharedreward/masks/networkmasks/nan_rPNAS_2mm_net0003.nii.gz
Successfully extracted 10810 sharedreward /ZPOOL/data/projects/rf1-sra-sharedreward/masks/networkmasks/nan_rPNAS_2mm_net0004.nii.gz
Successfully extracted 10810 sharedreward /ZPOOL/data/projects/rf1-sra-sharedreward/masks/networkmasks/nan_rPNAS_2mm_net0005.nii.gz
Successfully extracted 10810 sharedreward /ZPOOL/data/projects/rf1-sra-sharedreward/masks/networkmasks/nan_rPNAS_2mm_net0006.nii.gz
Successfully extracted 10810 sharedreward /ZPOOL/data/projects/rf1-sra-sharedreward/masks/networkmasks/nan_rPNAS_2mm_net0007.nii.gz
Successfully extracted 10810 sharedreward /ZPOOL/data/projects/rf1-sra-sharedreward/masks/networkmasks/nan_rPNAS_2mm_net0008.nii.gz
Successfully extracted 10810 sharedreward /ZPOOL/data/projects/rf1-sra-sharedreward/masks/networkmasks/nan_rPNAS_2mm_net0009.nii.gz
To view the FEAT progress and final report, point your web browser at /ZPOOL/data/projects/rf1-sra-sharedreward/derivatives/fsl/sub-10810/L1_task-sharedreward_model-1_type-nppi-dmn_run-1_sm-6.feat/report_log.html
complete 10810 2
complete 10812 1
Successfully extracted 10810 sharedreward /ZPOOL/data/projects/rf1-sra-sharedreward/masks/networkmasks/nan_rPNAS_2mm_net0000.nii.gz
Successfully extracted 10810 sharedreward /ZPOOL/data/projects/rf1-sra-sharedreward/masks/networkmasks/nan_rPNAS_2mm_net0001.nii.gz
Successfully extracted 10812 sharedreward /ZPOOL/data/projects/rf1-sra-sharedreward/masks/networkmasks/nan_rPNAS_2mm_net0000.nii.gz
Successfully extracted 10810 sharedreward /ZPOOL/data/projects/rf1-sra-sharedreward/masks/networkmasks/nan_rPNAS_2mm_net0002.nii.gz
Successfully extracted 10812 sharedreward /ZPOOL/data/projects/rf1-sra-sharedreward/masks/networkmasks/nan_rPNAS_2mm_net0001.nii.gz
complete 10812 2
Successfully extracted 10810 sharedreward /ZPOOL/data/projects/rf1-sra-sharedreward/masks/networkmasks/nan_rPNAS_2mm_net0003.nii.gz
Successfully extracted 10812 sharedreward /ZPOOL/data/projects/rf1-sra-sharedreward/masks/networkmasks/nan_rPNAS_2mm_net0002.nii.gz
Successfully extracted 10810 sharedreward /ZPOOL/data/projects/rf1-sra-sharedreward/masks/networkmasks/nan_rPNAS_2mm_net0004.nii.gz
Successfully extracted 10812 sharedreward /ZPOOL/data/projects/rf1-sra-sharedreward/masks/networkmasks/nan_rPNAS_2mm_net0000.nii.gz
Successfully extracted 10812 sharedreward /ZPOOL/data/projects/rf1-sra-sharedreward/masks/networkmasks/nan_rPNAS_2mm_net0003.nii.gz
Successfully extracted 10810 sharedreward /ZPOOL/data/projects/rf1-sra-sharedreward/masks/networkmasks/nan_rPNAS_2mm_net0005.nii.gz
Successfully extracted 10812 sharedreward /ZPOOL/data/projects/rf1-sra-sharedreward/masks/networkmasks/nan_rPNAS_2mm_net0001.nii.gz
Successfully extracted 10812 sharedreward /ZPOOL/data/projects/rf1-sra-sharedreward/masks/networkmasks/nan_rPNAS_2mm_net0004.nii.gz
Successfully extracted 10810 sharedreward /ZPOOL/data/projects/rf1-sra-sharedreward/masks/networkmasks/nan_rPNAS_2mm_net0006.nii.gz
Successfully extracted 10812 sharedreward /ZPOOL/data/projects/rf1-sra-sharedreward/masks/networkmasks/nan_rPNAS_2mm_net0002.nii.gz
Successfully extracted 10812 sharedreward /ZPOOL/data/projects/rf1-sra-sharedreward/masks/networkmasks/nan_rPNAS_2mm_net0005.nii.gz
Successfully extracted 10812 sharedreward /ZPOOL/data/projects/rf1-sra-sharedreward/masks/networkmasks/nan_rPNAS_2mm_net0003.nii.gz
Successfully extracted 10810 sharedreward /ZPOOL/data/projects/rf1-sra-sharedreward/masks/networkmasks/nan_rPNAS_2mm_net0007.nii.gz
Successfully extracted 10812 sharedreward /ZPOOL/data/projects/rf1-sra-sharedreward/masks/networkmasks/nan_rPNAS_2mm_net0006.nii.gz
Successfully extracted 10812 sharedreward /ZPOOL/data/projects/rf1-sra-sharedreward/masks/networkmasks/nan_rPNAS_2mm_net0004.nii.gz
Successfully extracted 10810 sharedreward /ZPOOL/data/projects/rf1-sra-sharedreward/masks/networkmasks/nan_rPNAS_2mm_net0008.nii.gz
Successfully extracted 10812 sharedreward /ZPOOL/data/projects/rf1-sra-sharedreward/masks/networkmasks/nan_rPNAS_2mm_net0007.nii.gz
Successfully extracted 10812 sharedreward /ZPOOL/data/projects/rf1-sra-sharedreward/masks/networkmasks/nan_rPNAS_2mm_net0005.nii.gz
Successfully extracted 10810 sharedreward /ZPOOL/data/projects/rf1-sra-sharedreward/masks/networkmasks/nan_rPNAS_2mm_net0009.nii.gz
Successfully extracted 10812 sharedreward /ZPOOL/data/projects/rf1-sra-sharedreward/masks/networkmasks/nan_rPNAS_2mm_net0008.nii.gz
Successfully extracted 10812 sharedreward /ZPOOL/data/projects/rf1-sra-sharedreward/masks/networkmasks/nan_rPNAS_2mm_net0006.nii.gz
Successfully extracted 10812 sharedreward /ZPOOL/data/projects/rf1-sra-sharedreward/masks/networkmasks/nan_rPNAS_2mm_net0009.nii.gz
To view the FEAT progress and final report, point your web browser at /ZPOOL/data/projects/rf1-sra-sharedreward/derivatives/fsl/sub-10810/L1_task-sharedreward_model-1_type-nppi-dmn_run-2_sm-6.feat/report_log.html
complete 10817 1
Successfully extracted 10812 sharedreward /ZPOOL/data/projects/rf1-sra-sharedreward/masks/networkmasks/nan_rPNAS_2mm_net0007.nii.gz
To view the FEAT progress and final report, point your web browser at /ZPOOL/data/projects/rf1-sra-sharedreward/derivatives/fsl/sub-10812/L1_task-sharedreward_model-1_type-nppi-dmn_run-1_sm-6.feat/report_log.html
Successfully extracted 10817 sharedreward /ZPOOL/data/projects/rf1-sra-sharedreward/masks/networkmasks/nan_rPNAS_2mm_net0000.nii.gz
complete 10817 2
Successfully extracted 10812 sharedreward /ZPOOL/data/projects/rf1-sra-sharedreward/masks/networkmasks/nan_rPNAS_2mm_net0008.nii.gz
Successfully extracted 10817 sharedreward /ZPOOL/data/projects/rf1-sra-sharedreward/masks/networkmasks/nan_rPNAS_2mm_net0001.nii.gz
Successfully extracted 10817 sharedreward /ZPOOL/data/projects/rf1-sra-sharedreward/masks/networkmasks/nan_rPNAS_2mm_net0000.nii.gz
Successfully extracted 10812 sharedreward /ZPOOL/data/projects/rf1-sra-sharedreward/masks/networkmasks/nan_rPNAS_2mm_net0009.nii.gz
Successfully extracted 10817 sharedreward /ZPOOL/data/projects/rf1-sra-sharedreward/masks/networkmasks/nan_rPNAS_2mm_net0002.nii.gz
Successfully extracted 10817 sharedreward /ZPOOL/data/projects/rf1-sra-sharedreward/masks/networkmasks/nan_rPNAS_2mm_net0001.nii.gz
complete 10827 1
To view the FEAT progress and final report, point your web browser at /ZPOOL/data/projects/rf1-sra-sharedreward/derivatives/fsl/sub-10812/L1_task-sharedreward_model-1_type-nppi-dmn_run-2_sm-6.feat/report_log.html
Successfully extracted 10817 sharedreward /ZPOOL/data/projects/rf1-sra-sharedreward/masks/networkmasks/nan_rPNAS_2mm_net0003.nii.gz
Successfully extracted 10817 sharedreward /ZPOOL/data/projects/rf1-sra-sharedreward/masks/networkmasks/nan_rPNAS_2mm_net0002.nii.gz
Successfully extracted 10827 sharedreward /ZPOOL/data/projects/rf1-sra-sharedreward/masks/networkmasks/nan_rPNAS_2mm_net0000.nii.gz
Successfully extracted 10817 sharedreward /ZPOOL/data/projects/rf1-sra-sharedreward/masks/networkmasks/nan_rPNAS_2mm_net0004.nii.gz
Successfully extracted 10817 sharedreward /ZPOOL/data/projects/rf1-sra-sharedreward/masks/networkmasks/nan_rPNAS_2mm_net0003.nii.gz
Successfully extracted 10827 sharedreward /ZPOOL/data/projects/rf1-sra-sharedreward/masks/networkmasks/nan_rPNAS_2mm_net0001.nii.gz
Successfully extracted 10817 sharedreward /ZPOOL/data/projects/rf1-sra-sharedreward/masks/networkmasks/nan_rPNAS_2mm_net0005.nii.gz
Successfully extracted 10817 sharedreward /ZPOOL/data/projects/rf1-sra-sharedreward/masks/networkmasks/nan_rPNAS_2mm_net0004.nii.gz
Successfully extracted 10827 sharedreward /ZPOOL/data/projects/rf1-sra-sharedreward/masks/networkmasks/nan_rPNAS_2mm_net0002.nii.gz
Successfully extracted 10817 sharedreward /ZPOOL/data/projects/rf1-sra-sharedreward/masks/networkmasks/nan_rPNAS_2mm_net0006.nii.gz
Successfully extracted 10817 sharedreward /ZPOOL/data/projects/rf1-sra-sharedreward/masks/networkmasks/nan_rPNAS_2mm_net0005.nii.gz
Successfully extracted 10827 sharedreward /ZPOOL/data/projects/rf1-sra-sharedreward/masks/networkmasks/nan_rPNAS_2mm_net0003.nii.gz
Successfully extracted 10817 sharedreward /ZPOOL/data/projects/rf1-sra-sharedreward/masks/networkmasks/nan_rPNAS_2mm_net0007.nii.gz
Successfully extracted 10817 sharedreward /ZPOOL/data/projects/rf1-sra-sharedreward/masks/networkmasks/nan_rPNAS_2mm_net0006.nii.gz
Successfully extracted 10827 sharedreward /ZPOOL/data/projects/rf1-sra-sharedreward/masks/networkmasks/nan_rPNAS_2mm_net0004.nii.gz
Successfully extracted 10817 sharedreward /ZPOOL/data/projects/rf1-sra-sharedreward/masks/networkmasks/nan_rPNAS_2mm_net0008.nii.gz
complete 10827 2
Successfully extracted 10817 sharedreward /ZPOOL/data/projects/rf1-sra-sharedreward/masks/networkmasks/nan_rPNAS_2mm_net0007.nii.gz
Successfully extracted 10827 sharedreward /ZPOOL/data/projects/rf1-sra-sharedreward/masks/networkmasks/nan_rPNAS_2mm_net0005.nii.gz
Successfully extracted 10817 sharedreward /ZPOOL/data/projects/rf1-sra-sharedreward/masks/networkmasks/nan_rPNAS_2mm_net0009.nii.gz
Successfully extracted 10817 sharedreward /ZPOOL/data/projects/rf1-sra-sharedreward/masks/networkmasks/nan_rPNAS_2mm_net0008.nii.gz
Successfully extracted 10827 sharedreward /ZPOOL/data/projects/rf1-sra-sharedreward/masks/networkmasks/nan_rPNAS_2mm_net0000.nii.gz
Successfully extracted 10827 sharedreward /ZPOOL/data/projects/rf1-sra-sharedreward/masks/networkmasks/nan_rPNAS_2mm_net0006.nii.gz
To view the FEAT progress and final report, point your web browser at /ZPOOL/data/projects/rf1-sra-sharedreward/derivatives/fsl/sub-10817/L1_task-sharedreward_model-1_type-nppi-dmn_run-1_sm-6.feat/report_log.html
Successfully extracted 10817 sharedreward /ZPOOL/data/projects/rf1-sra-sharedreward/masks/networkmasks/nan_rPNAS_2mm_net0009.nii.gz
Successfully extracted 10827 sharedreward /ZPOOL/data/projects/rf1-sra-sharedreward/masks/networkmasks/nan_rPNAS_2mm_net0001.nii.gz
Successfully extracted 10827 sharedreward /ZPOOL/data/projects/rf1-sra-sharedreward/masks/networkmasks/nan_rPNAS_2mm_net0007.nii.gz
Successfully extracted 10827 sharedreward /ZPOOL/data/projects/rf1-sra-sharedreward/masks/networkmasks/nan_rPNAS_2mm_net0002.nii.gz
To view the FEAT progress and final report, point your web browser at /ZPOOL/data/projects/rf1-sra-sharedreward/derivatives/fsl/sub-10817/L1_task-sharedreward_model-1_type-nppi-dmn_run-2_sm-6.feat/report_log.html
Successfully extracted 10827 sharedreward /ZPOOL/data/projects/rf1-sra-sharedreward/masks/networkmasks/nan_rPNAS_2mm_net0008.nii.gz
Successfully extracted 10827 sharedreward /ZPOOL/data/projects/rf1-sra-sharedreward/masks/networkmasks/nan_rPNAS_2mm_net0003.nii.gz
Successfully extracted 10827 sharedreward /ZPOOL/data/projects/rf1-sra-sharedreward/masks/networkmasks/nan_rPNAS_2mm_net0009.nii.gz
Successfully extracted 10827 sharedreward /ZPOOL/data/projects/rf1-sra-sharedreward/masks/networkmasks/nan_rPNAS_2mm_net0004.nii.gz
To view the FEAT progress and final report, point your web browser at /ZPOOL/data/projects/rf1-sra-sharedreward/derivatives/fsl/sub-10827/L1_task-sharedreward_model-1_type-nppi-dmn_run-1_sm-6.feat/report_log.html
complete 10831 1
Successfully extracted 10827 sharedreward /ZPOOL/data/projects/rf1-sra-sharedreward/masks/networkmasks/nan_rPNAS_2mm_net0005.nii.gz
complete 10831 2
Successfully extracted 10827 sharedreward /ZPOOL/data/projects/rf1-sra-sharedreward/masks/networkmasks/nan_rPNAS_2mm_net0006.nii.gz
Successfully extracted 10831 sharedreward /ZPOOL/data/projects/rf1-sra-sharedreward/masks/networkmasks/nan_rPNAS_2mm_net0000.nii.gz
Successfully extracted 10831 sharedreward /ZPOOL/data/projects/rf1-sra-sharedreward/masks/networkmasks/nan_rPNAS_2mm_net0000.nii.gz
Successfully extracted 10827 sharedreward /ZPOOL/data/projects/rf1-sra-sharedreward/masks/networkmasks/nan_rPNAS_2mm_net0007.nii.gz
Successfully extracted 10831 sharedreward /ZPOOL/data/projects/rf1-sra-sharedreward/masks/networkmasks/nan_rPNAS_2mm_net0001.nii.gz
Successfully extracted 10831 sharedreward /ZPOOL/data/projects/rf1-sra-sharedreward/masks/networkmasks/nan_rPNAS_2mm_net0001.nii.gz
Successfully extracted 10827 sharedreward /ZPOOL/data/projects/rf1-sra-sharedreward/masks/networkmasks/nan_rPNAS_2mm_net0008.nii.gz
Successfully extracted 10831 sharedreward /ZPOOL/data/projects/rf1-sra-sharedreward/masks/networkmasks/nan_rPNAS_2mm_net0002.nii.gz
Successfully extracted 10831 sharedreward /ZPOOL/data/projects/rf1-sra-sharedreward/masks/networkmasks/nan_rPNAS_2mm_net0002.nii.gz
Successfully extracted 10827 sharedreward /ZPOOL/data/projects/rf1-sra-sharedreward/masks/networkmasks/nan_rPNAS_2mm_net0009.nii.gz
Successfully extracted 10831 sharedreward /ZPOOL/data/projects/rf1-sra-sharedreward/masks/networkmasks/nan_rPNAS_2mm_net0003.nii.gz
Successfully extracted 10831 sharedreward /ZPOOL/data/projects/rf1-sra-sharedreward/masks/networkmasks/nan_rPNAS_2mm_net0003.nii.gz
Successfully extracted 10831 sharedreward /ZPOOL/data/projects/rf1-sra-sharedreward/masks/networkmasks/nan_rPNAS_2mm_net0004.nii.gz
To view the FEAT progress and final report, point your web browser at /ZPOOL/data/projects/rf1-sra-sharedreward/derivatives/fsl/sub-10827/L1_task-sharedreward_model-1_type-nppi-dmn_run-2_sm-6.feat/report_log.html
Successfully extracted 10831 sharedreward /ZPOOL/data/projects/rf1-sra-sharedreward/masks/networkmasks/nan_rPNAS_2mm_net0004.nii.gz
Successfully extracted 10831 sharedreward /ZPOOL/data/projects/rf1-sra-sharedreward/masks/networkmasks/nan_rPNAS_2mm_net0005.nii.gz
Successfully extracted 10831 sharedreward /ZPOOL/data/projects/rf1-sra-sharedreward/masks/networkmasks/nan_rPNAS_2mm_net0005.nii.gz
Successfully extracted 10831 sharedreward /ZPOOL/data/projects/rf1-sra-sharedreward/masks/networkmasks/nan_rPNAS_2mm_net0006.nii.gz
Successfully extracted 10831 sharedreward /ZPOOL/data/projects/rf1-sra-sharedreward/masks/networkmasks/nan_rPNAS_2mm_net0006.nii.gz
Successfully extracted 10831 sharedreward /ZPOOL/data/projects/rf1-sra-sharedreward/masks/networkmasks/nan_rPNAS_2mm_net0007.nii.gz
Successfully extracted 10831 sharedreward /ZPOOL/data/projects/rf1-sra-sharedreward/masks/networkmasks/nan_rPNAS_2mm_net0007.nii.gz
Successfully extracted 10831 sharedreward /ZPOOL/data/projects/rf1-sra-sharedreward/masks/networkmasks/nan_rPNAS_2mm_net0008.nii.gz
Successfully extracted 10831 sharedreward /ZPOOL/data/projects/rf1-sra-sharedreward/masks/networkmasks/nan_rPNAS_2mm_net0008.nii.gz
Successfully extracted 10831 sharedreward /ZPOOL/data/projects/rf1-sra-sharedreward/masks/networkmasks/nan_rPNAS_2mm_net0009.nii.gz
Successfully extracted 10831 sharedreward /ZPOOL/data/projects/rf1-sra-sharedreward/masks/networkmasks/nan_rPNAS_2mm_net0009.nii.gz
To view the FEAT progress and final report, point your web browser at /ZPOOL/data/projects/rf1-sra-sharedreward/derivatives/fsl/sub-10831/L1_task-sharedreward_model-1_type-nppi-dmn_run-1_sm-6.feat/report_log.html
To view the FEAT progress and final report, point your web browser at /ZPOOL/data/projects/rf1-sra-sharedreward/derivatives/fsl/sub-10831/L1_task-sharedreward_model-1_type-nppi-dmn_run-2_sm-6.feat/report_log.html
complete 10834 1
Successfully extracted 10834 sharedreward /ZPOOL/data/projects/rf1-sra-sharedreward/masks/networkmasks/nan_rPNAS_2mm_net0000.nii.gz
Successfully extracted 10834 sharedreward /ZPOOL/data/projects/rf1-sra-sharedreward/masks/networkmasks/nan_rPNAS_2mm_net0001.nii.gz
Successfully extracted 10834 sharedreward /ZPOOL/data/projects/rf1-sra-sharedreward/masks/networkmasks/nan_rPNAS_2mm_net0002.nii.gz
Successfully extracted 10834 sharedreward /ZPOOL/data/projects/rf1-sra-sharedreward/masks/networkmasks/nan_rPNAS_2mm_net0003.nii.gz
Successfully extracted 10834 sharedreward /ZPOOL/data/projects/rf1-sra-sharedreward/masks/networkmasks/nan_rPNAS_2mm_net0004.nii.gz
Successfully extracted 10834 sharedreward /ZPOOL/data/projects/rf1-sra-sharedreward/masks/networkmasks/nan_rPNAS_2mm_net0005.nii.gz
Successfully extracted 10834 sharedreward /ZPOOL/data/projects/rf1-sra-sharedreward/masks/networkmasks/nan_rPNAS_2mm_net0006.nii.gz
Successfully extracted 10834 sharedreward /ZPOOL/data/projects/rf1-sra-sharedreward/masks/networkmasks/nan_rPNAS_2mm_net0007.nii.gz
Successfully extracted 10834 sharedreward /ZPOOL/data/projects/rf1-sra-sharedreward/masks/networkmasks/nan_rPNAS_2mm_net0008.nii.gz
Successfully extracted 10834 sharedreward /ZPOOL/data/projects/rf1-sra-sharedreward/masks/networkmasks/nan_rPNAS_2mm_net0009.nii.gz
To view the FEAT progress and final report, point your web browser at /ZPOOL/data/projects/rf1-sra-sharedreward/derivatives/fsl/sub-10834/L1_task-sharedreward_model-1_type-nppi-dmn_run-1_sm-6.feat/report_log.html
complete 10834 2
Successfully extracted 10834 sharedreward /ZPOOL/data/projects/rf1-sra-sharedreward/masks/networkmasks/nan_rPNAS_2mm_net0000.nii.gz
Successfully extracted 10834 sharedreward /ZPOOL/data/projects/rf1-sra-sharedreward/masks/networkmasks/nan_rPNAS_2mm_net0001.nii.gz
Successfully extracted 10834 sharedreward /ZPOOL/data/projects/rf1-sra-sharedreward/masks/networkmasks/nan_rPNAS_2mm_net0002.nii.gz
Successfully extracted 10834 sharedreward /ZPOOL/data/projects/rf1-sra-sharedreward/masks/networkmasks/nan_rPNAS_2mm_net0003.nii.gz
complete 10836 1
Successfully extracted 10834 sharedreward /ZPOOL/data/projects/rf1-sra-sharedreward/masks/networkmasks/nan_rPNAS_2mm_net0004.nii.gz
complete 10836 2
complete 10838 1
Successfully extracted 10834 sharedreward /ZPOOL/data/projects/rf1-sra-sharedreward/masks/networkmasks/nan_rPNAS_2mm_net0005.nii.gz
Successfully extracted 10838 sharedreward /ZPOOL/data/projects/rf1-sra-sharedreward/masks/networkmasks/nan_rPNAS_2mm_net0000.nii.gz
complete 10838 2
Successfully extracted 10834 sharedreward /ZPOOL/data/projects/rf1-sra-sharedreward/masks/networkmasks/nan_rPNAS_2mm_net0006.nii.gz
Successfully extracted 10838 sharedreward /ZPOOL/data/projects/rf1-sra-sharedreward/masks/networkmasks/nan_rPNAS_2mm_net0001.nii.gz
Successfully extracted 10838 sharedreward /ZPOOL/data/projects/rf1-sra-sharedreward/masks/networkmasks/nan_rPNAS_2mm_net0000.nii.gz
Successfully extracted 10834 sharedreward /ZPOOL/data/projects/rf1-sra-sharedreward/masks/networkmasks/nan_rPNAS_2mm_net0007.nii.gz
Successfully extracted 10838 sharedreward /ZPOOL/data/projects/rf1-sra-sharedreward/masks/networkmasks/nan_rPNAS_2mm_net0002.nii.gz
complete 10843 1
Successfully extracted 10838 sharedreward /ZPOOL/data/projects/rf1-sra-sharedreward/masks/networkmasks/nan_rPNAS_2mm_net0001.nii.gz
complete 10843 2
Successfully extracted 10834 sharedreward /ZPOOL/data/projects/rf1-sra-sharedreward/masks/networkmasks/nan_rPNAS_2mm_net0008.nii.gz
complete 10850 1
Successfully extracted 10838 sharedreward /ZPOOL/data/projects/rf1-sra-sharedreward/masks/networkmasks/nan_rPNAS_2mm_net0003.nii.gz
Successfully extracted 10838 sharedreward /ZPOOL/data/projects/rf1-sra-sharedreward/masks/networkmasks/nan_rPNAS_2mm_net0002.nii.gz
Successfully extracted 10843 sharedreward /ZPOOL/data/projects/rf1-sra-sharedreward/masks/networkmasks/nan_rPNAS_2mm_net0000.nii.gz
Successfully extracted 10843 sharedreward /ZPOOL/data/projects/rf1-sra-sharedreward/masks/networkmasks/nan_rPNAS_2mm_net0000.nii.gz
Successfully extracted 10834 sharedreward /ZPOOL/data/projects/rf1-sra-sharedreward/masks/networkmasks/nan_rPNAS_2mm_net0009.nii.gz
Successfully extracted 10850 sharedreward /ZPOOL/data/projects/rf1-sra-sharedreward/masks/networkmasks/nan_rPNAS_2mm_net0000.nii.gz
Successfully extracted 10838 sharedreward /ZPOOL/data/projects/rf1-sra-sharedreward/masks/networkmasks/nan_rPNAS_2mm_net0004.nii.gz
Successfully extracted 10838 sharedreward /ZPOOL/data/projects/rf1-sra-sharedreward/masks/networkmasks/nan_rPNAS_2mm_net0003.nii.gz
Successfully extracted 10843 sharedreward /ZPOOL/data/projects/rf1-sra-sharedreward/masks/networkmasks/nan_rPNAS_2mm_net0001.nii.gz
Successfully extracted 10843 sharedreward /ZPOOL/data/projects/rf1-sra-sharedreward/masks/networkmasks/nan_rPNAS_2mm_net0001.nii.gz
Successfully extracted 10850 sharedreward /ZPOOL/data/projects/rf1-sra-sharedreward/masks/networkmasks/nan_rPNAS_2mm_net0001.nii.gz
To view the FEAT progress and final report, point your web browser at /ZPOOL/data/projects/rf1-sra-sharedreward/derivatives/fsl/sub-10834/L1_task-sharedreward_model-1_type-nppi-dmn_run-2_sm-6.feat/report_log.html
Successfully extracted 10838 sharedreward /ZPOOL/data/projects/rf1-sra-sharedreward/masks/networkmasks/nan_rPNAS_2mm_net0005.nii.gz
Successfully extracted 10838 sharedreward /ZPOOL/data/projects/rf1-sra-sharedreward/masks/networkmasks/nan_rPNAS_2mm_net0004.nii.gz
Successfully extracted 10843 sharedreward /ZPOOL/data/projects/rf1-sra-sharedreward/masks/networkmasks/nan_rPNAS_2mm_net0002.nii.gz
Successfully extracted 10843 sharedreward /ZPOOL/data/projects/rf1-sra-sharedreward/masks/networkmasks/nan_rPNAS_2mm_net0002.nii.gz
Successfully extracted 10850 sharedreward /ZPOOL/data/projects/rf1-sra-sharedreward/masks/networkmasks/nan_rPNAS_2mm_net0002.nii.gz
complete 10850 2
Successfully extracted 10838 sharedreward /ZPOOL/data/projects/rf1-sra-sharedreward/masks/networkmasks/nan_rPNAS_2mm_net0006.nii.gz
Successfully extracted 10838 sharedreward /ZPOOL/data/projects/rf1-sra-sharedreward/masks/networkmasks/nan_rPNAS_2mm_net0005.nii.gz
Successfully extracted 10843 sharedreward /ZPOOL/data/projects/rf1-sra-sharedreward/masks/networkmasks/nan_rPNAS_2mm_net0003.nii.gz
Successfully extracted 10843 sharedreward /ZPOOL/data/projects/rf1-sra-sharedreward/masks/networkmasks/nan_rPNAS_2mm_net0003.nii.gz
Successfully extracted 10850 sharedreward /ZPOOL/data/projects/rf1-sra-sharedreward/masks/networkmasks/nan_rPNAS_2mm_net0003.nii.gz
Successfully extracted 10850 sharedreward /ZPOOL/data/projects/rf1-sra-sharedreward/masks/networkmasks/nan_rPNAS_2mm_net0000.nii.gz
Successfully extracted 10838 sharedreward /ZPOOL/data/projects/rf1-sra-sharedreward/masks/networkmasks/nan_rPNAS_2mm_net0007.nii.gz
Successfully extracted 10838 sharedreward /ZPOOL/data/projects/rf1-sra-sharedreward/masks/networkmasks/nan_rPNAS_2mm_net0006.nii.gz
Successfully extracted 10843 sharedreward /ZPOOL/data/projects/rf1-sra-sharedreward/masks/networkmasks/nan_rPNAS_2mm_net0004.nii.gz
Successfully extracted 10843 sharedreward /ZPOOL/data/projects/rf1-sra-sharedreward/masks/networkmasks/nan_rPNAS_2mm_net0004.nii.gz
Successfully extracted 10850 sharedreward /ZPOOL/data/projects/rf1-sra-sharedreward/masks/networkmasks/nan_rPNAS_2mm_net0004.nii.gz
Successfully extracted 10850 sharedreward /ZPOOL/data/projects/rf1-sra-sharedreward/masks/networkmasks/nan_rPNAS_2mm_net0001.nii.gz
Successfully extracted 10838 sharedreward /ZPOOL/data/projects/rf1-sra-sharedreward/masks/networkmasks/nan_rPNAS_2mm_net0008.nii.gz
Successfully extracted 10838 sharedreward /ZPOOL/data/projects/rf1-sra-sharedreward/masks/networkmasks/nan_rPNAS_2mm_net0007.nii.gz
Successfully extracted 10843 sharedreward /ZPOOL/data/projects/rf1-sra-sharedreward/masks/networkmasks/nan_rPNAS_2mm_net0005.nii.gz
Successfully extracted 10843 sharedreward /ZPOOL/data/projects/rf1-sra-sharedreward/masks/networkmasks/nan_rPNAS_2mm_net0005.nii.gz
Successfully extracted 10850 sharedreward /ZPOOL/data/projects/rf1-sra-sharedreward/masks/networkmasks/nan_rPNAS_2mm_net0005.nii.gz
Successfully extracted 10850 sharedreward /ZPOOL/data/projects/rf1-sra-sharedreward/masks/networkmasks/nan_rPNAS_2mm_net0002.nii.gz
Successfully extracted 10838 sharedreward /ZPOOL/data/projects/rf1-sra-sharedreward/masks/networkmasks/nan_rPNAS_2mm_net0009.nii.gz
Successfully extracted 10838 sharedreward /ZPOOL/data/projects/rf1-sra-sharedreward/masks/networkmasks/nan_rPNAS_2mm_net0008.nii.gz
Successfully extracted 10843 sharedreward /ZPOOL/data/projects/rf1-sra-sharedreward/masks/networkmasks/nan_rPNAS_2mm_net0006.nii.gz
Successfully extracted 10843 sharedreward /ZPOOL/data/projects/rf1-sra-sharedreward/masks/networkmasks/nan_rPNAS_2mm_net0006.nii.gz
Successfully extracted 10850 sharedreward /ZPOOL/data/projects/rf1-sra-sharedreward/masks/networkmasks/nan_rPNAS_2mm_net0003.nii.gz
Successfully extracted 10850 sharedreward /ZPOOL/data/projects/rf1-sra-sharedreward/masks/networkmasks/nan_rPNAS_2mm_net0006.nii.gz
To view the FEAT progress and final report, point your web browser at /ZPOOL/data/projects/rf1-sra-sharedreward/derivatives/fsl/sub-10838/L1_task-sharedreward_model-1_type-nppi-dmn_run-1_sm-6.feat/report_log.html
Successfully extracted 10838 sharedreward /ZPOOL/data/projects/rf1-sra-sharedreward/masks/networkmasks/nan_rPNAS_2mm_net0009.nii.gz
Successfully extracted 10843 sharedreward /ZPOOL/data/projects/rf1-sra-sharedreward/masks/networkmasks/nan_rPNAS_2mm_net0007.nii.gz
Successfully extracted 10843 sharedreward /ZPOOL/data/projects/rf1-sra-sharedreward/masks/networkmasks/nan_rPNAS_2mm_net0007.nii.gz
Successfully extracted 10850 sharedreward /ZPOOL/data/projects/rf1-sra-sharedreward/masks/networkmasks/nan_rPNAS_2mm_net0004.nii.gz
Successfully extracted 10850 sharedreward /ZPOOL/data/projects/rf1-sra-sharedreward/masks/networkmasks/nan_rPNAS_2mm_net0007.nii.gz
Successfully extracted 10843 sharedreward /ZPOOL/data/projects/rf1-sra-sharedreward/masks/networkmasks/nan_rPNAS_2mm_net0008.nii.gz
Successfully extracted 10843 sharedreward /ZPOOL/data/projects/rf1-sra-sharedreward/masks/networkmasks/nan_rPNAS_2mm_net0008.nii.gz
To view the FEAT progress and final report, point your web browser at /ZPOOL/data/projects/rf1-sra-sharedreward/derivatives/fsl/sub-10838/L1_task-sharedreward_model-1_type-nppi-dmn_run-2_sm-6.feat/report_log.html
Successfully extracted 10850 sharedreward /ZPOOL/data/projects/rf1-sra-sharedreward/masks/networkmasks/nan_rPNAS_2mm_net0005.nii.gz
Successfully extracted 10850 sharedreward /ZPOOL/data/projects/rf1-sra-sharedreward/masks/networkmasks/nan_rPNAS_2mm_net0008.nii.gz
Successfully extracted 10843 sharedreward /ZPOOL/data/projects/rf1-sra-sharedreward/masks/networkmasks/nan_rPNAS_2mm_net0009.nii.gz
Successfully extracted 10843 sharedreward /ZPOOL/data/projects/rf1-sra-sharedreward/masks/networkmasks/nan_rPNAS_2mm_net0009.nii.gz
Successfully extracted 10850 sharedreward /ZPOOL/data/projects/rf1-sra-sharedreward/masks/networkmasks/nan_rPNAS_2mm_net0006.nii.gz
Successfully extracted 10850 sharedreward /ZPOOL/data/projects/rf1-sra-sharedreward/masks/networkmasks/nan_rPNAS_2mm_net0009.nii.gz
To view the FEAT progress and final report, point your web browser at /ZPOOL/data/projects/rf1-sra-sharedreward/derivatives/fsl/sub-10843/L1_task-sharedreward_model-1_type-nppi-dmn_run-1_sm-6.feat/report_log.html
To view the FEAT progress and final report, point your web browser at /ZPOOL/data/projects/rf1-sra-sharedreward/derivatives/fsl/sub-10843/L1_task-sharedreward_model-1_type-nppi-dmn_run-2_sm-6.feat/report_log.html
Successfully extracted 10850 sharedreward /ZPOOL/data/projects/rf1-sra-sharedreward/masks/networkmasks/nan_rPNAS_2mm_net0007.nii.gz
To view the FEAT progress and final report, point your web browser at /ZPOOL/data/projects/rf1-sra-sharedreward/derivatives/fsl/sub-10850/L1_task-sharedreward_model-1_type-nppi-dmn_run-1_sm-6.feat/report_log.html
Successfully extracted 10850 sharedreward /ZPOOL/data/projects/rf1-sra-sharedreward/masks/networkmasks/nan_rPNAS_2mm_net0008.nii.gz
Successfully extracted 10850 sharedreward /ZPOOL/data/projects/rf1-sra-sharedreward/masks/networkmasks/nan_rPNAS_2mm_net0009.nii.gz
complete 10854 1
To view the FEAT progress and final report, point your web browser at /ZPOOL/data/projects/rf1-sra-sharedreward/derivatives/fsl/sub-10850/L1_task-sharedreward_model-1_type-nppi-dmn_run-2_sm-6.feat/report_log.html
Successfully extracted 10854 sharedreward /ZPOOL/data/projects/rf1-sra-sharedreward/masks/networkmasks/nan_rPNAS_2mm_net0000.nii.gz
Successfully extracted 10854 sharedreward /ZPOOL/data/projects/rf1-sra-sharedreward/masks/networkmasks/nan_rPNAS_2mm_net0001.nii.gz
Successfully extracted 10854 sharedreward /ZPOOL/data/projects/rf1-sra-sharedreward/masks/networkmasks/nan_rPNAS_2mm_net0002.nii.gz
Successfully extracted 10854 sharedreward /ZPOOL/data/projects/rf1-sra-sharedreward/masks/networkmasks/nan_rPNAS_2mm_net0003.nii.gz
Successfully extracted 10854 sharedreward /ZPOOL/data/projects/rf1-sra-sharedreward/masks/networkmasks/nan_rPNAS_2mm_net0004.nii.gz
Successfully extracted 10854 sharedreward /ZPOOL/data/projects/rf1-sra-sharedreward/masks/networkmasks/nan_rPNAS_2mm_net0005.nii.gz
complete 10854 2
Successfully extracted 10854 sharedreward /ZPOOL/data/projects/rf1-sra-sharedreward/masks/networkmasks/nan_rPNAS_2mm_net0006.nii.gz
Successfully extracted 10854 sharedreward /ZPOOL/data/projects/rf1-sra-sharedreward/masks/networkmasks/nan_rPNAS_2mm_net0007.nii.gz
Successfully extracted 10854 sharedreward /ZPOOL/data/projects/rf1-sra-sharedreward/masks/networkmasks/nan_rPNAS_2mm_net0000.nii.gz
Successfully extracted 10854 sharedreward /ZPOOL/data/projects/rf1-sra-sharedreward/masks/networkmasks/nan_rPNAS_2mm_net0008.nii.gz
Successfully extracted 10854 sharedreward /ZPOOL/data/projects/rf1-sra-sharedreward/masks/networkmasks/nan_rPNAS_2mm_net0001.nii.gz
Successfully extracted 10854 sharedreward /ZPOOL/data/projects/rf1-sra-sharedreward/masks/networkmasks/nan_rPNAS_2mm_net0009.nii.gz
Successfully extracted 10854 sharedreward /ZPOOL/data/projects/rf1-sra-sharedreward/masks/networkmasks/nan_rPNAS_2mm_net0002.nii.gz
Successfully extracted 10854 sharedreward /ZPOOL/data/projects/rf1-sra-sharedreward/masks/networkmasks/nan_rPNAS_2mm_net0003.nii.gz
To view the FEAT progress and final report, point your web browser at /ZPOOL/data/projects/rf1-sra-sharedreward/derivatives/fsl/sub-10854/L1_task-sharedreward_model-1_type-nppi-dmn_run-1_sm-6.feat/report_log.html
Successfully extracted 10854 sharedreward /ZPOOL/data/projects/rf1-sra-sharedreward/masks/networkmasks/nan_rPNAS_2mm_net0004.nii.gz
Successfully extracted 10854 sharedreward /ZPOOL/data/projects/rf1-sra-sharedreward/masks/networkmasks/nan_rPNAS_2mm_net0005.nii.gz
Successfully extracted 10854 sharedreward /ZPOOL/data/projects/rf1-sra-sharedreward/masks/networkmasks/nan_rPNAS_2mm_net0006.nii.gz
Successfully extracted 10854 sharedreward /ZPOOL/data/projects/rf1-sra-sharedreward/masks/networkmasks/nan_rPNAS_2mm_net0007.nii.gz
Successfully extracted 10854 sharedreward /ZPOOL/data/projects/rf1-sra-sharedreward/masks/networkmasks/nan_rPNAS_2mm_net0008.nii.gz
Successfully extracted 10854 sharedreward /ZPOOL/data/projects/rf1-sra-sharedreward/masks/networkmasks/nan_rPNAS_2mm_net0009.nii.gz
To view the FEAT progress and final report, point your web browser at /ZPOOL/data/projects/rf1-sra-sharedreward/derivatives/fsl/sub-10854/L1_task-sharedreward_model-1_type-nppi-dmn_run-2_sm-6.feat/report_log.html
complete 10857 1
Successfully extracted 10857 sharedreward /ZPOOL/data/projects/rf1-sra-sharedreward/masks/networkmasks/nan_rPNAS_2mm_net0000.nii.gz
Successfully extracted 10857 sharedreward /ZPOOL/data/projects/rf1-sra-sharedreward/masks/networkmasks/nan_rPNAS_2mm_net0001.nii.gz
Successfully extracted 10857 sharedreward /ZPOOL/data/projects/rf1-sra-sharedreward/masks/networkmasks/nan_rPNAS_2mm_net0002.nii.gz
Successfully extracted 10857 sharedreward /ZPOOL/data/projects/rf1-sra-sharedreward/masks/networkmasks/nan_rPNAS_2mm_net0003.nii.gz
Successfully extracted 10857 sharedreward /ZPOOL/data/projects/rf1-sra-sharedreward/masks/networkmasks/nan_rPNAS_2mm_net0004.nii.gz
Successfully extracted 10857 sharedreward /ZPOOL/data/projects/rf1-sra-sharedreward/masks/networkmasks/nan_rPNAS_2mm_net0005.nii.gz
Successfully extracted 10857 sharedreward /ZPOOL/data/projects/rf1-sra-sharedreward/masks/networkmasks/nan_rPNAS_2mm_net0006.nii.gz
Successfully extracted 10857 sharedreward /ZPOOL/data/projects/rf1-sra-sharedreward/masks/networkmasks/nan_rPNAS_2mm_net0007.nii.gz
Successfully extracted 10857 sharedreward /ZPOOL/data/projects/rf1-sra-sharedreward/masks/networkmasks/nan_rPNAS_2mm_net0008.nii.gz
Successfully extracted 10857 sharedreward /ZPOOL/data/projects/rf1-sra-sharedreward/masks/networkmasks/nan_rPNAS_2mm_net0009.nii.gz
To view the FEAT progress and final report, point your web browser at /ZPOOL/data/projects/rf1-sra-sharedreward/derivatives/fsl/sub-10857/L1_task-sharedreward_model-1_type-nppi-dmn_run-1_sm-6.feat/report_log.html
complete 10857 2
complete 10858 1
cannot run nPPI because you're missing /ZPOOL/data/projects/rf1-sra-sharedreward/derivatives/fsl/sub-10858/L1_task-sharedreward_model-1_type-act_run-1_sm-6.feat/mask
complete 10858 2
Successfully extracted 10857 sharedreward /ZPOOL/data/projects/rf1-sra-sharedreward/masks/networkmasks/nan_rPNAS_2mm_net0000.nii.gz
complete 10860 1
Successfully extracted 10858 sharedreward /ZPOOL/data/projects/rf1-sra-sharedreward/masks/networkmasks/nan_rPNAS_2mm_net0000.nii.gz
Successfully extracted 10857 sharedreward /ZPOOL/data/projects/rf1-sra-sharedreward/masks/networkmasks/nan_rPNAS_2mm_net0001.nii.gz
Successfully extracted 10858 sharedreward /ZPOOL/data/projects/rf1-sra-sharedreward/masks/networkmasks/nan_rPNAS_2mm_net0001.nii.gz
Successfully extracted 10860 sharedreward /ZPOOL/data/projects/rf1-sra-sharedreward/masks/networkmasks/nan_rPNAS_2mm_net0000.nii.gz
Successfully extracted 10857 sharedreward /ZPOOL/data/projects/rf1-sra-sharedreward/masks/networkmasks/nan_rPNAS_2mm_net0002.nii.gz
Successfully extracted 10858 sharedreward /ZPOOL/data/projects/rf1-sra-sharedreward/masks/networkmasks/nan_rPNAS_2mm_net0002.nii.gz
Successfully extracted 10860 sharedreward /ZPOOL/data/projects/rf1-sra-sharedreward/masks/networkmasks/nan_rPNAS_2mm_net0001.nii.gz
Successfully extracted 10857 sharedreward /ZPOOL/data/projects/rf1-sra-sharedreward/masks/networkmasks/nan_rPNAS_2mm_net0003.nii.gz
Successfully extracted 10858 sharedreward /ZPOOL/data/projects/rf1-sra-sharedreward/masks/networkmasks/nan_rPNAS_2mm_net0003.nii.gz
Successfully extracted 10860 sharedreward /ZPOOL/data/projects/rf1-sra-sharedreward/masks/networkmasks/nan_rPNAS_2mm_net0002.nii.gz
complete 10860 2
Successfully extracted 10857 sharedreward /ZPOOL/data/projects/rf1-sra-sharedreward/masks/networkmasks/nan_rPNAS_2mm_net0004.nii.gz
Successfully extracted 10858 sharedreward /ZPOOL/data/projects/rf1-sra-sharedreward/masks/networkmasks/nan_rPNAS_2mm_net0004.nii.gz
Successfully extracted 10860 sharedreward /ZPOOL/data/projects/rf1-sra-sharedreward/masks/networkmasks/nan_rPNAS_2mm_net0003.nii.gz
Successfully extracted 10860 sharedreward /ZPOOL/data/projects/rf1-sra-sharedreward/masks/networkmasks/nan_rPNAS_2mm_net0000.nii.gz
complete 10862 1
Successfully extracted 10857 sharedreward /ZPOOL/data/projects/rf1-sra-sharedreward/masks/networkmasks/nan_rPNAS_2mm_net0005.nii.gz
Successfully extracted 10858 sharedreward /ZPOOL/data/projects/rf1-sra-sharedreward/masks/networkmasks/nan_rPNAS_2mm_net0005.nii.gz
Successfully extracted 10860 sharedreward /ZPOOL/data/projects/rf1-sra-sharedreward/masks/networkmasks/nan_rPNAS_2mm_net0004.nii.gz
Successfully extracted 10860 sharedreward /ZPOOL/data/projects/rf1-sra-sharedreward/masks/networkmasks/nan_rPNAS_2mm_net0001.nii.gz
Successfully extracted 10862 sharedreward /ZPOOL/data/projects/rf1-sra-sharedreward/masks/networkmasks/nan_rPNAS_2mm_net0000.nii.gz
Successfully extracted 10857 sharedreward /ZPOOL/data/projects/rf1-sra-sharedreward/masks/networkmasks/nan_rPNAS_2mm_net0006.nii.gz
Successfully extracted 10858 sharedreward /ZPOOL/data/projects/rf1-sra-sharedreward/masks/networkmasks/nan_rPNAS_2mm_net0006.nii.gz
Successfully extracted 10860 sharedreward /ZPOOL/data/projects/rf1-sra-sharedreward/masks/networkmasks/nan_rPNAS_2mm_net0005.nii.gz
Successfully extracted 10860 sharedreward /ZPOOL/data/projects/rf1-sra-sharedreward/masks/networkmasks/nan_rPNAS_2mm_net0002.nii.gz
Successfully extracted 10862 sharedreward /ZPOOL/data/projects/rf1-sra-sharedreward/masks/networkmasks/nan_rPNAS_2mm_net0001.nii.gz
Successfully extracted 10857 sharedreward /ZPOOL/data/projects/rf1-sra-sharedreward/masks/networkmasks/nan_rPNAS_2mm_net0007.nii.gz
Successfully extracted 10858 sharedreward /ZPOOL/data/projects/rf1-sra-sharedreward/masks/networkmasks/nan_rPNAS_2mm_net0007.nii.gz
Successfully extracted 10860 sharedreward /ZPOOL/data/projects/rf1-sra-sharedreward/masks/networkmasks/nan_rPNAS_2mm_net0006.nii.gz
Successfully extracted 10860 sharedreward /ZPOOL/data/projects/rf1-sra-sharedreward/masks/networkmasks/nan_rPNAS_2mm_net0003.nii.gz
Successfully extracted 10862 sharedreward /ZPOOL/data/projects/rf1-sra-sharedreward/masks/networkmasks/nan_rPNAS_2mm_net0002.nii.gz
Successfully extracted 10857 sharedreward /ZPOOL/data/projects/rf1-sra-sharedreward/masks/networkmasks/nan_rPNAS_2mm_net0008.nii.gz
Successfully extracted 10858 sharedreward /ZPOOL/data/projects/rf1-sra-sharedreward/masks/networkmasks/nan_rPNAS_2mm_net0008.nii.gz
Successfully extracted 10860 sharedreward /ZPOOL/data/projects/rf1-sra-sharedreward/masks/networkmasks/nan_rPNAS_2mm_net0007.nii.gz
complete 10862 2
Successfully extracted 10860 sharedreward /ZPOOL/data/projects/rf1-sra-sharedreward/masks/networkmasks/nan_rPNAS_2mm_net0004.nii.gz
Successfully extracted 10862 sharedreward /ZPOOL/data/projects/rf1-sra-sharedreward/masks/networkmasks/nan_rPNAS_2mm_net0003.nii.gz
Successfully extracted 10857 sharedreward /ZPOOL/data/projects/rf1-sra-sharedreward/masks/networkmasks/nan_rPNAS_2mm_net0009.nii.gz
Successfully extracted 10858 sharedreward /ZPOOL/data/projects/rf1-sra-sharedreward/masks/networkmasks/nan_rPNAS_2mm_net0009.nii.gz
Successfully extracted 10860 sharedreward /ZPOOL/data/projects/rf1-sra-sharedreward/masks/networkmasks/nan_rPNAS_2mm_net0008.nii.gz
Successfully extracted 10860 sharedreward /ZPOOL/data/projects/rf1-sra-sharedreward/masks/networkmasks/nan_rPNAS_2mm_net0005.nii.gz
Successfully extracted 10862 sharedreward /ZPOOL/data/projects/rf1-sra-sharedreward/masks/networkmasks/nan_rPNAS_2mm_net0000.nii.gz
Successfully extracted 10862 sharedreward /ZPOOL/data/projects/rf1-sra-sharedreward/masks/networkmasks/nan_rPNAS_2mm_net0004.nii.gz
To view the FEAT progress and final report, point your web browser at /ZPOOL/data/projects/rf1-sra-sharedreward/derivatives/fsl/sub-10857/L1_task-sharedreward_model-1_type-nppi-dmn_run-2_sm-6.feat/report_log.html
To view the FEAT progress and final report, point your web browser at /ZPOOL/data/projects/rf1-sra-sharedreward/derivatives/fsl/sub-10858/L1_task-sharedreward_model-1_type-nppi-dmn_run-2_sm-6.feat/report_log.html
Successfully extracted 10860 sharedreward /ZPOOL/data/projects/rf1-sra-sharedreward/masks/networkmasks/nan_rPNAS_2mm_net0009.nii.gz
Successfully extracted 10860 sharedreward /ZPOOL/data/projects/rf1-sra-sharedreward/masks/networkmasks/nan_rPNAS_2mm_net0006.nii.gz
Successfully extracted 10862 sharedreward /ZPOOL/data/projects/rf1-sra-sharedreward/masks/networkmasks/nan_rPNAS_2mm_net0001.nii.gz
Successfully extracted 10862 sharedreward /ZPOOL/data/projects/rf1-sra-sharedreward/masks/networkmasks/nan_rPNAS_2mm_net0005.nii.gz
Successfully extracted 10860 sharedreward /ZPOOL/data/projects/rf1-sra-sharedreward/masks/networkmasks/nan_rPNAS_2mm_net0007.nii.gz
To view the FEAT progress and final report, point your web browser at /ZPOOL/data/projects/rf1-sra-sharedreward/derivatives/fsl/sub-10860/L1_task-sharedreward_model-1_type-nppi-dmn_run-1_sm-6.feat/report_log.html
Successfully extracted 10862 sharedreward /ZPOOL/data/projects/rf1-sra-sharedreward/masks/networkmasks/nan_rPNAS_2mm_net0002.nii.gz
Successfully extracted 10862 sharedreward /ZPOOL/data/projects/rf1-sra-sharedreward/masks/networkmasks/nan_rPNAS_2mm_net0006.nii.gz
Successfully extracted 10860 sharedreward /ZPOOL/data/projects/rf1-sra-sharedreward/masks/networkmasks/nan_rPNAS_2mm_net0008.nii.gz
Successfully extracted 10862 sharedreward /ZPOOL/data/projects/rf1-sra-sharedreward/masks/networkmasks/nan_rPNAS_2mm_net0003.nii.gz
Successfully extracted 10862 sharedreward /ZPOOL/data/projects/rf1-sra-sharedreward/masks/networkmasks/nan_rPNAS_2mm_net0007.nii.gz
complete 10863 1
Successfully extracted 10860 sharedreward /ZPOOL/data/projects/rf1-sra-sharedreward/masks/networkmasks/nan_rPNAS_2mm_net0009.nii.gz
Successfully extracted 10862 sharedreward /ZPOOL/data/projects/rf1-sra-sharedreward/masks/networkmasks/nan_rPNAS_2mm_net0004.nii.gz
Successfully extracted 10862 sharedreward /ZPOOL/data/projects/rf1-sra-sharedreward/masks/networkmasks/nan_rPNAS_2mm_net0008.nii.gz
Successfully extracted 10863 sharedreward /ZPOOL/data/projects/rf1-sra-sharedreward/masks/networkmasks/nan_rPNAS_2mm_net0000.nii.gz
Successfully extracted 10862 sharedreward /ZPOOL/data/projects/rf1-sra-sharedreward/masks/networkmasks/nan_rPNAS_2mm_net0005.nii.gz
To view the FEAT progress and final report, point your web browser at /ZPOOL/data/projects/rf1-sra-sharedreward/derivatives/fsl/sub-10860/L1_task-sharedreward_model-1_type-nppi-dmn_run-2_sm-6.feat/report_log.html
Successfully extracted 10862 sharedreward /ZPOOL/data/projects/rf1-sra-sharedreward/masks/networkmasks/nan_rPNAS_2mm_net0009.nii.gz
complete 10863 2
Successfully extracted 10863 sharedreward /ZPOOL/data/projects/rf1-sra-sharedreward/masks/networkmasks/nan_rPNAS_2mm_net0001.nii.gz
Successfully extracted 10862 sharedreward /ZPOOL/data/projects/rf1-sra-sharedreward/masks/networkmasks/nan_rPNAS_2mm_net0006.nii.gz
To view the FEAT progress and final report, point your web browser at /ZPOOL/data/projects/rf1-sra-sharedreward/derivatives/fsl/sub-10862/L1_task-sharedreward_model-1_type-nppi-dmn_run-1_sm-6.feat/report_log.html
Successfully extracted 10863 sharedreward /ZPOOL/data/projects/rf1-sra-sharedreward/masks/networkmasks/nan_rPNAS_2mm_net0002.nii.gz
Successfully extracted 10863 sharedreward /ZPOOL/data/projects/rf1-sra-sharedreward/masks/networkmasks/nan_rPNAS_2mm_net0000.nii.gz
Successfully extracted 10862 sharedreward /ZPOOL/data/projects/rf1-sra-sharedreward/masks/networkmasks/nan_rPNAS_2mm_net0007.nii.gz
Successfully extracted 10863 sharedreward /ZPOOL/data/projects/rf1-sra-sharedreward/masks/networkmasks/nan_rPNAS_2mm_net0001.nii.gz
Successfully extracted 10863 sharedreward /ZPOOL/data/projects/rf1-sra-sharedreward/masks/networkmasks/nan_rPNAS_2mm_net0003.nii.gz
Successfully extracted 10862 sharedreward /ZPOOL/data/projects/rf1-sra-sharedreward/masks/networkmasks/nan_rPNAS_2mm_net0008.nii.gz
Successfully extracted 10863 sharedreward /ZPOOL/data/projects/rf1-sra-sharedreward/masks/networkmasks/nan_rPNAS_2mm_net0004.nii.gz
Successfully extracted 10863 sharedreward /ZPOOL/data/projects/rf1-sra-sharedreward/masks/networkmasks/nan_rPNAS_2mm_net0002.nii.gz
Successfully extracted 10862 sharedreward /ZPOOL/data/projects/rf1-sra-sharedreward/masks/networkmasks/nan_rPNAS_2mm_net0009.nii.gz
Successfully extracted 10863 sharedreward /ZPOOL/data/projects/rf1-sra-sharedreward/masks/networkmasks/nan_rPNAS_2mm_net0003.nii.gz
Successfully extracted 10863 sharedreward /ZPOOL/data/projects/rf1-sra-sharedreward/masks/networkmasks/nan_rPNAS_2mm_net0005.nii.gz
To view the FEAT progress and final report, point your web browser at /ZPOOL/data/projects/rf1-sra-sharedreward/derivatives/fsl/sub-10862/L1_task-sharedreward_model-1_type-nppi-dmn_run-2_sm-6.feat/report_log.html
Successfully extracted 10863 sharedreward /ZPOOL/data/projects/rf1-sra-sharedreward/masks/networkmasks/nan_rPNAS_2mm_net0004.nii.gz
Successfully extracted 10863 sharedreward /ZPOOL/data/projects/rf1-sra-sharedreward/masks/networkmasks/nan_rPNAS_2mm_net0006.nii.gz
Successfully extracted 10863 sharedreward /ZPOOL/data/projects/rf1-sra-sharedreward/masks/networkmasks/nan_rPNAS_2mm_net0005.nii.gz
Successfully extracted 10863 sharedreward /ZPOOL/data/projects/rf1-sra-sharedreward/masks/networkmasks/nan_rPNAS_2mm_net0007.nii.gz
Successfully extracted 10863 sharedreward /ZPOOL/data/projects/rf1-sra-sharedreward/masks/networkmasks/nan_rPNAS_2mm_net0006.nii.gz
Successfully extracted 10863 sharedreward /ZPOOL/data/projects/rf1-sra-sharedreward/masks/networkmasks/nan_rPNAS_2mm_net0008.nii.gz
Successfully extracted 10863 sharedreward /ZPOOL/data/projects/rf1-sra-sharedreward/masks/networkmasks/nan_rPNAS_2mm_net0007.nii.gz
Successfully extracted 10863 sharedreward /ZPOOL/data/projects/rf1-sra-sharedreward/masks/networkmasks/nan_rPNAS_2mm_net0009.nii.gz
Successfully extracted 10863 sharedreward /ZPOOL/data/projects/rf1-sra-sharedreward/masks/networkmasks/nan_rPNAS_2mm_net0008.nii.gz
To view the FEAT progress and final report, point your web browser at /ZPOOL/data/projects/rf1-sra-sharedreward/derivatives/fsl/sub-10863/L1_task-sharedreward_model-1_type-nppi-dmn_run-1_sm-6.feat/report_log.html
Successfully extracted 10863 sharedreward /ZPOOL/data/projects/rf1-sra-sharedreward/masks/networkmasks/nan_rPNAS_2mm_net0009.nii.gz
To view the FEAT progress and final report, point your web browser at /ZPOOL/data/projects/rf1-sra-sharedreward/derivatives/fsl/sub-10863/L1_task-sharedreward_model-1_type-nppi-dmn_run-2_sm-6.feat/report_log.html
complete 10866 1
Successfully extracted 10866 sharedreward /ZPOOL/data/projects/rf1-sra-sharedreward/masks/networkmasks/nan_rPNAS_2mm_net0000.nii.gz
Successfully extracted 10866 sharedreward /ZPOOL/data/projects/rf1-sra-sharedreward/masks/networkmasks/nan_rPNAS_2mm_net0001.nii.gz
Successfully extracted 10866 sharedreward /ZPOOL/data/projects/rf1-sra-sharedreward/masks/networkmasks/nan_rPNAS_2mm_net0002.nii.gz
Successfully extracted 10866 sharedreward /ZPOOL/data/projects/rf1-sra-sharedreward/masks/networkmasks/nan_rPNAS_2mm_net0003.nii.gz
Successfully extracted 10866 sharedreward /ZPOOL/data/projects/rf1-sra-sharedreward/masks/networkmasks/nan_rPNAS_2mm_net0004.nii.gz
Successfully extracted 10866 sharedreward /ZPOOL/data/projects/rf1-sra-sharedreward/masks/networkmasks/nan_rPNAS_2mm_net0005.nii.gz
Successfully extracted 10866 sharedreward /ZPOOL/data/projects/rf1-sra-sharedreward/masks/networkmasks/nan_rPNAS_2mm_net0006.nii.gz
Successfully extracted 10866 sharedreward /ZPOOL/data/projects/rf1-sra-sharedreward/masks/networkmasks/nan_rPNAS_2mm_net0007.nii.gz
Successfully extracted 10866 sharedreward /ZPOOL/data/projects/rf1-sra-sharedreward/masks/networkmasks/nan_rPNAS_2mm_net0008.nii.gz
Successfully extracted 10866 sharedreward /ZPOOL/data/projects/rf1-sra-sharedreward/masks/networkmasks/nan_rPNAS_2mm_net0009.nii.gz
To view the FEAT progress and final report, point your web browser at /ZPOOL/data/projects/rf1-sra-sharedreward/derivatives/fsl/sub-10866/L1_task-sharedreward_model-1_type-nppi-dmn_run-1_sm-6.feat/report_log.html
complete 10866 2
Successfully extracted 10866 sharedreward /ZPOOL/data/projects/rf1-sra-sharedreward/masks/networkmasks/nan_rPNAS_2mm_net0000.nii.gz
Successfully extracted 10866 sharedreward /ZPOOL/data/projects/rf1-sra-sharedreward/masks/networkmasks/nan_rPNAS_2mm_net0001.nii.gz
Successfully extracted 10866 sharedreward /ZPOOL/data/projects/rf1-sra-sharedreward/masks/networkmasks/nan_rPNAS_2mm_net0002.nii.gz
Successfully extracted 10866 sharedreward /ZPOOL/data/projects/rf1-sra-sharedreward/masks/networkmasks/nan_rPNAS_2mm_net0003.nii.gz
Successfully extracted 10866 sharedreward /ZPOOL/data/projects/rf1-sra-sharedreward/masks/networkmasks/nan_rPNAS_2mm_net0004.nii.gz
Successfully extracted 10866 sharedreward /ZPOOL/data/projects/rf1-sra-sharedreward/masks/networkmasks/nan_rPNAS_2mm_net0005.nii.gz
Successfully extracted 10866 sharedreward /ZPOOL/data/projects/rf1-sra-sharedreward/masks/networkmasks/nan_rPNAS_2mm_net0006.nii.gz
Successfully extracted 10866 sharedreward /ZPOOL/data/projects/rf1-sra-sharedreward/masks/networkmasks/nan_rPNAS_2mm_net0007.nii.gz
Successfully extracted 10866 sharedreward /ZPOOL/data/projects/rf1-sra-sharedreward/masks/networkmasks/nan_rPNAS_2mm_net0008.nii.gz
Successfully extracted 10866 sharedreward /ZPOOL/data/projects/rf1-sra-sharedreward/masks/networkmasks/nan_rPNAS_2mm_net0009.nii.gz
To view the FEAT progress and final report, point your web browser at /ZPOOL/data/projects/rf1-sra-sharedreward/derivatives/fsl/sub-10866/L1_task-sharedreward_model-1_type-nppi-dmn_run-2_sm-6.feat/report_log.html
complete 10875 1
Successfully extracted 10875 sharedreward /ZPOOL/data/projects/rf1-sra-sharedreward/masks/networkmasks/nan_rPNAS_2mm_net0000.nii.gz
Successfully extracted 10875 sharedreward /ZPOOL/data/projects/rf1-sra-sharedreward/masks/networkmasks/nan_rPNAS_2mm_net0001.nii.gz
Successfully extracted 10875 sharedreward /ZPOOL/data/projects/rf1-sra-sharedreward/masks/networkmasks/nan_rPNAS_2mm_net0002.nii.gz
complete 10875 2
Successfully extracted 10875 sharedreward /ZPOOL/data/projects/rf1-sra-sharedreward/masks/networkmasks/nan_rPNAS_2mm_net0003.nii.gz
Successfully extracted 10875 sharedreward /ZPOOL/data/projects/rf1-sra-sharedreward/masks/networkmasks/nan_rPNAS_2mm_net0000.nii.gz
Successfully extracted 10875 sharedreward /ZPOOL/data/projects/rf1-sra-sharedreward/masks/networkmasks/nan_rPNAS_2mm_net0004.nii.gz
complete 10881 1
Successfully extracted 10875 sharedreward /ZPOOL/data/projects/rf1-sra-sharedreward/masks/networkmasks/nan_rPNAS_2mm_net0001.nii.gz
Successfully extracted 10875 sharedreward /ZPOOL/data/projects/rf1-sra-sharedreward/masks/networkmasks/nan_rPNAS_2mm_net0005.nii.gz
Successfully extracted 10875 sharedreward /ZPOOL/data/projects/rf1-sra-sharedreward/masks/networkmasks/nan_rPNAS_2mm_net0002.nii.gz
complete 10881 2
Successfully extracted 10881 sharedreward /ZPOOL/data/projects/rf1-sra-sharedreward/masks/networkmasks/nan_rPNAS_2mm_net0000.nii.gz
complete 10887 1
Successfully extracted 10875 sharedreward /ZPOOL/data/projects/rf1-sra-sharedreward/masks/networkmasks/nan_rPNAS_2mm_net0006.nii.gz
Successfully extracted 10875 sharedreward /ZPOOL/data/projects/rf1-sra-sharedreward/masks/networkmasks/nan_rPNAS_2mm_net0003.nii.gz
Successfully extracted 10881 sharedreward /ZPOOL/data/projects/rf1-sra-sharedreward/masks/networkmasks/nan_rPNAS_2mm_net0001.nii.gz
Successfully extracted 10887 sharedreward /ZPOOL/data/projects/rf1-sra-sharedreward/masks/networkmasks/nan_rPNAS_2mm_net0000.nii.gz
Successfully extracted 10875 sharedreward /ZPOOL/data/projects/rf1-sra-sharedreward/masks/networkmasks/nan_rPNAS_2mm_net0007.nii.gz
Successfully extracted 10875 sharedreward /ZPOOL/data/projects/rf1-sra-sharedreward/masks/networkmasks/nan_rPNAS_2mm_net0004.nii.gz
Successfully extracted 10881 sharedreward /ZPOOL/data/projects/rf1-sra-sharedreward/masks/networkmasks/nan_rPNAS_2mm_net0002.nii.gz
Successfully extracted 10887 sharedreward /ZPOOL/data/projects/rf1-sra-sharedreward/masks/networkmasks/nan_rPNAS_2mm_net0001.nii.gz
Successfully extracted 10875 sharedreward /ZPOOL/data/projects/rf1-sra-sharedreward/masks/networkmasks/nan_rPNAS_2mm_net0008.nii.gz
Successfully extracted 10875 sharedreward /ZPOOL/data/projects/rf1-sra-sharedreward/masks/networkmasks/nan_rPNAS_2mm_net0005.nii.gz
Successfully extracted 10881 sharedreward /ZPOOL/data/projects/rf1-sra-sharedreward/masks/networkmasks/nan_rPNAS_2mm_net0003.nii.gz
Successfully extracted 10887 sharedreward /ZPOOL/data/projects/rf1-sra-sharedreward/masks/networkmasks/nan_rPNAS_2mm_net0002.nii.gz
Successfully extracted 10875 sharedreward /ZPOOL/data/projects/rf1-sra-sharedreward/masks/networkmasks/nan_rPNAS_2mm_net0009.nii.gz
Successfully extracted 10875 sharedreward /ZPOOL/data/projects/rf1-sra-sharedreward/masks/networkmasks/nan_rPNAS_2mm_net0006.nii.gz
Successfully extracted 10881 sharedreward /ZPOOL/data/projects/rf1-sra-sharedreward/masks/networkmasks/nan_rPNAS_2mm_net0004.nii.gz
Successfully extracted 10887 sharedreward /ZPOOL/data/projects/rf1-sra-sharedreward/masks/networkmasks/nan_rPNAS_2mm_net0003.nii.gz
Successfully extracted 10875 sharedreward /ZPOOL/data/projects/rf1-sra-sharedreward/masks/networkmasks/nan_rPNAS_2mm_net0007.nii.gz
To view the FEAT progress and final report, point your web browser at /ZPOOL/data/projects/rf1-sra-sharedreward/derivatives/fsl/sub-10875/L1_task-sharedreward_model-1_type-nppi-dmn_run-1_sm-6.feat/report_log.html
Successfully extracted 10881 sharedreward /ZPOOL/data/projects/rf1-sra-sharedreward/masks/networkmasks/nan_rPNAS_2mm_net0005.nii.gz
Successfully extracted 10887 sharedreward /ZPOOL/data/projects/rf1-sra-sharedreward/masks/networkmasks/nan_rPNAS_2mm_net0004.nii.gz
Successfully extracted 10875 sharedreward /ZPOOL/data/projects/rf1-sra-sharedreward/masks/networkmasks/nan_rPNAS_2mm_net0008.nii.gz
Successfully extracted 10881 sharedreward /ZPOOL/data/projects/rf1-sra-sharedreward/masks/networkmasks/nan_rPNAS_2mm_net0006.nii.gz
Successfully extracted 10887 sharedreward /ZPOOL/data/projects/rf1-sra-sharedreward/masks/networkmasks/nan_rPNAS_2mm_net0005.nii.gz
Successfully extracted 10875 sharedreward /ZPOOL/data/projects/rf1-sra-sharedreward/masks/networkmasks/nan_rPNAS_2mm_net0009.nii.gz
complete 10887 2
Successfully extracted 10881 sharedreward /ZPOOL/data/projects/rf1-sra-sharedreward/masks/networkmasks/nan_rPNAS_2mm_net0007.nii.gz
Successfully extracted 10887 sharedreward /ZPOOL/data/projects/rf1-sra-sharedreward/masks/networkmasks/nan_rPNAS_2mm_net0006.nii.gz
To view the FEAT progress and final report, point your web browser at /ZPOOL/data/projects/rf1-sra-sharedreward/derivatives/fsl/sub-10875/L1_task-sharedreward_model-1_type-nppi-dmn_run-2_sm-6.feat/report_log.html
Successfully extracted 10887 sharedreward /ZPOOL/data/projects/rf1-sra-sharedreward/masks/networkmasks/nan_rPNAS_2mm_net0000.nii.gz
Successfully extracted 10881 sharedreward /ZPOOL/data/projects/rf1-sra-sharedreward/masks/networkmasks/nan_rPNAS_2mm_net0008.nii.gz
Successfully extracted 10887 sharedreward /ZPOOL/data/projects/rf1-sra-sharedreward/masks/networkmasks/nan_rPNAS_2mm_net0007.nii.gz
Successfully extracted 10887 sharedreward /ZPOOL/data/projects/rf1-sra-sharedreward/masks/networkmasks/nan_rPNAS_2mm_net0001.nii.gz
Successfully extracted 10881 sharedreward /ZPOOL/data/projects/rf1-sra-sharedreward/masks/networkmasks/nan_rPNAS_2mm_net0009.nii.gz
Successfully extracted 10887 sharedreward /ZPOOL/data/projects/rf1-sra-sharedreward/masks/networkmasks/nan_rPNAS_2mm_net0008.nii.gz
Successfully extracted 10887 sharedreward /ZPOOL/data/projects/rf1-sra-sharedreward/masks/networkmasks/nan_rPNAS_2mm_net0002.nii.gz
complete 10896 1
Successfully extracted 10887 sharedreward /ZPOOL/data/projects/rf1-sra-sharedreward/masks/networkmasks/nan_rPNAS_2mm_net0009.nii.gz
To view the FEAT progress and final report, point your web browser at /ZPOOL/data/projects/rf1-sra-sharedreward/derivatives/fsl/sub-10881/L1_task-sharedreward_model-1_type-nppi-dmn_run-1_sm-6.feat/report_log.html
Successfully extracted 10887 sharedreward /ZPOOL/data/projects/rf1-sra-sharedreward/masks/networkmasks/nan_rPNAS_2mm_net0003.nii.gz
Successfully extracted 10896 sharedreward /ZPOOL/data/projects/rf1-sra-sharedreward/masks/networkmasks/nan_rPNAS_2mm_net0000.nii.gz
To view the FEAT progress and final report, point your web browser at /ZPOOL/data/projects/rf1-sra-sharedreward/derivatives/fsl/sub-10887/L1_task-sharedreward_model-1_type-nppi-dmn_run-1_sm-6.feat/report_log.html
Successfully extracted 10887 sharedreward /ZPOOL/data/projects/rf1-sra-sharedreward/masks/networkmasks/nan_rPNAS_2mm_net0004.nii.gz
Successfully extracted 10896 sharedreward /ZPOOL/data/projects/rf1-sra-sharedreward/masks/networkmasks/nan_rPNAS_2mm_net0001.nii.gz
Successfully extracted 10887 sharedreward /ZPOOL/data/projects/rf1-sra-sharedreward/masks/networkmasks/nan_rPNAS_2mm_net0005.nii.gz
complete 10896 2
Successfully extracted 10896 sharedreward /ZPOOL/data/projects/rf1-sra-sharedreward/masks/networkmasks/nan_rPNAS_2mm_net0002.nii.gz
Successfully extracted 10887 sharedreward /ZPOOL/data/projects/rf1-sra-sharedreward/masks/networkmasks/nan_rPNAS_2mm_net0006.nii.gz
Successfully extracted 10896 sharedreward /ZPOOL/data/projects/rf1-sra-sharedreward/masks/networkmasks/nan_rPNAS_2mm_net0003.nii.gz
Successfully extracted 10896 sharedreward /ZPOOL/data/projects/rf1-sra-sharedreward/masks/networkmasks/nan_rPNAS_2mm_net0000.nii.gz
Successfully extracted 10887 sharedreward /ZPOOL/data/projects/rf1-sra-sharedreward/masks/networkmasks/nan_rPNAS_2mm_net0007.nii.gz
Successfully extracted 10896 sharedreward /ZPOOL/data/projects/rf1-sra-sharedreward/masks/networkmasks/nan_rPNAS_2mm_net0004.nii.gz
complete 10898 1
Successfully extracted 10896 sharedreward /ZPOOL/data/projects/rf1-sra-sharedreward/masks/networkmasks/nan_rPNAS_2mm_net0001.nii.gz
Successfully extracted 10887 sharedreward /ZPOOL/data/projects/rf1-sra-sharedreward/masks/networkmasks/nan_rPNAS_2mm_net0008.nii.gz
Successfully extracted 10896 sharedreward /ZPOOL/data/projects/rf1-sra-sharedreward/masks/networkmasks/nan_rPNAS_2mm_net0005.nii.gz
Successfully extracted 10898 sharedreward /ZPOOL/data/projects/rf1-sra-sharedreward/masks/networkmasks/nan_rPNAS_2mm_net0000.nii.gz
Successfully extracted 10896 sharedreward /ZPOOL/data/projects/rf1-sra-sharedreward/masks/networkmasks/nan_rPNAS_2mm_net0002.nii.gz
Successfully extracted 10887 sharedreward /ZPOOL/data/projects/rf1-sra-sharedreward/masks/networkmasks/nan_rPNAS_2mm_net0009.nii.gz
Successfully extracted 10896 sharedreward /ZPOOL/data/projects/rf1-sra-sharedreward/masks/networkmasks/nan_rPNAS_2mm_net0006.nii.gz
Successfully extracted 10898 sharedreward /ZPOOL/data/projects/rf1-sra-sharedreward/masks/networkmasks/nan_rPNAS_2mm_net0001.nii.gz
Successfully extracted 10896 sharedreward /ZPOOL/data/projects/rf1-sra-sharedreward/masks/networkmasks/nan_rPNAS_2mm_net0003.nii.gz
Successfully extracted 10896 sharedreward /ZPOOL/data/projects/rf1-sra-sharedreward/masks/networkmasks/nan_rPNAS_2mm_net0007.nii.gz
To view the FEAT progress and final report, point your web browser at /ZPOOL/data/projects/rf1-sra-sharedreward/derivatives/fsl/sub-10887/L1_task-sharedreward_model-1_type-nppi-dmn_run-2_sm-6.feat/report_log.html
Successfully extracted 10898 sharedreward /ZPOOL/data/projects/rf1-sra-sharedreward/masks/networkmasks/nan_rPNAS_2mm_net0002.nii.gz
Successfully extracted 10896 sharedreward /ZPOOL/data/projects/rf1-sra-sharedreward/masks/networkmasks/nan_rPNAS_2mm_net0004.nii.gz
Successfully extracted 10896 sharedreward /ZPOOL/data/projects/rf1-sra-sharedreward/masks/networkmasks/nan_rPNAS_2mm_net0008.nii.gz
Successfully extracted 10898 sharedreward /ZPOOL/data/projects/rf1-sra-sharedreward/masks/networkmasks/nan_rPNAS_2mm_net0003.nii.gz
Successfully extracted 10896 sharedreward /ZPOOL/data/projects/rf1-sra-sharedreward/masks/networkmasks/nan_rPNAS_2mm_net0005.nii.gz
Successfully extracted 10896 sharedreward /ZPOOL/data/projects/rf1-sra-sharedreward/masks/networkmasks/nan_rPNAS_2mm_net0009.nii.gz
Successfully extracted 10898 sharedreward /ZPOOL/data/projects/rf1-sra-sharedreward/masks/networkmasks/nan_rPNAS_2mm_net0004.nii.gz
Successfully extracted 10896 sharedreward /ZPOOL/data/projects/rf1-sra-sharedreward/masks/networkmasks/nan_rPNAS_2mm_net0006.nii.gz
complete 10898 2
Successfully extracted 10898 sharedreward /ZPOOL/data/projects/rf1-sra-sharedreward/masks/networkmasks/nan_rPNAS_2mm_net0005.nii.gz
Successfully extracted 10896 sharedreward /ZPOOL/data/projects/rf1-sra-sharedreward/masks/networkmasks/nan_rPNAS_2mm_net0007.nii.gz
To view the FEAT progress and final report, point your web browser at /ZPOOL/data/projects/rf1-sra-sharedreward/derivatives/fsl/sub-10896/L1_task-sharedreward_model-1_type-nppi-dmn_run-1_sm-6.feat/report_log.html
Successfully extracted 10898 sharedreward /ZPOOL/data/projects/rf1-sra-sharedreward/masks/networkmasks/nan_rPNAS_2mm_net0000.nii.gz
Successfully extracted 10896 sharedreward /ZPOOL/data/projects/rf1-sra-sharedreward/masks/networkmasks/nan_rPNAS_2mm_net0008.nii.gz
Successfully extracted 10898 sharedreward /ZPOOL/data/projects/rf1-sra-sharedreward/masks/networkmasks/nan_rPNAS_2mm_net0006.nii.gz
Successfully extracted 10898 sharedreward /ZPOOL/data/projects/rf1-sra-sharedreward/masks/networkmasks/nan_rPNAS_2mm_net0001.nii.gz
Successfully extracted 10896 sharedreward /ZPOOL/data/projects/rf1-sra-sharedreward/masks/networkmasks/nan_rPNAS_2mm_net0009.nii.gz
Successfully extracted 10898 sharedreward /ZPOOL/data/projects/rf1-sra-sharedreward/masks/networkmasks/nan_rPNAS_2mm_net0007.nii.gz
Successfully extracted 10898 sharedreward /ZPOOL/data/projects/rf1-sra-sharedreward/masks/networkmasks/nan_rPNAS_2mm_net0002.nii.gz
Successfully extracted 10898 sharedreward /ZPOOL/data/projects/rf1-sra-sharedreward/masks/networkmasks/nan_rPNAS_2mm_net0008.nii.gz
To view the FEAT progress and final report, point your web browser at /ZPOOL/data/projects/rf1-sra-sharedreward/derivatives/fsl/sub-10896/L1_task-sharedreward_model-1_type-nppi-dmn_run-2_sm-6.feat/report_log.html
Successfully extracted 10898 sharedreward /ZPOOL/data/projects/rf1-sra-sharedreward/masks/networkmasks/nan_rPNAS_2mm_net0003.nii.gz
Successfully extracted 10898 sharedreward /ZPOOL/data/projects/rf1-sra-sharedreward/masks/networkmasks/nan_rPNAS_2mm_net0009.nii.gz
Successfully extracted 10898 sharedreward /ZPOOL/data/projects/rf1-sra-sharedreward/masks/networkmasks/nan_rPNAS_2mm_net0004.nii.gz
To view the FEAT progress and final report, point your web browser at /ZPOOL/data/projects/rf1-sra-sharedreward/derivatives/fsl/sub-10898/L1_task-sharedreward_model-1_type-nppi-dmn_run-1_sm-6.feat/report_log.html
Successfully extracted 10898 sharedreward /ZPOOL/data/projects/rf1-sra-sharedreward/masks/networkmasks/nan_rPNAS_2mm_net0005.nii.gz
Successfully extracted 10898 sharedreward /ZPOOL/data/projects/rf1-sra-sharedreward/masks/networkmasks/nan_rPNAS_2mm_net0006.nii.gz
Successfully extracted 10898 sharedreward /ZPOOL/data/projects/rf1-sra-sharedreward/masks/networkmasks/nan_rPNAS_2mm_net0007.nii.gz
Successfully extracted 10898 sharedreward /ZPOOL/data/projects/rf1-sra-sharedreward/masks/networkmasks/nan_rPNAS_2mm_net0008.nii.gz
Successfully extracted 10898 sharedreward /ZPOOL/data/projects/rf1-sra-sharedreward/masks/networkmasks/nan_rPNAS_2mm_net0009.nii.gz
To view the FEAT progress and final report, point your web browser at /ZPOOL/data/projects/rf1-sra-sharedreward/derivatives/fsl/sub-10898/L1_task-sharedreward_model-1_type-nppi-dmn_run-2_sm-6.feat/report_log.html
complete 10908 1
Successfully extracted 10908 sharedreward /ZPOOL/data/projects/rf1-sra-sharedreward/masks/networkmasks/nan_rPNAS_2mm_net0000.nii.gz
Successfully extracted 10908 sharedreward /ZPOOL/data/projects/rf1-sra-sharedreward/masks/networkmasks/nan_rPNAS_2mm_net0001.nii.gz
Successfully extracted 10908 sharedreward /ZPOOL/data/projects/rf1-sra-sharedreward/masks/networkmasks/nan_rPNAS_2mm_net0002.nii.gz
Successfully extracted 10908 sharedreward /ZPOOL/data/projects/rf1-sra-sharedreward/masks/networkmasks/nan_rPNAS_2mm_net0003.nii.gz
Successfully extracted 10908 sharedreward /ZPOOL/data/projects/rf1-sra-sharedreward/masks/networkmasks/nan_rPNAS_2mm_net0004.nii.gz
Successfully extracted 10908 sharedreward /ZPOOL/data/projects/rf1-sra-sharedreward/masks/networkmasks/nan_rPNAS_2mm_net0005.nii.gz
Successfully extracted 10908 sharedreward /ZPOOL/data/projects/rf1-sra-sharedreward/masks/networkmasks/nan_rPNAS_2mm_net0006.nii.gz
Successfully extracted 10908 sharedreward /ZPOOL/data/projects/rf1-sra-sharedreward/masks/networkmasks/nan_rPNAS_2mm_net0007.nii.gz
Successfully extracted 10908 sharedreward /ZPOOL/data/projects/rf1-sra-sharedreward/masks/networkmasks/nan_rPNAS_2mm_net0008.nii.gz
Successfully extracted 10908 sharedreward /ZPOOL/data/projects/rf1-sra-sharedreward/masks/networkmasks/nan_rPNAS_2mm_net0009.nii.gz
To view the FEAT progress and final report, point your web browser at /ZPOOL/data/projects/rf1-sra-sharedreward/derivatives/fsl/sub-10908/L1_task-sharedreward_model-1_type-nppi-dmn_run-1_sm-6.feat/report_log.html
complete 10908 2
Successfully extracted 10908 sharedreward /ZPOOL/data/projects/rf1-sra-sharedreward/masks/networkmasks/nan_rPNAS_2mm_net0000.nii.gz
complete 10918 1
Successfully extracted 10908 sharedreward /ZPOOL/data/projects/rf1-sra-sharedreward/masks/networkmasks/nan_rPNAS_2mm_net0001.nii.gz
Successfully extracted 10918 sharedreward /ZPOOL/data/projects/rf1-sra-sharedreward/masks/networkmasks/nan_rPNAS_2mm_net0000.nii.gz
Successfully extracted 10908 sharedreward /ZPOOL/data/projects/rf1-sra-sharedreward/masks/networkmasks/nan_rPNAS_2mm_net0002.nii.gz
Successfully extracted 10918 sharedreward /ZPOOL/data/projects/rf1-sra-sharedreward/masks/networkmasks/nan_rPNAS_2mm_net0001.nii.gz
Successfully extracted 10908 sharedreward /ZPOOL/data/projects/rf1-sra-sharedreward/masks/networkmasks/nan_rPNAS_2mm_net0003.nii.gz
Successfully extracted 10918 sharedreward /ZPOOL/data/projects/rf1-sra-sharedreward/masks/networkmasks/nan_rPNAS_2mm_net0002.nii.gz
Successfully extracted 10908 sharedreward /ZPOOL/data/projects/rf1-sra-sharedreward/masks/networkmasks/nan_rPNAS_2mm_net0004.nii.gz
Successfully extracted 10918 sharedreward /ZPOOL/data/projects/rf1-sra-sharedreward/masks/networkmasks/nan_rPNAS_2mm_net0003.nii.gz
Successfully extracted 10908 sharedreward /ZPOOL/data/projects/rf1-sra-sharedreward/masks/networkmasks/nan_rPNAS_2mm_net0005.nii.gz
Successfully extracted 10918 sharedreward /ZPOOL/data/projects/rf1-sra-sharedreward/masks/networkmasks/nan_rPNAS_2mm_net0004.nii.gz
Successfully extracted 10908 sharedreward /ZPOOL/data/projects/rf1-sra-sharedreward/masks/networkmasks/nan_rPNAS_2mm_net0006.nii.gz
Successfully extracted 10918 sharedreward /ZPOOL/data/projects/rf1-sra-sharedreward/masks/networkmasks/nan_rPNAS_2mm_net0005.nii.gz
Successfully extracted 10908 sharedreward /ZPOOL/data/projects/rf1-sra-sharedreward/masks/networkmasks/nan_rPNAS_2mm_net0007.nii.gz
Successfully extracted 10918 sharedreward /ZPOOL/data/projects/rf1-sra-sharedreward/masks/networkmasks/nan_rPNAS_2mm_net0006.nii.gz
Successfully extracted 10908 sharedreward /ZPOOL/data/projects/rf1-sra-sharedreward/masks/networkmasks/nan_rPNAS_2mm_net0008.nii.gz
Successfully extracted 10918 sharedreward /ZPOOL/data/projects/rf1-sra-sharedreward/masks/networkmasks/nan_rPNAS_2mm_net0007.nii.gz
Successfully extracted 10908 sharedreward /ZPOOL/data/projects/rf1-sra-sharedreward/masks/networkmasks/nan_rPNAS_2mm_net0009.nii.gz
Successfully extracted 10918 sharedreward /ZPOOL/data/projects/rf1-sra-sharedreward/masks/networkmasks/nan_rPNAS_2mm_net0008.nii.gz
complete 10918 2
complete 10924 1
To view the FEAT progress and final report, point your web browser at /ZPOOL/data/projects/rf1-sra-sharedreward/derivatives/fsl/sub-10908/L1_task-sharedreward_model-1_type-nppi-dmn_run-2_sm-6.feat/report_log.html
complete 10924 2
complete 10926 1
Successfully extracted 10918 sharedreward /ZPOOL/data/projects/rf1-sra-sharedreward/masks/networkmasks/nan_rPNAS_2mm_net0009.nii.gz
Successfully extracted 10918 sharedreward /ZPOOL/data/projects/rf1-sra-sharedreward/masks/networkmasks/nan_rPNAS_2mm_net0000.nii.gz
Successfully extracted 10926 sharedreward /ZPOOL/data/projects/rf1-sra-sharedreward/masks/networkmasks/nan_rPNAS_2mm_net0000.nii.gz
To view the FEAT progress and final report, point your web browser at /ZPOOL/data/projects/rf1-sra-sharedreward/derivatives/fsl/sub-10918/L1_task-sharedreward_model-1_type-nppi-dmn_run-1_sm-6.feat/report_log.html
Successfully extracted 10918 sharedreward /ZPOOL/data/projects/rf1-sra-sharedreward/masks/networkmasks/nan_rPNAS_2mm_net0001.nii.gz
Successfully extracted 10926 sharedreward /ZPOOL/data/projects/rf1-sra-sharedreward/masks/networkmasks/nan_rPNAS_2mm_net0001.nii.gz
Successfully extracted 10918 sharedreward /ZPOOL/data/projects/rf1-sra-sharedreward/masks/networkmasks/nan_rPNAS_2mm_net0002.nii.gz
Successfully extracted 10926 sharedreward /ZPOOL/data/projects/rf1-sra-sharedreward/masks/networkmasks/nan_rPNAS_2mm_net0002.nii.gz
Successfully extracted 10918 sharedreward /ZPOOL/data/projects/rf1-sra-sharedreward/masks/networkmasks/nan_rPNAS_2mm_net0003.nii.gz
Successfully extracted 10926 sharedreward /ZPOOL/data/projects/rf1-sra-sharedreward/masks/networkmasks/nan_rPNAS_2mm_net0003.nii.gz
Successfully extracted 10918 sharedreward /ZPOOL/data/projects/rf1-sra-sharedreward/masks/networkmasks/nan_rPNAS_2mm_net0004.nii.gz
complete 10926 2
cannot run nPPI because you're missing /ZPOOL/data/projects/rf1-sra-sharedreward/derivatives/fsl/sub-10926/L1_task-sharedreward_model-1_type-act_run-2_sm-6.feat/mask
Successfully extracted 10926 sharedreward /ZPOOL/data/projects/rf1-sra-sharedreward/masks/networkmasks/nan_rPNAS_2mm_net0004.nii.gz
complete 10928 1
Successfully extracted 10918 sharedreward /ZPOOL/data/projects/rf1-sra-sharedreward/masks/networkmasks/nan_rPNAS_2mm_net0005.nii.gz
Successfully extracted 10926 sharedreward /ZPOOL/data/projects/rf1-sra-sharedreward/masks/networkmasks/nan_rPNAS_2mm_net0005.nii.gz
Successfully extracted 10928 sharedreward /ZPOOL/data/projects/rf1-sra-sharedreward/masks/networkmasks/nan_rPNAS_2mm_net0000.nii.gz
complete 10928 2
Successfully extracted 10918 sharedreward /ZPOOL/data/projects/rf1-sra-sharedreward/masks/networkmasks/nan_rPNAS_2mm_net0006.nii.gz
Successfully extracted 10926 sharedreward /ZPOOL/data/projects/rf1-sra-sharedreward/masks/networkmasks/nan_rPNAS_2mm_net0006.nii.gz
Successfully extracted 10928 sharedreward /ZPOOL/data/projects/rf1-sra-sharedreward/masks/networkmasks/nan_rPNAS_2mm_net0001.nii.gz
Successfully extracted 10928 sharedreward /ZPOOL/data/projects/rf1-sra-sharedreward/masks/networkmasks/nan_rPNAS_2mm_net0000.nii.gz
Successfully extracted 10918 sharedreward /ZPOOL/data/projects/rf1-sra-sharedreward/masks/networkmasks/nan_rPNAS_2mm_net0007.nii.gz
Successfully extracted 10926 sharedreward /ZPOOL/data/projects/rf1-sra-sharedreward/masks/networkmasks/nan_rPNAS_2mm_net0007.nii.gz
Successfully extracted 10928 sharedreward /ZPOOL/data/projects/rf1-sra-sharedreward/masks/networkmasks/nan_rPNAS_2mm_net0002.nii.gz
Successfully extracted 10928 sharedreward /ZPOOL/data/projects/rf1-sra-sharedreward/masks/networkmasks/nan_rPNAS_2mm_net0001.nii.gz
Successfully extracted 10918 sharedreward /ZPOOL/data/projects/rf1-sra-sharedreward/masks/networkmasks/nan_rPNAS_2mm_net0008.nii.gz
Successfully extracted 10926 sharedreward /ZPOOL/data/projects/rf1-sra-sharedreward/masks/networkmasks/nan_rPNAS_2mm_net0008.nii.gz
Successfully extracted 10928 sharedreward /ZPOOL/data/projects/rf1-sra-sharedreward/masks/networkmasks/nan_rPNAS_2mm_net0003.nii.gz
Successfully extracted 10928 sharedreward /ZPOOL/data/projects/rf1-sra-sharedreward/masks/networkmasks/nan_rPNAS_2mm_net0002.nii.gz
Successfully extracted 10918 sharedreward /ZPOOL/data/projects/rf1-sra-sharedreward/masks/networkmasks/nan_rPNAS_2mm_net0009.nii.gz
Successfully extracted 10926 sharedreward /ZPOOL/data/projects/rf1-sra-sharedreward/masks/networkmasks/nan_rPNAS_2mm_net0009.nii.gz
complete 10930 1
Successfully extracted 10928 sharedreward /ZPOOL/data/projects/rf1-sra-sharedreward/masks/networkmasks/nan_rPNAS_2mm_net0004.nii.gz
Successfully extracted 10928 sharedreward /ZPOOL/data/projects/rf1-sra-sharedreward/masks/networkmasks/nan_rPNAS_2mm_net0003.nii.gz
To view the FEAT progress and final report, point your web browser at /ZPOOL/data/projects/rf1-sra-sharedreward/derivatives/fsl/sub-10918/L1_task-sharedreward_model-1_type-nppi-dmn_run-2_sm-6.feat/report_log.html
To view the FEAT progress and final report, point your web browser at /ZPOOL/data/projects/rf1-sra-sharedreward/derivatives/fsl/sub-10926/L1_task-sharedreward_model-1_type-nppi-dmn_run-1_sm-6.feat/report_log.html
Successfully extracted 10928 sharedreward /ZPOOL/data/projects/rf1-sra-sharedreward/masks/networkmasks/nan_rPNAS_2mm_net0005.nii.gz
Successfully extracted 10928 sharedreward /ZPOOL/data/projects/rf1-sra-sharedreward/masks/networkmasks/nan_rPNAS_2mm_net0004.nii.gz
Successfully extracted 10930 sharedreward /ZPOOL/data/projects/rf1-sra-sharedreward/masks/networkmasks/nan_rPNAS_2mm_net0000.nii.gz
complete 10930 2
Successfully extracted 10928 sharedreward /ZPOOL/data/projects/rf1-sra-sharedreward/masks/networkmasks/nan_rPNAS_2mm_net0006.nii.gz
Successfully extracted 10930 sharedreward /ZPOOL/data/projects/rf1-sra-sharedreward/masks/networkmasks/nan_rPNAS_2mm_net0001.nii.gz
Successfully extracted 10928 sharedreward /ZPOOL/data/projects/rf1-sra-sharedreward/masks/networkmasks/nan_rPNAS_2mm_net0005.nii.gz
Successfully extracted 10930 sharedreward /ZPOOL/data/projects/rf1-sra-sharedreward/masks/networkmasks/nan_rPNAS_2mm_net0000.nii.gz
Successfully extracted 10928 sharedreward /ZPOOL/data/projects/rf1-sra-sharedreward/masks/networkmasks/nan_rPNAS_2mm_net0007.nii.gz
Successfully extracted 10930 sharedreward /ZPOOL/data/projects/rf1-sra-sharedreward/masks/networkmasks/nan_rPNAS_2mm_net0002.nii.gz
Successfully extracted 10928 sharedreward /ZPOOL/data/projects/rf1-sra-sharedreward/masks/networkmasks/nan_rPNAS_2mm_net0006.nii.gz
Successfully extracted 10930 sharedreward /ZPOOL/data/projects/rf1-sra-sharedreward/masks/networkmasks/nan_rPNAS_2mm_net0001.nii.gz
Successfully extracted 10928 sharedreward /ZPOOL/data/projects/rf1-sra-sharedreward/masks/networkmasks/nan_rPNAS_2mm_net0008.nii.gz
Successfully extracted 10930 sharedreward /ZPOOL/data/projects/rf1-sra-sharedreward/masks/networkmasks/nan_rPNAS_2mm_net0003.nii.gz
Successfully extracted 10928 sharedreward /ZPOOL/data/projects/rf1-sra-sharedreward/masks/networkmasks/nan_rPNAS_2mm_net0007.nii.gz
Successfully extracted 10930 sharedreward /ZPOOL/data/projects/rf1-sra-sharedreward/masks/networkmasks/nan_rPNAS_2mm_net0002.nii.gz
Successfully extracted 10928 sharedreward /ZPOOL/data/projects/rf1-sra-sharedreward/masks/networkmasks/nan_rPNAS_2mm_net0009.nii.gz
Successfully extracted 10930 sharedreward /ZPOOL/data/projects/rf1-sra-sharedreward/masks/networkmasks/nan_rPNAS_2mm_net0004.nii.gz
Successfully extracted 10928 sharedreward /ZPOOL/data/projects/rf1-sra-sharedreward/masks/networkmasks/nan_rPNAS_2mm_net0008.nii.gz
Successfully extracted 10930 sharedreward /ZPOOL/data/projects/rf1-sra-sharedreward/masks/networkmasks/nan_rPNAS_2mm_net0003.nii.gz
Successfully extracted 10930 sharedreward /ZPOOL/data/projects/rf1-sra-sharedreward/masks/networkmasks/nan_rPNAS_2mm_net0005.nii.gz
Successfully extracted 10928 sharedreward /ZPOOL/data/projects/rf1-sra-sharedreward/masks/networkmasks/nan_rPNAS_2mm_net0009.nii.gz
Successfully extracted 10930 sharedreward /ZPOOL/data/projects/rf1-sra-sharedreward/masks/networkmasks/nan_rPNAS_2mm_net0004.nii.gz
To view the FEAT progress and final report, point your web browser at /ZPOOL/data/projects/rf1-sra-sharedreward/derivatives/fsl/sub-10928/L1_task-sharedreward_model-1_type-nppi-dmn_run-1_sm-6.feat/report_log.html
Successfully extracted 10930 sharedreward /ZPOOL/data/projects/rf1-sra-sharedreward/masks/networkmasks/nan_rPNAS_2mm_net0006.nii.gz
complete 10938 1
Successfully extracted 10930 sharedreward /ZPOOL/data/projects/rf1-sra-sharedreward/masks/networkmasks/nan_rPNAS_2mm_net0005.nii.gz
To view the FEAT progress and final report, point your web browser at /ZPOOL/data/projects/rf1-sra-sharedreward/derivatives/fsl/sub-10928/L1_task-sharedreward_model-1_type-nppi-dmn_run-2_sm-6.feat/report_log.html
Successfully extracted 10930 sharedreward /ZPOOL/data/projects/rf1-sra-sharedreward/masks/networkmasks/nan_rPNAS_2mm_net0007.nii.gz
Successfully extracted 10930 sharedreward /ZPOOL/data/projects/rf1-sra-sharedreward/masks/networkmasks/nan_rPNAS_2mm_net0006.nii.gz
Successfully extracted 10938 sharedreward /ZPOOL/data/projects/rf1-sra-sharedreward/masks/networkmasks/nan_rPNAS_2mm_net0000.nii.gz
Successfully extracted 10930 sharedreward /ZPOOL/data/projects/rf1-sra-sharedreward/masks/networkmasks/nan_rPNAS_2mm_net0008.nii.gz
Successfully extracted 10930 sharedreward /ZPOOL/data/projects/rf1-sra-sharedreward/masks/networkmasks/nan_rPNAS_2mm_net0007.nii.gz
Successfully extracted 10938 sharedreward /ZPOOL/data/projects/rf1-sra-sharedreward/masks/networkmasks/nan_rPNAS_2mm_net0001.nii.gz
Successfully extracted 10930 sharedreward /ZPOOL/data/projects/rf1-sra-sharedreward/masks/networkmasks/nan_rPNAS_2mm_net0009.nii.gz
Successfully extracted 10930 sharedreward /ZPOOL/data/projects/rf1-sra-sharedreward/masks/networkmasks/nan_rPNAS_2mm_net0008.nii.gz
Successfully extracted 10938 sharedreward /ZPOOL/data/projects/rf1-sra-sharedreward/masks/networkmasks/nan_rPNAS_2mm_net0002.nii.gz
Successfully extracted 10930 sharedreward /ZPOOL/data/projects/rf1-sra-sharedreward/masks/networkmasks/nan_rPNAS_2mm_net0009.nii.gz
Successfully extracted 10938 sharedreward /ZPOOL/data/projects/rf1-sra-sharedreward/masks/networkmasks/nan_rPNAS_2mm_net0003.nii.gz
To view the FEAT progress and final report, point your web browser at /ZPOOL/data/projects/rf1-sra-sharedreward/derivatives/fsl/sub-10930/L1_task-sharedreward_model-1_type-nppi-dmn_run-1_sm-6.feat/report_log.html
Successfully extracted 10938 sharedreward /ZPOOL/data/projects/rf1-sra-sharedreward/masks/networkmasks/nan_rPNAS_2mm_net0004.nii.gz
To view the FEAT progress and final report, point your web browser at /ZPOOL/data/projects/rf1-sra-sharedreward/derivatives/fsl/sub-10930/L1_task-sharedreward_model-1_type-nppi-dmn_run-2_sm-6.feat/report_log.html
Successfully extracted 10938 sharedreward /ZPOOL/data/projects/rf1-sra-sharedreward/masks/networkmasks/nan_rPNAS_2mm_net0005.nii.gz
Successfully extracted 10938 sharedreward /ZPOOL/data/projects/rf1-sra-sharedreward/masks/networkmasks/nan_rPNAS_2mm_net0006.nii.gz
Successfully extracted 10938 sharedreward /ZPOOL/data/projects/rf1-sra-sharedreward/masks/networkmasks/nan_rPNAS_2mm_net0007.nii.gz
Successfully extracted 10938 sharedreward /ZPOOL/data/projects/rf1-sra-sharedreward/masks/networkmasks/nan_rPNAS_2mm_net0008.nii.gz
Successfully extracted 10938 sharedreward /ZPOOL/data/projects/rf1-sra-sharedreward/masks/networkmasks/nan_rPNAS_2mm_net0009.nii.gz
To view the FEAT progress and final report, point your web browser at /ZPOOL/data/projects/rf1-sra-sharedreward/derivatives/fsl/sub-10938/L1_task-sharedreward_model-1_type-nppi-dmn_run-1_sm-6.feat/report_log.html
complete 10938 2
Successfully extracted 10938 sharedreward /ZPOOL/data/projects/rf1-sra-sharedreward/masks/networkmasks/nan_rPNAS_2mm_net0000.nii.gz
Successfully extracted 10938 sharedreward /ZPOOL/data/projects/rf1-sra-sharedreward/masks/networkmasks/nan_rPNAS_2mm_net0001.nii.gz
Successfully extracted 10938 sharedreward /ZPOOL/data/projects/rf1-sra-sharedreward/masks/networkmasks/nan_rPNAS_2mm_net0002.nii.gz
Successfully extracted 10938 sharedreward /ZPOOL/data/projects/rf1-sra-sharedreward/masks/networkmasks/nan_rPNAS_2mm_net0003.nii.gz
Successfully extracted 10938 sharedreward /ZPOOL/data/projects/rf1-sra-sharedreward/masks/networkmasks/nan_rPNAS_2mm_net0004.nii.gz
Successfully extracted 10938 sharedreward /ZPOOL/data/projects/rf1-sra-sharedreward/masks/networkmasks/nan_rPNAS_2mm_net0005.nii.gz
Successfully extracted 10938 sharedreward /ZPOOL/data/projects/rf1-sra-sharedreward/masks/networkmasks/nan_rPNAS_2mm_net0006.nii.gz
Successfully extracted 10938 sharedreward /ZPOOL/data/projects/rf1-sra-sharedreward/masks/networkmasks/nan_rPNAS_2mm_net0007.nii.gz
Successfully extracted 10938 sharedreward /ZPOOL/data/projects/rf1-sra-sharedreward/masks/networkmasks/nan_rPNAS_2mm_net0008.nii.gz
Successfully extracted 10938 sharedreward /ZPOOL/data/projects/rf1-sra-sharedreward/masks/networkmasks/nan_rPNAS_2mm_net0009.nii.gz
To view the FEAT progress and final report, point your web browser at /ZPOOL/data/projects/rf1-sra-sharedreward/derivatives/fsl/sub-10938/L1_task-sharedreward_model-1_type-nppi-dmn_run-2_sm-6.feat/report_log.html
complete 10940 1
Successfully extracted 10940 sharedreward /ZPOOL/data/projects/rf1-sra-sharedreward/masks/networkmasks/nan_rPNAS_2mm_net0000.nii.gz
Successfully extracted 10940 sharedreward /ZPOOL/data/projects/rf1-sra-sharedreward/masks/networkmasks/nan_rPNAS_2mm_net0001.nii.gz
Successfully extracted 10940 sharedreward /ZPOOL/data/projects/rf1-sra-sharedreward/masks/networkmasks/nan_rPNAS_2mm_net0002.nii.gz
Successfully extracted 10940 sharedreward /ZPOOL/data/projects/rf1-sra-sharedreward/masks/networkmasks/nan_rPNAS_2mm_net0003.nii.gz
Successfully extracted 10940 sharedreward /ZPOOL/data/projects/rf1-sra-sharedreward/masks/networkmasks/nan_rPNAS_2mm_net0004.nii.gz
Successfully extracted 10940 sharedreward /ZPOOL/data/projects/rf1-sra-sharedreward/masks/networkmasks/nan_rPNAS_2mm_net0005.nii.gz
Successfully extracted 10940 sharedreward /ZPOOL/data/projects/rf1-sra-sharedreward/masks/networkmasks/nan_rPNAS_2mm_net0006.nii.gz
Successfully extracted 10940 sharedreward /ZPOOL/data/projects/rf1-sra-sharedreward/masks/networkmasks/nan_rPNAS_2mm_net0007.nii.gz
Successfully extracted 10940 sharedreward /ZPOOL/data/projects/rf1-sra-sharedreward/masks/networkmasks/nan_rPNAS_2mm_net0008.nii.gz
Successfully extracted 10940 sharedreward /ZPOOL/data/projects/rf1-sra-sharedreward/masks/networkmasks/nan_rPNAS_2mm_net0009.nii.gz
To view the FEAT progress and final report, point your web browser at /ZPOOL/data/projects/rf1-sra-sharedreward/derivatives/fsl/sub-10940/L1_task-sharedreward_model-1_type-nppi-dmn_run-1_sm-6.feat/report_log.html
complete 10940 2
Successfully extracted 10940 sharedreward /ZPOOL/data/projects/rf1-sra-sharedreward/masks/networkmasks/nan_rPNAS_2mm_net0000.nii.gz
Successfully extracted 10940 sharedreward /ZPOOL/data/projects/rf1-sra-sharedreward/masks/networkmasks/nan_rPNAS_2mm_net0001.nii.gz
complete 10952 1
Successfully extracted 10940 sharedreward /ZPOOL/data/projects/rf1-sra-sharedreward/masks/networkmasks/nan_rPNAS_2mm_net0002.nii.gz
Successfully extracted 10940 sharedreward /ZPOOL/data/projects/rf1-sra-sharedreward/masks/networkmasks/nan_rPNAS_2mm_net0003.nii.gz
Successfully extracted 10952 sharedreward /ZPOOL/data/projects/rf1-sra-sharedreward/masks/networkmasks/nan_rPNAS_2mm_net0000.nii.gz
complete 10952 2
Successfully extracted 10940 sharedreward /ZPOOL/data/projects/rf1-sra-sharedreward/masks/networkmasks/nan_rPNAS_2mm_net0004.nii.gz
Successfully extracted 10952 sharedreward /ZPOOL/data/projects/rf1-sra-sharedreward/masks/networkmasks/nan_rPNAS_2mm_net0001.nii.gz
complete 10958 1
complete 10958 2
Successfully extracted 10940 sharedreward /ZPOOL/data/projects/rf1-sra-sharedreward/masks/networkmasks/nan_rPNAS_2mm_net0005.nii.gz
Successfully extracted 10952 sharedreward /ZPOOL/data/projects/rf1-sra-sharedreward/masks/networkmasks/nan_rPNAS_2mm_net0002.nii.gz
Successfully extracted 10952 sharedreward /ZPOOL/data/projects/rf1-sra-sharedreward/masks/networkmasks/nan_rPNAS_2mm_net0000.nii.gz
Successfully extracted 10958 sharedreward /ZPOOL/data/projects/rf1-sra-sharedreward/masks/networkmasks/nan_rPNAS_2mm_net0000.nii.gz
Successfully extracted 10958 sharedreward /ZPOOL/data/projects/rf1-sra-sharedreward/masks/networkmasks/nan_rPNAS_2mm_net0000.nii.gz
Successfully extracted 10952 sharedreward /ZPOOL/data/projects/rf1-sra-sharedreward/masks/networkmasks/nan_rPNAS_2mm_net0003.nii.gz
Successfully extracted 10940 sharedreward /ZPOOL/data/projects/rf1-sra-sharedreward/masks/networkmasks/nan_rPNAS_2mm_net0006.nii.gz
Successfully extracted 10952 sharedreward /ZPOOL/data/projects/rf1-sra-sharedreward/masks/networkmasks/nan_rPNAS_2mm_net0001.nii.gz
Successfully extracted 10958 sharedreward /ZPOOL/data/projects/rf1-sra-sharedreward/masks/networkmasks/nan_rPNAS_2mm_net0001.nii.gz
Successfully extracted 10958 sharedreward /ZPOOL/data/projects/rf1-sra-sharedreward/masks/networkmasks/nan_rPNAS_2mm_net0001.nii.gz
Successfully extracted 10952 sharedreward /ZPOOL/data/projects/rf1-sra-sharedreward/masks/networkmasks/nan_rPNAS_2mm_net0004.nii.gz
Successfully extracted 10940 sharedreward /ZPOOL/data/projects/rf1-sra-sharedreward/masks/networkmasks/nan_rPNAS_2mm_net0007.nii.gz
Successfully extracted 10952 sharedreward /ZPOOL/data/projects/rf1-sra-sharedreward/masks/networkmasks/nan_rPNAS_2mm_net0002.nii.gz
Successfully extracted 10958 sharedreward /ZPOOL/data/projects/rf1-sra-sharedreward/masks/networkmasks/nan_rPNAS_2mm_net0002.nii.gz
Successfully extracted 10958 sharedreward /ZPOOL/data/projects/rf1-sra-sharedreward/masks/networkmasks/nan_rPNAS_2mm_net0002.nii.gz
Successfully extracted 10952 sharedreward /ZPOOL/data/projects/rf1-sra-sharedreward/masks/networkmasks/nan_rPNAS_2mm_net0005.nii.gz
Successfully extracted 10940 sharedreward /ZPOOL/data/projects/rf1-sra-sharedreward/masks/networkmasks/nan_rPNAS_2mm_net0008.nii.gz
Successfully extracted 10952 sharedreward /ZPOOL/data/projects/rf1-sra-sharedreward/masks/networkmasks/nan_rPNAS_2mm_net0003.nii.gz
Successfully extracted 10958 sharedreward /ZPOOL/data/projects/rf1-sra-sharedreward/masks/networkmasks/nan_rPNAS_2mm_net0003.nii.gz
Successfully extracted 10958 sharedreward /ZPOOL/data/projects/rf1-sra-sharedreward/masks/networkmasks/nan_rPNAS_2mm_net0003.nii.gz
Successfully extracted 10952 sharedreward /ZPOOL/data/projects/rf1-sra-sharedreward/masks/networkmasks/nan_rPNAS_2mm_net0006.nii.gz
Successfully extracted 10940 sharedreward /ZPOOL/data/projects/rf1-sra-sharedreward/masks/networkmasks/nan_rPNAS_2mm_net0009.nii.gz
Successfully extracted 10952 sharedreward /ZPOOL/data/projects/rf1-sra-sharedreward/masks/networkmasks/nan_rPNAS_2mm_net0004.nii.gz
Successfully extracted 10958 sharedreward /ZPOOL/data/projects/rf1-sra-sharedreward/masks/networkmasks/nan_rPNAS_2mm_net0004.nii.gz
Successfully extracted 10958 sharedreward /ZPOOL/data/projects/rf1-sra-sharedreward/masks/networkmasks/nan_rPNAS_2mm_net0004.nii.gz
Successfully extracted 10952 sharedreward /ZPOOL/data/projects/rf1-sra-sharedreward/masks/networkmasks/nan_rPNAS_2mm_net0007.nii.gz
Successfully extracted 10952 sharedreward /ZPOOL/data/projects/rf1-sra-sharedreward/masks/networkmasks/nan_rPNAS_2mm_net0005.nii.gz
To view the FEAT progress and final report, point your web browser at /ZPOOL/data/projects/rf1-sra-sharedreward/derivatives/fsl/sub-10940/L1_task-sharedreward_model-1_type-nppi-dmn_run-2_sm-6.feat/report_log.html
Successfully extracted 10958 sharedreward /ZPOOL/data/projects/rf1-sra-sharedreward/masks/networkmasks/nan_rPNAS_2mm_net0005.nii.gz
Successfully extracted 10958 sharedreward /ZPOOL/data/projects/rf1-sra-sharedreward/masks/networkmasks/nan_rPNAS_2mm_net0005.nii.gz
Successfully extracted 10952 sharedreward /ZPOOL/data/projects/rf1-sra-sharedreward/masks/networkmasks/nan_rPNAS_2mm_net0008.nii.gz
Successfully extracted 10952 sharedreward /ZPOOL/data/projects/rf1-sra-sharedreward/masks/networkmasks/nan_rPNAS_2mm_net0006.nii.gz
Successfully extracted 10958 sharedreward /ZPOOL/data/projects/rf1-sra-sharedreward/masks/networkmasks/nan_rPNAS_2mm_net0006.nii.gz
Successfully extracted 10958 sharedreward /ZPOOL/data/projects/rf1-sra-sharedreward/masks/networkmasks/nan_rPNAS_2mm_net0006.nii.gz
Successfully extracted 10952 sharedreward /ZPOOL/data/projects/rf1-sra-sharedreward/masks/networkmasks/nan_rPNAS_2mm_net0009.nii.gz
Successfully extracted 10952 sharedreward /ZPOOL/data/projects/rf1-sra-sharedreward/masks/networkmasks/nan_rPNAS_2mm_net0007.nii.gz
Successfully extracted 10958 sharedreward /ZPOOL/data/projects/rf1-sra-sharedreward/masks/networkmasks/nan_rPNAS_2mm_net0007.nii.gz
complete 10977 1
Successfully extracted 10958 sharedreward /ZPOOL/data/projects/rf1-sra-sharedreward/masks/networkmasks/nan_rPNAS_2mm_net0007.nii.gz
Successfully extracted 10952 sharedreward /ZPOOL/data/projects/rf1-sra-sharedreward/masks/networkmasks/nan_rPNAS_2mm_net0008.nii.gz
To view the FEAT progress and final report, point your web browser at /ZPOOL/data/projects/rf1-sra-sharedreward/derivatives/fsl/sub-10952/L1_task-sharedreward_model-1_type-nppi-dmn_run-1_sm-6.feat/report_log.html
Successfully extracted 10958 sharedreward /ZPOOL/data/projects/rf1-sra-sharedreward/masks/networkmasks/nan_rPNAS_2mm_net0008.nii.gz
Successfully extracted 10958 sharedreward /ZPOOL/data/projects/rf1-sra-sharedreward/masks/networkmasks/nan_rPNAS_2mm_net0008.nii.gz
Successfully extracted 10977 sharedreward /ZPOOL/data/projects/rf1-sra-sharedreward/masks/networkmasks/nan_rPNAS_2mm_net0000.nii.gz
complete 10977 2
Successfully extracted 10952 sharedreward /ZPOOL/data/projects/rf1-sra-sharedreward/masks/networkmasks/nan_rPNAS_2mm_net0009.nii.gz
Successfully extracted 10958 sharedreward /ZPOOL/data/projects/rf1-sra-sharedreward/masks/networkmasks/nan_rPNAS_2mm_net0009.nii.gz
Successfully extracted 10977 sharedreward /ZPOOL/data/projects/rf1-sra-sharedreward/masks/networkmasks/nan_rPNAS_2mm_net0001.nii.gz
Successfully extracted 10958 sharedreward /ZPOOL/data/projects/rf1-sra-sharedreward/masks/networkmasks/nan_rPNAS_2mm_net0009.nii.gz
Successfully extracted 10977 sharedreward /ZPOOL/data/projects/rf1-sra-sharedreward/masks/networkmasks/nan_rPNAS_2mm_net0000.nii.gz
To view the FEAT progress and final report, point your web browser at /ZPOOL/data/projects/rf1-sra-sharedreward/derivatives/fsl/sub-10952/L1_task-sharedreward_model-1_type-nppi-dmn_run-2_sm-6.feat/report_log.html
To view the FEAT progress and final report, point your web browser at /ZPOOL/data/projects/rf1-sra-sharedreward/derivatives/fsl/sub-10958/L1_task-sharedreward_model-1_type-nppi-dmn_run-1_sm-6.feat/report_log.html
Successfully extracted 10977 sharedreward /ZPOOL/data/projects/rf1-sra-sharedreward/masks/networkmasks/nan_rPNAS_2mm_net0002.nii.gz
Successfully extracted 10977 sharedreward /ZPOOL/data/projects/rf1-sra-sharedreward/masks/networkmasks/nan_rPNAS_2mm_net0001.nii.gz
To view the FEAT progress and final report, point your web browser at /ZPOOL/data/projects/rf1-sra-sharedreward/derivatives/fsl/sub-10958/L1_task-sharedreward_model-1_type-nppi-dmn_run-2_sm-6.feat/report_log.html
Successfully extracted 10977 sharedreward /ZPOOL/data/projects/rf1-sra-sharedreward/masks/networkmasks/nan_rPNAS_2mm_net0003.nii.gz
Successfully extracted 10977 sharedreward /ZPOOL/data/projects/rf1-sra-sharedreward/masks/networkmasks/nan_rPNAS_2mm_net0002.nii.gz
Successfully extracted 10977 sharedreward /ZPOOL/data/projects/rf1-sra-sharedreward/masks/networkmasks/nan_rPNAS_2mm_net0004.nii.gz
Successfully extracted 10977 sharedreward /ZPOOL/data/projects/rf1-sra-sharedreward/masks/networkmasks/nan_rPNAS_2mm_net0003.nii.gz
Successfully extracted 10977 sharedreward /ZPOOL/data/projects/rf1-sra-sharedreward/masks/networkmasks/nan_rPNAS_2mm_net0005.nii.gz
Successfully extracted 10977 sharedreward /ZPOOL/data/projects/rf1-sra-sharedreward/masks/networkmasks/nan_rPNAS_2mm_net0004.nii.gz
Successfully extracted 10977 sharedreward /ZPOOL/data/projects/rf1-sra-sharedreward/masks/networkmasks/nan_rPNAS_2mm_net0006.nii.gz
Successfully extracted 10977 sharedreward /ZPOOL/data/projects/rf1-sra-sharedreward/masks/networkmasks/nan_rPNAS_2mm_net0005.nii.gz
Successfully extracted 10977 sharedreward /ZPOOL/data/projects/rf1-sra-sharedreward/masks/networkmasks/nan_rPNAS_2mm_net0007.nii.gz
Successfully extracted 10977 sharedreward /ZPOOL/data/projects/rf1-sra-sharedreward/masks/networkmasks/nan_rPNAS_2mm_net0006.nii.gz
Successfully extracted 10977 sharedreward /ZPOOL/data/projects/rf1-sra-sharedreward/masks/networkmasks/nan_rPNAS_2mm_net0008.nii.gz
Successfully extracted 10977 sharedreward /ZPOOL/data/projects/rf1-sra-sharedreward/masks/networkmasks/nan_rPNAS_2mm_net0007.nii.gz
Successfully extracted 10977 sharedreward /ZPOOL/data/projects/rf1-sra-sharedreward/masks/networkmasks/nan_rPNAS_2mm_net0009.nii.gz
Successfully extracted 10977 sharedreward /ZPOOL/data/projects/rf1-sra-sharedreward/masks/networkmasks/nan_rPNAS_2mm_net0008.nii.gz
Successfully extracted 10977 sharedreward /ZPOOL/data/projects/rf1-sra-sharedreward/masks/networkmasks/nan_rPNAS_2mm_net0009.nii.gz
To view the FEAT progress and final report, point your web browser at /ZPOOL/data/projects/rf1-sra-sharedreward/derivatives/fsl/sub-10977/L1_task-sharedreward_model-1_type-nppi-dmn_run-1_sm-6.feat/report_log.html
To view the FEAT progress and final report, point your web browser at /ZPOOL/data/projects/rf1-sra-sharedreward/derivatives/fsl/sub-10977/L1_task-sharedreward_model-1_type-nppi-dmn_run-2_sm-6.feat/report_log.html
