/NumWaves	34
/NumPoints	237
/PPheights		1.050135e+00	1.118712e+00	1.054884e+00	1.106621e+00	1.045667e+00	1.107386e+00	9.303653e-01	8.409114e-01	1.027027e+00	0.000000e+00	5.126110e-01	3.470725e-01	3.804039e-01	2.622209e-01	3.938722e-01	3.097117e-01	1.837220e-01	1.837180e-01	1.836898e-01	1.837180e-01	1.837220e-01	9.939930e-02	1.843880e-01	1.409663e-01	4.477550e-03	2.496477e-03	4.368500e-03	2.839709e-01	3.232040e-01	4.079429e-01	3.898856e-01	3.430593e-01	4.073547e-01	2.802896e-01

/Matrix
-9.716609e-02	-1.009595e-01	-9.692511e-02	-9.934541e-02	-9.475241e-02	-9.885411e-02	-2.218072e-02	-2.037270e-02	-2.423349e-02	0.000000e+00	-8.172390e-02	9.177107e-05	-4.773853e-02	-2.728868e-09	-4.195222e-02	2.018757e-06	9.186102e-02	9.185497e-02	9.184488e-02	9.183076e-02	9.181260e-02	2.801162e-02	-4.478484e-02	-1.202094e-03	-6.952105e-04	8.280022e-04	-1.989196e-03	1.076868e-01	1.641760e-01	2.328364e-01	6.908680e-02	1.016079e-01	-2.386990e-01	-1.323641e-01	
-9.716609e-02	-1.009596e-01	-9.692512e-02	-9.934541e-02	-9.475242e-02	-9.885412e-02	-2.218072e-02	-2.037270e-02	-2.423349e-02	0.000000e+00	-8.172391e-02	9.177324e-05	-4.773853e-02	1.640538e-06	-4.195222e-02	2.019872e-06	9.184488e-02	9.179042e-02	9.169966e-02	9.157265e-02	9.140944e-02	2.801162e-02	-6.582441e-03	9.453206e-03	-1.114901e-03	8.280022e-04	-1.989196e-03	8.300264e-02	-5.996421e-02	2.140607e-01	1.386262e-02	3.526552e-02	-5.957412e-02	-6.252192e-02	
-9.716609e-02	-1.009596e-01	-9.692512e-02	-9.934542e-02	-9.475242e-02	-9.885084e-02	-2.218072e-02	-2.037270e-02	-2.423349e-02	0.000000e+00	-8.172391e-02	9.177446e-05	-4.773524e-02	1.286908e-02	-4.195222e-02	2.020497e-06	9.181260e-02	9.166135e-02	9.140944e-02	9.105715e-02	9.060487e-02	2.801162e-02	-5.501834e-02	-1.628859e-02	-7.242105e-04	8.280022e-04	-1.989196e-03	-9.402439e-02	3.153705e-02	1.026457e-01	4.728096e-02	-2.854330e-02	-1.114434e-01	-3.865192e-02	
-9.716610e-02	-1.009596e-01	-9.692512e-02	-9.934542e-02	-9.475242e-02	-7.307948e-02	-2.218072e-02	-2.037270e-02	-2.423349e-02	0.000000e+00	-8.172391e-02	9.177465e-05	-2.200036e-02	9.856491e-02	-4.195222e-02	2.020595e-06	9.176419e-02	9.146786e-02	9.097468e-02	9.028571e-02	8.940244e-02	2.801162e-02	1.227886e-02	4.170651e-02	-5.046555e-04	8.280022e-04	-1.989196e-03	2.270806e-02	5.650299e-02	1.105593e-02	-1.128472e-01	-8.265293e-02	6.251637e-02	3.905933e-03	
-9.716610e-02	-1.009596e-01	-9.692512e-02	-9.934542e-02	-9.475242e-02	1.358419e-01	-2.218072e-02	-2.037270e-02	-2.423349e-02	0.000000e+00	-8.172391e-02	9.177579e-05	1.493946e-01	1.465368e-01	-4.195222e-02	2.021183e-06	9.169966e-02	9.121009e-02	9.039607e-02	8.926050e-02	8.780742e-02	2.801162e-02	-4.890464e-02	4.107811e-02	-6.074575e-04	8.280022e-04	-1.989196e-03	4.718240e-02	-3.616305e-02	-5.823600e-02	-5.199090e-02	2.186888e-03	1.016659e-01	-6.541212e-02	
-9.716610e-02	-1.009596e-01	-9.692512e-02	-9.934542e-02	-9.475242e-02	4.918757e-01	-2.218072e-02	-2.037270e-02	-2.423349e-02	0.000000e+00	-8.172391e-02	9.177579e-05	2.710733e-01	3.237319e-02	-4.195222e-02	2.885008e-03	9.161901e-02	9.088821e-02	8.967453e-02	8.798441e-02	8.582683e-02	2.801161e-02	-2.386924e-02	1.261406e-03	-1.220871e-03	8.280022e-04	-1.989196e-03	2.151876e-02	-4.717809e-02	-9.931118e-02	1.167411e-02	-1.405715e-01	-4.214699e-02	-3.684136e-02	
-9.139684e-02	-1.009596e-01	-9.692512e-02	-9.934542e-02	-9.475242e-02	7.563439e-01	-2.218072e-02	-2.037270e-02	-2.423349e-02	0.000000e+00	-8.172391e-02	9.177579e-05	2.141410e-01	-8.633781e-02	-3.618625e-02	5.555649e-02	9.152226e-02	9.050246e-02	8.881119e-02	8.646101e-02	8.346935e-02	2.801162e-02	-1.326104e-02	3.177071e-02	-1.004011e-03	8.280022e-04	-1.989196e-03	-9.694958e-02	-6.934847e-02	4.325590e-02	2.312841e-02	8.931018e-03	1.239133e-01	-8.040362e-02	
3.971762e-02	-1.009596e-01	-9.692512e-02	-9.934542e-02	-9.475242e-02	6.943409e-01	-2.218072e-02	-2.037270e-02	-2.423349e-02	0.000000e+00	-8.172391e-02	9.177579e-05	9.839764e-02	-1.025010e-01	6.915685e-02	1.127891e-01	9.140944e-02	9.005310e-02	8.780742e-02	8.469459e-02	8.074534e-02	2.801161e-02	-4.224484e-02	5.245406e-03	-6.382155e-04	8.280022e-04	-1.989196e-03	7.409302e-02	9.935154e-02	-3.420802e-02	4.867433e-03	7.084161e-02	-7.752383e-02	-5.856527e-02	
3.688725e-01	-1.009596e-01	-9.692512e-02	-9.934542e-02	-9.475242e-02	4.045617e-01	-2.218072e-02	-2.037270e-02	-2.423349e-02	0.000000e+00	-8.172391e-02	9.177579e-05	9.138957e-03	-7.051643e-02	1.893904e-01	5.067341e-02	9.128055e-02	8.954045e-02	8.666482e-02	8.269012e-02	7.766675e-02	2.801162e-02	5.034286e-02	3.174211e-02	-8.950005e-04	8.280022e-04	-1.989196e-03	1.031479e-01	-4.822702e-02	8.838330e-02	1.935627e-02	-1.034422e-01	5.945802e-02	-4.404678e-04	
7.055842e-01	-1.009596e-01	-9.692512e-02	-9.934542e-02	-9.475242e-02	1.248722e-01	-2.218072e-02	-2.037270e-02	-2.423349e-02	0.000000e+00	-8.172391e-02	9.185948e-05	-4.263522e-02	-3.850652e-02	1.705050e-01	-5.208889e-02	9.113562e-02	8.896487e-02	8.538517e-02	8.045322e-02	7.424712e-02	2.801163e-02	-1.992084e-02	1.275161e-02	-9.283505e-04	8.280022e-04	-1.989196e-03	-6.469027e-02	-4.479767e-02	2.018436e-03	4.675080e-02	2.394846e-02	-6.176815e-03	-4.144242e-02	
8.571274e-01	-1.009596e-01	-9.692512e-02	-9.934542e-02	-9.475242e-02	-5.506498e-02	-2.218072e-02	-2.037253e-02	-2.423349e-02	0.000000e+00	-8.172374e-02	9.454829e-03	-6.787409e-02	-1.678174e-02	8.521352e-02	-7.910937e-02	9.097468e-02	8.832677e-02	8.397052e-02	7.799019e-02	7.050146e-02	2.801162e-02	-3.222034e-02	1.168606e-03	-5.121635e-04	8.280022e-04	-1.989196e-03	2.894946e-02	4.035565e-02	-1.175967e-01	-6.498665e-02	-5.235025e-04	5.782121e-02	-8.767227e-02	
6.811242e-01	-1.009596e-01	-9.692512e-02	-9.934542e-02	-9.475242e-02	-1.471433e-01	-2.218072e-02	-1.588848e-03	-2.423349e-02	0.000000e+00	-6.299780e-02	8.365382e-02	-7.619871e-02	-3.315626e-03	1.228520e-02	-5.848174e-02	9.079775e-02	8.762658e-02	8.242309e-02	7.530796e-02	6.644620e-02	2.801162e-02	-4.404641e-03	2.982101e-02	-6.409035e-04	8.280022e-04	-1.989196e-03	1.983478e-02	-3.000536e-03	1.562739e-02	-6.583563e-02	6.065258e-02	-3.779597e-03	-6.945902e-02	
3.490750e-01	-1.009596e-01	-9.692512e-02	-9.934542e-02	-9.475242e-02	-1.813236e-01	-2.218072e-02	1.877414e-01	-2.423349e-02	0.000000e+00	8.541175e-02	1.299362e-01	-7.450534e-02	3.963025e-03	-3.175274e-02	-3.320714e-02	9.060487e-02	8.686482e-02	8.074534e-02	7.241405e-02	6.209917e-02	2.801162e-02	-4.520534e-02	-1.323939e-02	-8.387505e-04	8.280022e-04	-1.989196e-03	-3.619319e-02	-9.555320e-02	-6.802867e-03	-4.092730e-02	-5.932541e-02	-1.015366e-01	-3.861067e-02	
7.272190e-02	-1.009596e-01	-9.692512e-02	-9.934542e-02	-9.473986e-02	-1.814305e-01	-2.218072e-02	5.372741e-01	-2.423349e-02	0.000000e+00	1.967929e-01	3.201283e-02	-6.827266e-02	2.213260e-02	-5.413290e-02	-1.542185e-02	9.039607e-02	8.604200e-02	7.893990e-02	6.931660e-02	5.747945e-02	1.396712e-02	-2.328494e-02	-1.880919e-02	-8.499205e-04	1.012604e-03	-1.520874e-03	-9.270359e-02	-1.730503e-02	-4.688912e-02	-2.229660e-02	-6.408746e-02	-3.425757e-02	-5.762472e-02	
-9.245424e-02	-1.009596e-01	-9.692512e-02	-9.934542e-02	-6.345088e-02	-1.651323e-01	-2.218072e-02	7.478377e-01	-2.423349e-02	0.000000e+00	1.494236e-01	-7.435436e-02	-3.024015e-02	1.085484e-01	-6.260077e-02	-4.224231e-03	9.017138e-02	8.515872e-02	7.700965e-02	6.602432e-02	5.260732e-02	1.588012e-02	1.526986e-02	1.341121e-02	-1.118681e-03	8.280022e-04	-1.587909e-03	-4.001115e-04	7.640428e-02	-8.198758e-02	-3.180647e-02	-3.731637e-02	8.963476e-02	-3.365607e-02	
-1.702263e-01	-1.009596e-01	-9.692512e-02	-9.934542e-02	1.583324e-01	-1.447655e-01	-2.218072e-02	6.212109e-01	-2.423349e-02	0.000000e+00	4.804142e-02	-9.002039e-02	1.488242e-01	1.439995e-01	-6.258588e-02	2.108711e-03	8.993086e-02	8.421558e-02	7.495763e-02	6.254647e-02	4.750418e-02	1.030672e-02	-5.240714e-02	7.249206e-03	-5.426115e-04	1.251069e-03	-1.520874e-03	2.822397e-02	-5.218131e-02	-6.697442e-02	1.866296e-02	6.042858e-02	7.762025e-02	3.568282e-04	
-1.928203e-01	-1.009596e-01	-9.692512e-02	-9.934542e-02	5.161114e-01	-1.271950e-01	-2.218072e-02	3.496547e-01	-2.423349e-02	0.000000e+00	-3.072169e-02	-6.221516e-02	2.577589e-01	2.355719e-02	-5.838787e-02	4.697826e-03	8.967453e-02	8.321325e-02	7.278709e-02	5.889281e-02	4.219245e-02	1.893649e-02	-1.961754e-02	-1.940329e-02	-1.100151e-03	8.020753e-04	-1.770874e-03	-4.262919e-02	-1.699985e-02	-1.721958e-01	1.259518e-02	-2.542523e-02	1.477808e-04	-1.465607e-03	
-1.847927e-01	-1.009596e-01	-9.692512e-02	-9.934542e-02	7.667712e-01	-1.147469e-01	-2.218072e-02	1.261267e-01	-2.423349e-02	0.000000e+00	-7.654137e-02	-3.404204e-02	1.959386e-01	-8.629970e-02	-5.319465e-02	4.804373e-03	8.940244e-02	8.215245e-02	7.050146e-02	5.507362e-02	3.669543e-02	7.320321e-03	-1.404824e-02	2.761831e-02	-1.063981e-03	8.041614e-04	-1.520874e-03	-1.329910e-01	4.380133e-02	-1.403225e-02	-7.362191e-04	1.272868e-02	1.016366e-01	-5.374425e-02	
-1.638861e-01	-1.009596e-01	-9.692512e-02	-9.934542e-02	6.854394e-01	-1.070622e-01	-2.218072e-02	-7.422291e-03	-2.423349e-02	0.000000e+00	-9.898616e-02	-1.489251e-02	8.515946e-02	-9.692100e-02	-4.878343e-02	1.107652e-02	8.911464e-02	8.103390e-02	6.810434e-02	5.109963e-02	3.103728e-02	1.313132e-02	-4.112204e-02	8.966906e-03	-6.709805e-04	8.871650e-04	-1.470385e-03	-1.206039e-02	1.117345e-01	-6.246232e-02	-2.791534e-02	8.352214e-02	-1.897301e-02	-5.450329e-02	
-1.416584e-01	-1.009596e-01	-9.692512e-02	-9.934542e-02	3.907794e-01	-1.028003e-01	-7.250821e-03	-7.220229e-02	-2.423349e-02	0.000000e+00	-1.065205e-01	-2.999932e-03	2.096568e-03	-6.533048e-02	-3.104581e-02	6.972059e-02	8.881119e-02	7.985841e-02	6.559955e-02	4.698202e-02	2.524284e-02	7.281421e-03	4.129386e-02	4.243431e-02	-1.020161e-03	7.535967e-04	-1.414219e-03	1.163631e-01	-2.948433e-02	3.039214e-02	-6.154824e-02	-3.840090e-02	3.994201e-02	1.631479e-02	
-1.238239e-01	-1.009596e-01	-9.692512e-02	-9.934542e-02	1.158672e-01	-1.006355e-01	1.689433e-01	-9.307376e-02	-2.423349e-02	0.000000e+00	-1.051847e-01	3.460205e-03	-4.550151e-02	-3.522824e-02	9.065396e-02	1.033246e-01	8.849213e-02	7.862678e-02	6.299102e-02	4.273235e-02	1.933755e-02	7.554021e-03	-3.589064e-02	-1.402794e-03	-9.521405e-04	9.038804e-04	-1.373047e-03	2.747035e-02	-6.409040e-02	-3.741535e-02	1.254983e-01	6.998648e-02	3.850668e-02	1.903863e-03	
-1.117551e-01	-1.009596e-01	-9.692512e-02	-9.934542e-02	-5.829922e-02	-9.961464e-02	5.155818e-01	-8.863892e-02	-2.423349e-02	0.000000e+00	-9.979791e-02	5.804491e-03	-6.835992e-02	-1.498033e-02	1.756024e-01	2.249372e-02	8.815752e-02	7.733990e-02	6.028289e-02	3.836257e-02	1.334735e-02	7.363721e-03	3.420986e-02	-1.003941e-04	-1.367721e-03	8.339926e-04	-1.432534e-03	1.793023e-02	8.828268e-03	-6.535336e-02	1.459767e-01	-1.108027e-01	9.949253e-02	-3.352318e-02	
-1.045486e-01	-1.009596e-01	-9.691256e-02	-9.934542e-02	-1.462935e-01	-9.916304e-02	7.434443e-01	-7.295678e-02	-2.423349e-02	0.000000e+00	-9.377026e-02	1.998002e-02	-7.546217e-02	-2.477139e-03	1.356424e-01	-5.957154e-02	8.780742e-02	7.599867e-02	5.747945e-02	3.388496e-02	7.298534e-03	1.150421e-03	2.233386e-02	2.437901e-02	-1.335111e-03	8.144661e-04	-1.153976e-03	-1.028678e-01	6.087534e-02	8.421720e-02	6.660889e-02	1.071326e-01	1.200107e-01	-7.326070e-02	
-1.006542e-01	-1.009596e-01	-6.562358e-02	-9.934542e-02	-1.779536e-01	-9.896746e-02	6.331302e-01	-5.561330e-02	-2.423349e-02	0.000000e+00	-6.002875e-02	7.886540e-02	-7.331420e-02	4.163165e-03	5.645944e-02	-6.979872e-02	8.744190e-02	7.460402e-02	5.458511e-02	2.931211e-02	1.217670e-03	7.515721e-03	-1.436164e-02	9.998059e-04	-1.234711e-03	9.334002e-04	-1.500078e-03	4.600780e-02	9.159634e-02	-6.764784e-02	-9.176086e-03	3.384962e-02	-1.659968e-02	-3.765232e-02	
-9.871725e-02	-1.009596e-01	1.561597e-01	-9.934542e-02	-1.766971e-01	-9.888787e-02	3.630975e-01	-4.151203e-02	-2.423349e-02	0.000000e+00	6.379020e-02	8.696383e-02	-6.713584e-02	6.392242e-03	-3.956779e-03	-4.764496e-02	8.706100e-02	7.315693e-02	5.160447e-02	2.465688e-02	-4.868541e-03	8.619208e-04	3.414986e-02	2.435421e-02	-1.346391e-03	7.078832e-04	-1.217128e-03	3.056582e-02	-5.414340e-02	8.866513e-02	-5.649768e-02	7.807388e-02	2.739162e-02	-2.283707e-02	
-9.781970e-02	-1.009596e-01	5.082574e-01	-9.934542e-02	-1.598864e-01	-9.885771e-02	1.345909e-01	-3.192905e-02	-2.423349e-02	0.000000e+00	1.138040e-01	-6.227628e-04	-6.052971e-02	5.925730e-03	-3.883365e-02	-2.591841e-02	8.666482e-02	7.165844e-02	4.854223e-02	1.993233e-02	-1.093337e-02	1.680921e-03	-3.985964e-02	-3.416049e-02	-1.120141e-03	7.533200e-04	-1.162209e-03	-4.985713e-02	-3.438124e-02	-4.476612e-02	7.336157e-02	-3.021758e-02	-1.255027e-01	1.730937e-02	
-9.742480e-02	-1.009596e-01	6.723030e-01	-9.908654e-02	-1.395446e-01	-9.885412e-02	-3.717702e-03	-2.620648e-02	-2.423349e-02	0.000000e+00	6.248026e-02	-3.305429e-02	-5.528438e-02	4.367158e-03	-5.579757e-02	-1.125619e-02	8.625340e-02	7.010958e-02	4.540323e-02	1.515177e-02	-1.695019e-02	7.384621e-03	2.108586e-02	2.473321e-02	-1.760411e-03	8.246452e-04	-1.364104e-03	-1.457087e-03	2.904465e-02	1.331120e-01	5.772228e-02	1.473570e-02	5.403553e-02	3.885329e-02	
-9.725699e-02	-1.009596e-01	5.084857e-01	-4.273720e-02	-1.222388e-01	-9.885412e-02	-7.169551e-02	-2.312034e-02	-2.423349e-02	0.000000e+00	4.759975e-02	5.792124e-02	-5.179540e-02	2.765470e-03	-6.135040e-02	-2.167368e-03	8.582683e-02	6.851145e-02	4.219245e-02	1.032861e-02	-2.289258e-02	1.059532e-02	-8.120714e-02	-8.097094e-03	-7.144805e-04	8.991019e-04	-1.474700e-03	1.230527e-01	2.103507e-02	2.972849e-02	3.819753e-02	2.475320e-02	-4.695681e-02	6.751901e-02	
-9.719122e-02	-1.009596e-01	2.359118e-01	2.215750e-01	-1.100885e-01	-9.885412e-02	-9.452428e-02	-2.159023e-02	-2.423349e-02	0.000000e+00	1.782180e-01	8.298718e-02	-4.975344e-02	1.561281e-03	-6.013680e-02	2.739278e-03	8.538517e-02	6.686516e-02	3.891494e-02	5.476427e-03	-2.873445e-02	-8.673979e-03	5.667886e-02	2.690401e-02	-1.045131e-03	7.612371e-04	-1.199662e-03	-9.441412e-04	-5.767883e-02	1.557504e-01	-7.248716e-02	-4.733528e-02	-6.743775e-02	9.696992e-02	
-9.716650e-02	-1.009596e-01	2.523550e-02	5.800713e-01	-1.026386e-01	-9.885412e-02	-9.111753e-02	-2.088382e-02	-2.423349e-02	0.000000e+00	2.135490e-01	-2.996167e-02	-4.867284e-02	1.610655e-03	-5.587631e-02	4.471971e-03	8.492852e-02	6.517189e-02	3.557591e-02	6.088484e-04	-3.445013e-02	7.208021e-03	-4.830114e-02	-3.761249e-02	-9.904505e-04	6.905442e-04	-1.296697e-03	-6.635557e-02	-9.821053e-02	1.651160e-03	-2.977310e-02	-2.685378e-02	-1.377965e-01	6.413477e-02	
-9.716610e-02	-1.009596e-01	-9.678944e-02	8.311891e-01	-9.852937e-02	-9.723980e-02	-7.577435e-02	-2.057716e-02	-2.423349e-02	0.000000e+00	1.182910e-01	-1.020286e-01	-4.653213e-02	4.291726e-02	-5.119723e-02	4.222709e-03	8.445694e-02	6.343280e-02	3.218062e-02	-4.260441e-03	-4.001454e-02	1.219021e-03	4.714486e-02	2.178411e-02	-9.205405e-04	7.749876e-04	-9.669464e-04	-4.657221e-02	-7.962682e-02	-2.308940e-03	-4.832196e-02	-4.324575e-02	5.415201e-02	5.267270e-02	
-9.716610e-02	-1.009596e-01	-1.539313e-01	7.835023e-01	-9.645169e-02	-7.067538e-03	-5.835178e-02	-2.044500e-02	-2.423349e-02	0.000000e+00	9.430023e-03	-8.978177e-02	3.716169e-02	1.236071e-01	-4.743515e-02	3.144384e-03	8.397052e-02	6.164914e-02	2.873445e-02	-9.117756e-03	-4.540323e-02	7.474321e-03	-5.881724e-02	-8.450794e-03	-6.826205e-04	8.047375e-04	-1.195718e-03	-6.893328e-02	5.673130e-02	-2.732457e-02	-2.101157e-02	4.715792e-02	-4.782264e-02	3.491027e-02	
-9.716610e-02	-1.009596e-01	-1.701697e-01	4.813838e-01	-9.547570e-02	2.937329e-01	-4.400413e-02	-2.039075e-02	-2.423349e-02	0.000000e+00	-6.140052e-02	-5.335780e-02	2.006821e-01	9.114664e-02	-4.491263e-02	2.005761e-03	8.346935e-02	5.982215e-02	2.524284e-02	-1.394944e-02	-5.059255e-02	-1.070058e-02	3.487986e-02	4.675671e-02	-8.799605e-04	6.028342e-04	-8.802264e-04	-1.291710e-02	4.647823e-02	9.126717e-02	-1.128090e-01	-1.205913e-01	4.790670e-02	7.045214e-02	
-9.716610e-02	-1.009596e-01	-1.633643e-01	1.678849e-01	-9.504542e-02	6.407561e-01	-3.416983e-02	-2.037270e-02	-2.423349e-02	0.000000e+00	-9.745675e-02	-2.501886e-02	2.194550e-01	-1.758361e-02	-4.342774e-02	1.139138e-03	8.295351e-02	5.795312e-02	2.171132e-02	-1.874192e-02	-5.555971e-02	-5.921179e-03	-4.919364e-02	-3.502994e-03	-5.897425e-04	9.145366e-04	-9.550364e-04	9.068511e-02	-1.765178e-02	-4.924575e-02	-4.538201e-02	6.745332e-02	-2.377417e-02	4.058500e-02	
-9.716610e-02	-1.009596e-01	-1.469703e-01	-4.099642e-02	-9.485891e-02	8.028644e-01	-2.825877e-02	-2.037270e-02	-2.423349e-02	0.000000e+00	-1.116314e-01	-7.658120e-03	1.655149e-01	1.748500e-02	-4.263843e-02	5.896108e-04	8.242309e-02	5.604336e-02	1.814547e-02	-2.348172e-02	-6.028289e-02	-1.174378e-02	2.394286e-02	-1.781729e-02	-5.940095e-04	5.287062e-04	-8.386864e-04	5.816577e-02	-4.837452e-02	-3.026355e-02	1.415927e-02	-1.555847e-01	-3.079167e-02	-1.376835e-02	
-9.716610e-02	-1.009596e-01	-1.298913e-01	-1.495685e-01	-9.478353e-02	8.349325e-01	-2.505407e-02	-2.037270e-02	-2.423349e-02	0.000000e+00	-1.129748e-01	2.091588e-03	2.544250e-01	6.463671e-02	-4.225258e-02	2.828253e-04	8.187819e-02	5.409421e-02	1.455092e-02	-2.815552e-02	-6.474136e-02	-7.599379e-03	-1.749624e-02	-4.945994e-03	-1.424681e-03	7.171282e-04	-9.341864e-04	-4.745622e-02	-1.084878e-01	-3.561588e-02	1.564733e-02	4.817659e-02	1.880556e-02	-1.817967e-02	
-9.716610e-02	-1.009596e-01	-1.164210e-01	-1.908406e-01	-9.475503e-02	8.885401e-01	-2.345815e-02	-2.037270e-02	-2.423349e-02	0.000000e+00	-1.076508e-01	6.496258e-03	2.947883e-01	-3.115139e-02	-4.207683e-02	1.275548e-04	8.131891e-02	5.210704e-02	1.093337e-02	-3.275018e-02	-6.891554e-02	-2.303979e-03	-5.226409e-04	-3.131539e-02	-1.247941e-03	5.902572e-04	-8.509064e-04	-3.874980e-02	-2.520631e-02	-1.751064e-01	-4.192433e-02	1.104862e-02	-5.614540e-02	-6.438117e-02	
-9.716610e-02	-1.009596e-01	-1.074548e-01	-1.925843e-01	-9.475242e-02	8.877015e-01	-2.271855e-02	-2.037270e-02	-2.423349e-02	0.000000e+00	-1.001816e-01	7.235324e-03	1.921222e-01	-1.156841e-01	-4.200151e-02	5.525741e-05	8.074534e-02	5.008325e-02	7.298534e-03	-3.725279e-02	-7.278709e-02	-6.656379e-03	2.038086e-02	1.201381e-02	-1.219631e-03	3.565422e-04	-9.156464e-04	-1.068926e-01	-8.766627e-02	-6.680536e-02	-8.168552e-02	1.286302e-01	8.808399e-02	-4.744077e-02	
-9.716555e-02	-1.009596e-01	-1.021852e-01	-1.750946e-01	-9.475242e-02	6.485918e-01	-2.239643e-02	-2.037270e-02	-2.423349e-02	0.000000e+00	-9.337495e-02	5.998091e-03	6.342008e-02	-1.077348e-01	-4.197036e-02	9.985266e-03	8.015757e-02	4.802426e-02	3.652154e-03	-4.165069e-02	-7.633902e-02	-5.736792e-04	-3.450504e-02	-4.069049e-02	-6.015345e-04	7.171282e-04	-9.412064e-04	-1.083080e-01	9.237550e-02	-1.052752e-01	3.093340e-04	3.333898e-02	-5.524876e-02	3.152088e-02	
-7.621871e-02	-1.009596e-01	-9.937987e-02	-1.524028e-01	-9.475242e-02	2.897685e-01	-2.225798e-02	-2.037270e-02	-2.423349e-02	0.000000e+00	-8.837607e-02	4.176571e-03	-2.334747e-02	-6.542488e-02	-2.203502e-02	6.807326e-02	7.955573e-02	4.593152e-02	1.788934e-18	-4.593152e-02	-7.955573e-02	-1.113478e-02	2.665886e-02	5.783606e-03	-1.477781e-03	4.244322e-04	-6.305364e-04	-1.003851e-01	9.290600e-02	5.473504e-02	-6.078947e-02	-5.934942e-03	1.229669e-02	5.981558e-02	
1.196677e-01	-1.009596e-01	-9.800407e-02	-1.324491e-01	-9.475242e-02	8.293684e-03	-2.220065e-02	-2.037270e-02	-2.423349e-02	0.000000e+00	-8.520941e-02	2.571329e-03	-6.742967e-02	-3.046261e-02	9.417258e-02	8.929818e-02	7.893990e-02	4.380650e-02	-3.652154e-03	-5.008325e-02	-8.242309e-02	-6.044479e-03	-4.075214e-02	-1.518969e-02	-8.889005e-04	7.171282e-04	-9.058564e-04	9.575669e-02	5.236224e-02	-6.685498e-02	-4.081842e-02	9.447326e-02	-5.414648e-02	1.895528e-02	
4.731749e-01	-1.009596e-01	-9.737480e-02	-1.180995e-01	-9.475242e-02	-1.473684e-01	-2.218072e-02	-2.037270e-02	-2.423349e-02	0.000000e+00	-8.341909e-02	1.448856e-03	-8.427270e-02	-9.092985e-03	1.565605e-01	8.499105e-03	7.831021e-02	4.165069e-02	-7.298534e-03	-5.409421e-02	-8.492852e-02	-1.199758e-02	5.007486e-02	-7.955094e-03	-1.365341e-03	5.594472e-04	-9.058564e-04	7.253470e-02	-6.855846e-02	2.610527e-02	-3.947424e-02	-2.737968e-02	9.090360e-03	3.356628e-03	
7.504917e-01	-1.009596e-01	-9.710384e-02	-1.091251e-01	-9.475242e-02	-2.100849e-01	-2.218072e-02	-2.037270e-02	-2.423349e-02	0.000000e+00	-8.249628e-02	7.759189e-04	-8.561564e-02	2.566646e-03	1.111714e-01	-5.844622e-02	7.766675e-02	3.946561e-02	-1.093337e-02	-5.795312e-02	-8.706100e-02	-1.236079e-03	-1.069464e-02	-2.707539e-02	-1.716741e-03	7.171282e-04	-8.936664e-04	-1.252008e-02	-9.997673e-02	-5.705021e-02	1.036454e-01	4.094290e-02	1.973323e-02	-1.564927e-02	
7.082598e-01	-1.009596e-01	-9.698614e-02	-1.040897e-01	-9.475242e-02	-2.188455e-01	-2.218072e-02	-2.037270e-02	-2.423349e-02	0.000000e+00	-8.205127e-02	4.110293e-04	-7.913940e-02	7.720176e-03	3.966755e-02	-6.170984e-02	7.700965e-02	3.725279e-02	-1.455092e-02	-6.164914e-02	-8.881119e-02	-1.088698e-02	2.763886e-02	-4.070949e-02	-1.599321e-03	6.095242e-04	-7.446464e-04	-4.400079e-02	2.874571e-03	-9.990377e-02	7.109488e-02	-6.668279e-02	4.089111e-02	-5.204342e-02	
4.242221e-01	-1.009596e-01	-9.693890e-02	-1.015051e-01	-9.475242e-02	-2.007901e-01	-2.218072e-02	-2.037270e-02	-2.423349e-02	0.000000e+00	-8.185798e-02	2.292863e-04	-7.017529e-02	1.487842e-02	-1.225046e-02	-4.062885e-02	7.633902e-02	3.501379e-02	-1.814547e-02	-6.517189e-02	-9.017138e-02	-9.260379e-03	-1.803384e-02	-8.322194e-03	-1.624391e-03	7.171282e-04	-8.843164e-04	-1.026873e-01	8.703025e-02	3.576904e-02	7.384594e-02	2.033785e-02	4.639723e-02	-3.906032e-02	
1.400191e-01	-1.009596e-01	-9.692512e-02	-1.002746e-01	-8.152453e-02	-1.735296e-01	-2.218072e-02	-2.037270e-02	-2.423349e-02	0.000000e+00	-8.177633e-02	1.489925e-04	-4.938257e-02	6.332653e-02	-4.159350e-02	-2.162744e-02	7.565497e-02	3.275018e-02	-2.171132e-02	-6.851145e-02	-9.113562e-02	-1.027338e-02	9.166859e-03	-4.057749e-02	-1.147541e-03	7.171282e-04	-6.790564e-04	1.120908e-01	1.203575e-01	-7.168629e-02	1.991385e-02	-2.386660e-02	1.472114e-03	-3.778962e-02	
-4.575191e-02	-1.009596e-01	-9.692512e-02	-9.972554e-02	8.811148e-02	-1.475881e-01	-2.218072e-02	-2.037270e-02	-2.423349e-02	0.000000e+00	-8.174357e-02	1.179927e-04	5.647776e-02	8.750170e-02	-5.550937e-02	-9.017438e-03	7.495763e-02	3.046356e-02	-2.524284e-02	-7.165844e-02	-9.169966e-02	-8.058679e-03	9.964859e-03	-1.780039e-02	-1.591451e-03	4.724872e-04	-6.790564e-04	8.672157e-02	-6.215966e-02	4.804618e-02	8.470544e-03	7.292095e-02	5.918535e-02	-7.214677e-02	
-1.420166e-01	-1.009596e-01	-9.692512e-02	-9.948580e-02	4.329237e-01	-1.276918e-01	-2.218072e-02	-2.037270e-02	-2.423349e-02	0.000000e+00	-8.172391e-02	1.016077e-04	1.256208e-01	1.806305e-02	-5.963273e-02	-1.267419e-03	7.424712e-02	2.815552e-02	-2.873445e-02	-7.460402e-02	-9.186102e-02	7.403921e-03	-2.116424e-02	-7.550549e-02	-1.193581e-03	7.171282e-04	-1.008248e-03	-4.903577e-02	-4.931472e-02	1.904237e-02	7.837027e-02	2.858012e-02	-1.585098e-01	2.051783e-02	
-1.787941e-01	-1.009529e-01	-9.692512e-02	-9.938963e-02	6.691063e-01	-1.145225e-01	-2.218072e-02	-2.037270e-02	-2.423349e-02	0.000000e+00	-8.172391e-02	9.177579e-05	9.260385e-02	-4.816785e-02	-5.804866e-02	1.602209e-02	7.352357e-02	2.582770e-02	-3.218062e-02	-7.733990e-02	-9.161901e-02	-1.000218e-02	2.593986e-02	-2.704319e-02	-1.132811e-03	4.100912e-04	-8.093864e-04	-3.858485e-02	-5.850547e-02	1.094116e-02	-6.218033e-02	-3.030705e-02	4.340067e-02	8.941828e-03	
-1.803219e-01	-7.251122e-02	-9.692512e-02	-9.935289e-02	5.672361e-01	-1.067503e-01	-2.218072e-02	-2.037270e-02	-2.423349e-02	0.000000e+00	-8.172391e-02	9.177579e-05	2.928513e-02	-5.556532e-02	-2.759296e-02	7.718857e-02	7.278709e-02	2.348172e-02	-3.557591e-02	-7.985841e-02	-9.097468e-02	-1.562979e-03	-1.698014e-02	-2.261569e-02	-1.517071e-03	7.171282e-04	-9.858664e-04	-6.053739e-02	7.860102e-02	-6.146750e-02	1.693014e-02	3.609483e-02	1.368710e-02	-3.318857e-02	
-1.645768e-01	1.428679e-01	-9.692512e-02	-9.934542e-02	2.982221e-01	-1.025751e-01	-2.218072e-02	-2.037270e-02	-2.423349e-02	0.000000e+00	-8.172391e-02	9.177579e-05	-1.852678e-02	-3.764170e-02	9.632477e-02	8.943635e-02	7.203783e-02	2.111924e-02	-3.891494e-02	-8.215245e-02	-8.993086e-02	-1.264468e-02	4.354886e-02	-2.478239e-02	-1.404041e-03	7.171282e-04	-6.790564e-04	1.298661e-02	9.328651e-02	-3.797341e-02	-7.048903e-02	-1.239647e-01	6.511316e-02	-3.759472e-02	
-1.442072e-01	4.998418e-01	-9.692512e-02	-9.934542e-02	6.727152e-02	-1.004986e-01	-2.218072e-02	-2.037270e-02	-2.423349e-02	0.000000e+00	-8.172391e-02	9.177579e-05	-4.599827e-02	-1.720036e-02	1.512789e-01	3.090758e-03	7.127590e-02	1.874192e-02	-4.219245e-02	-8.421558e-02	-8.849213e-02	-1.190658e-02	-7.021341e-03	-1.851959e-02	-1.273361e-03	4.386582e-04	-6.790564e-04	8.033431e-02	-3.180907e-02	-3.832202e-02	-2.294448e-02	9.428111e-02	4.148585e-02	-5.433552e-02	
-1.263790e-01	7.539449e-01	-9.692512e-02	-9.934542e-02	-6.673003e-02	-9.953883e-02	-2.218072e-02	-2.037270e-02	-2.423349e-02	0.000000e+00	-8.172391e-02	9.177579e-05	-5.292750e-02	3.277647e-02	1.025067e-01	-5.913647e-02	7.050146e-02	1.635143e-02	-4.540323e-02	-8.604200e-02	-8.666482e-02	-9.560279e-03	-1.464424e-02	-5.578549e-02	-1.358221e-03	5.788212e-04	-8.549064e-04	1.085181e-02	-3.987316e-02	-6.027130e-02	4.487817e-02	-4.811798e-02	-4.738182e-02	-6.508537e-02	
-1.136313e-01	6.761240e-01	-9.692512e-02	-9.934542e-02	1.044205e-03	-9.912422e-02	-2.218072e-02	-2.037270e-02	-2.423349e-02	0.000000e+00	-8.172391e-02	9.177579e-05	1.955467e-02	6.806145e-02	3.300529e-02	-5.931256e-02	6.971462e-02	1.394944e-02	-4.854223e-02	-8.762658e-02	-8.445694e-02	-1.200948e-02	7.476859e-03	-1.759769e-02	-1.485721e-03	4.583422e-04	-9.848964e-04	-3.336616e-02	-9.470343e-02	3.665126e-02	2.923563e-02	5.087565e-02	5.225947e-03	-5.070757e-02	
-1.057072e-01	3.837145e-01	-9.692512e-02	-9.934542e-02	3.093248e-01	-9.895101e-02	-2.218072e-02	-2.037270e-02	-2.423349e-02	0.000000e+00	-8.172391e-02	9.177579e-05	8.319540e-02	2.198028e-02	-1.612067e-02	-3.217174e-02	6.891554e-02	1.153765e-02	-5.160447e-02	-8.896487e-02	-8.187819e-02	-9.046879e-03	-2.511624e-02	-7.884749e-02	-1.146731e-03	7.171282e-04	-8.546564e-04	-1.122643e-01	9.056974e-02	5.648347e-02	9.361206e-02	7.165939e-03	-6.407650e-02	8.421782e-04	
-1.012882e-01	1.232257e-01	-9.692512e-02	-9.934542e-02	5.862664e-01	-9.888154e-02	-2.218072e-02	-2.037270e-02	-2.423349e-02	0.000000e+00	-8.172391e-02	9.177579e-05	6.351522e-02	-3.457767e-02	-3.134164e-02	3.099799e-02	6.810434e-02	9.117756e-03	-5.458511e-02	-9.005310e-02	-7.893990e-02	-5.439979e-03	5.060086e-02	-1.350819e-02	-1.344071e-03	4.485232e-04	-1.048965e-03	3.687730e-03	1.092611e-01	1.240947e-01	-2.061799e-03	-4.039230e-02	-1.505079e-02	4.531188e-02	
-9.903324e-02	1.192045e-01	-9.692512e-02	-9.934542e-02	5.443859e-01	-9.885537e-02	-2.218072e-02	-2.037270e-02	-2.423349e-02	0.000000e+00	-8.172391e-02	9.177579e-05	1.404006e-02	-4.406077e-02	4.587151e-02	6.438350e-02	6.728118e-02	6.691450e-03	-5.747945e-02	-9.088821e-02	-7.565497e-02	4.300821e-03	-6.555074e-02	-5.628149e-02	-1.142121e-03	8.961228e-04	-1.045229e-03	1.423665e-01	1.897314e-02	-1.214284e-02	5.019273e-02	5.834637e-02	5.831623e-02	6.896586e-02	
-9.796563e-02	3.763709e-01	-9.692512e-02	-9.934542e-02	3.006624e-01	-9.885412e-02	-2.218072e-02	-2.037270e-02	-2.423349e-02	0.000000e+00	-8.172391e-02	9.177579e-05	-2.460633e-02	-3.046378e-02	9.742336e-02	1.992409e-02	6.644620e-02	4.260441e-03	-6.028289e-02	-9.146786e-02	-7.203783e-02	7.409221e-03	-8.405941e-03	-5.351049e-02	-1.552681e-03	8.369783e-04	-1.151374e-03	4.452155e-02	-2.248929e-02	3.412973e-02	1.186968e-01	-4.055486e-02	-3.264100e-02	-4.054745e-02	
-9.749174e-02	6.068591e-01	-9.692512e-02	-9.934542e-02	7.253326e-02	-9.885412e-02	-2.218072e-02	-2.037270e-02	-2.423349e-02	0.000000e+00	-8.172391e-02	9.177579e-05	-4.688749e-02	-1.653789e-02	8.571890e-02	2.061844e-02	6.559955e-02	1.826438e-03	-6.299102e-02	-9.179042e-02	-6.810434e-02	7.134221e-03	7.052286e-02	1.563741e-02	-1.220031e-03	7.145842e-04	-1.328762e-03	2.775770e-03	-2.146097e-02	1.090802e-01	2.172462e-04	-1.565886e-02	6.239355e-02	4.760918e-02	
-9.728666e-02	7.068217e-01	-9.692512e-02	-9.934542e-02	-7.056552e-02	-9.885412e-02	-2.218072e-02	-2.037270e-02	-2.423349e-02	0.000000e+00	-8.172391e-02	9.177579e-05	-5.768210e-02	-7.140655e-03	1.386592e-01	3.383830e-02	6.474136e-02	-6.088484e-04	-6.559955e-02	-9.185497e-02	-6.387180e-02	4.362221e-03	-7.100504e-02	-2.285509e-02	-5.728925e-04	6.945012e-04	-1.151745e-03	1.008735e-01	-2.586391e-02	1.097536e-02	3.850524e-02	3.406695e-02	-1.463333e-02	9.264018e-02	
-9.720263e-02	8.065837e-01	-9.692512e-02	-9.934542e-02	-1.426371e-01	-9.885412e-02	-2.218072e-02	-2.037270e-02	-2.423349e-02	0.000000e+00	-8.172391e-02	9.177579e-05	-6.116880e-02	-1.292330e-03	1.533957e-01	-2.432077e-02	6.387180e-02	-3.043707e-03	-6.810434e-02	-9.166135e-02	-5.935879e-02	3.411721e-03	-1.550741e-03	2.148391e-02	-1.105521e-03	6.945012e-04	-1.238814e-03	-1.306556e-02	-8.639745e-03	8.769995e-02	3.997825e-02	-1.304510e-01	4.167812e-02	1.336453e-02	
-9.717071e-02	8.956971e-01	-9.692512e-02	-9.934542e-02	-1.684420e-01	-9.885412e-02	-2.218072e-02	-2.037270e-02	-2.423349e-02	0.000000e+00	-8.172391e-02	9.177579e-05	-6.026676e-02	1.909668e-03	9.001814e-02	-6.835296e-02	6.299102e-02	-5.476427e-03	-7.050146e-02	-9.121009e-02	-5.458511e-02	1.457521e-03	-4.450044e-02	2.996211e-02	-5.648675e-04	6.945012e-04	-1.040836e-03	7.607697e-02	8.873252e-02	6.369134e-02	9.497857e-03	5.232072e-02	4.613000e-03	-4.205047e-02	
-9.716610e-02	8.237386e-01	-9.692512e-02	-9.934542e-02	-1.667734e-01	-9.885412e-02	-2.218072e-02	-2.037270e-02	-2.423349e-02	0.000000e+00	-8.172391e-02	9.177579e-05	-5.734947e-02	3.061540e-03	1.668876e-02	-6.076862e-02	6.209917e-02	-7.905298e-03	-7.278709e-02	-9.050246e-02	-4.957175e-02	-7.284279e-03	5.747686e-02	8.870906e-03	-1.014231e-03	6.945012e-04	-7.908364e-04	4.515454e-02	-1.534229e-02	3.396225e-02	-1.226075e-02	-1.595236e-01	-2.823452e-02	3.441433e-02	
-9.716610e-02	5.125919e-01	-9.692512e-02	-9.934542e-02	-1.518879e-01	-9.885412e-02	-2.218072e-02	-2.037270e-02	-2.423349e-02	0.000000e+00	-8.172391e-02	9.177579e-05	-5.414368e-02	2.898329e-03	-3.152178e-02	-3.613068e-02	6.119641e-02	-1.032861e-02	-7.495763e-02	-8.954045e-02	-4.434070e-02	2.006221e-03	-3.106284e-02	8.766606e-03	-1.021431e-03	6.180042e-04	-1.015207e-03	-1.443311e-02	-5.889437e-02	-4.336898e-03	3.076693e-02	1.659285e-02	4.516457e-02	-1.902622e-02	
-9.716610e-02	1.667054e-01	-9.692512e-02	-9.934542e-02	-1.340006e-01	-9.885412e-02	-2.218072e-02	-2.037270e-02	-2.423349e-02	0.000000e+00	-8.172391e-02	8.989373e-04	-5.155281e-02	2.171452e-03	-5.557640e-02	-1.638179e-02	6.028289e-02	-1.274467e-02	-7.700965e-02	-8.832677e-02	-3.891494e-02	-1.237378e-02	4.202886e-02	-6.430094e-03	-7.340205e-04	4.743562e-04	-7.880664e-04	-3.363915e-02	2.768972e-02	-8.303104e-02	-1.246551e-02	-5.224891e-02	1.064946e-02	3.214228e-03	
-9.716610e-02	-6.758559e-02	-9.692512e-02	-9.773110e-02	-1.187995e-01	-9.885412e-02	-2.218072e-02	-2.037270e-02	-2.423349e-02	0.000000e+00	-8.010959e-02	4.574796e-02	-4.980078e-02	1.390957e-03	-6.428971e-02	-4.366700e-03	5.935879e-02	-1.515177e-02	-7.893990e-02	-8.686482e-02	-3.331830e-02	-1.838138e-02	8.391859e-03	5.134091e-02	-6.492595e-04	5.041122e-04	-7.483064e-04	-4.625280e-03	8.060877e-02	1.147217e-01	-5.343174e-02	8.332713e-02	1.087659e-02	-2.723467e-02	
-9.716610e-02	-1.842095e-01	-9.692512e-02	-7.558833e-03	-1.081393e-01	-9.885412e-02	-2.218072e-02	-2.037270e-02	-2.423349e-02	0.000000e+00	9.589443e-03	1.627337e-01	-4.877090e-02	7.901651e-04	-6.431436e-02	2.096700e-03	5.842425e-02	-1.754822e-02	-8.074534e-02	-8.515872e-02	-2.757536e-02	-1.521118e-02	-1.454944e-02	-1.455799e-02	-1.104761e-03	4.016922e-04	-7.439564e-04	8.110362e-02	1.519902e-02	-3.213924e-02	9.596863e-02	-3.350055e-02	-6.822875e-02	-1.224017e-02	
-9.716610e-02	-2.230151e-01	-9.692512e-02	2.932416e-01	-1.016169e-01	-9.885412e-02	-2.218072e-02	-2.037270e-02	-2.423349e-02	0.000000e+00	2.452300e-01	1.556603e-01	-4.822045e-02	4.103746e-04	-6.010088e-02	4.803299e-03	5.747945e-02	-1.993233e-02	-8.242309e-02	-8.321325e-02	-2.171132e-02	-3.286948e-02	3.044486e-02	5.539251e-02	-4.681495e-04	3.127622e-04	-5.095164e-04	-4.660484e-02	-5.461483e-02	1.140446e-01	-1.838629e-02	3.367084e-02	4.733332e-02	4.823803e-02	
-9.716610e-02	-2.187922e-01	-9.692512e-02	6.443644e-01	-9.803454e-02	-9.885412e-02	-2.218072e-02	-2.037270e-02	-2.423349e-02	0.000000e+00	3.209258e-01	-1.904886e-02	-4.795015e-02	1.969373e-04	-5.471223e-02	5.080073e-03	5.652455e-02	-2.230244e-02	-8.397052e-02	-8.103390e-02	-1.575194e-02	-1.594758e-02	-5.759004e-02	1.038851e-02	-5.881065e-04	2.454582e-04	-7.265164e-04	4.044117e-03	3.277163e-02	-5.159537e-02	-5.059445e-02	1.144532e-01	-8.678494e-02	3.780973e-02	
-9.716610e-02	-1.949721e-01	-9.692512e-02	8.502652e-01	-9.622624e-02	-9.885412e-02	-2.218072e-02	-2.037270e-02	-2.423349e-02	0.000000e+00	2.071940e-01	-1.282480e-01	-4.782657e-02	8.835350e-05	-4.994507e-02	4.108434e-03	5.555971e-02	-2.465688e-02	-8.538517e-02	-7.862678e-02	-9.723398e-03	-3.106368e-02	3.911786e-02	6.211881e-02	-6.500065e-04	1.435962e-04	-6.380364e-04	-2.955772e-02	-3.869814e-02	9.419395e-02	-1.682208e-01	-1.041466e-02	9.183058e-03	4.380228e-02	
-9.716610e-02	-1.666422e-01	-9.692512e-02	7.355172e-01	-9.537848e-02	-9.885412e-02	-2.218072e-02	-2.037270e-02	-2.423349e-02	0.000000e+00	6.442224e-02	-1.205724e-01	-4.777344e-02	3.739072e-05	-4.649959e-02	2.809120e-03	5.458511e-02	-2.699398e-02	-8.666482e-02	-7.599867e-02	-3.652154e-03	-2.534648e-02	-3.710344e-02	6.049406e-03	-5.956745e-04	2.754812e-04	-4.460164e-04	1.304496e-02	-7.759837e-02	-2.272258e-02	-2.908432e-02	5.529667e-02	-1.099945e-01	2.455563e-02	
-9.716610e-02	-1.421524e-01	-9.692509e-02	4.133003e-01	-9.500552e-02	-9.885412e-02	-2.218072e-02	-2.037270e-02	-2.423349e-02	0.000000e+00	-3.404529e-02	-6.788161e-02	-4.775179e-02	1.704620e-05	-4.433098e-02	1.697541e-03	5.360093e-02	-2.931211e-02	-8.780742e-02	-7.315693e-02	2.435126e-03	-3.781538e-02	3.641886e-02	3.679141e-02	-8.980405e-04	1.989012e-04	-2.582464e-04	-1.264687e-02	-9.620023e-02	1.775667e-02	-8.913733e-02	-1.263930e-01	-2.201906e-02	1.270488e-02	
-9.716610e-02	-1.245115e-01	-8.014521e-02	1.168635e-01	-9.484627e-02	-9.885412e-02	-2.218072e-02	-2.037270e-02	-2.423349e-02	0.000000e+00	-7.149548e-02	5.211195e-02	-4.773935e-02	6.630466e-06	-4.310860e-02	9.278973e-04	5.260732e-02	-3.160965e-02	-8.881119e-02	-7.010958e-02	8.511714e-03	-3.332528e-02	-4.027404e-02	1.780301e-02	-7.944605e-04	1.590632e-04	-3.508264e-04	-1.065975e-01	3.677110e-02	-4.092984e-02	2.424404e-02	3.087162e-02	-3.935929e-02	-2.039282e-02	
-9.716610e-02	-1.133752e-01	1.026173e-01	-6.970896e-02	-9.477868e-02	-9.885412e-02	-2.218072e-02	-2.037270e-02	-2.423349e-02	0.000000e+00	7.000129e-02	1.516189e-01	-4.773853e-02	4.097194e-07	-4.247925e-02	4.667911e-04	5.160447e-02	-3.388496e-02	-8.967453e-02	-6.686516e-02	1.455092e-02	-2.437258e-02	5.150086e-02	1.302551e-02	-9.074605e-04	2.426542e-04	-5.975764e-04	2.661007e-02	1.033673e-01	-1.242359e-01	-1.074799e-01	-6.712081e-02	2.480324e-03	-4.691972e-03	
-9.716610e-02	-1.070513e-01	4.528163e-01	-1.621937e-01	-9.475324e-02	-9.885412e-02	-2.218072e-02	-2.037270e-02	-2.423349e-02	0.000000e+00	2.316513e-01	6.552954e-02	-4.773853e-02	3.127608e-11	-4.217908e-02	2.214162e-04	5.059255e-02	-3.613646e-02	-9.039607e-02	-6.343280e-02	2.052624e-02	-2.919158e-02	-1.968044e-02	1.561701e-02	-9.460505e-04	2.079022e-04	-5.982964e-04	8.175443e-02	-8.175766e-02	-1.232656e-01	6.513581e-02	1.068651e-01	6.671167e-02	-5.006922e-02	
-9.716610e-02	-1.037586e-01	7.420070e-01	-1.936079e-01	-9.475242e-02	-9.885412e-02	-2.218072e-02	-2.037270e-02	-2.423349e-02	0.000000e+00	2.010678e-01	-7.257570e-02	-4.773853e-02	3.127608e-11	-4.204047e-02	9.811565e-05	4.957175e-02	-3.836257e-02	-9.097468e-02	-5.982215e-02	2.641142e-02	-3.075198e-02	9.322859e-03	-9.021594e-03	-9.485705e-04	2.079022e-04	-4.658864e-04	-2.909884e-02	6.438692e-02	-5.088617e-02	5.179211e-02	-5.487262e-02	-4.260967e-03	-7.041532e-02	
-9.716610e-02	-1.021686e-01	7.248264e-01	-1.900870e-01	-9.475242e-02	-9.885412e-02	-2.218072e-02	-2.037270e-02	-2.423349e-02	0.000000e+00	8.648861e-02	-4.529236e-02	-4.773853e-02	3.127608e-11	-4.198689e-02	3.961431e-05	4.854223e-02	-4.056171e-02	-9.140944e-02	-5.604336e-02	3.218062e-02	-2.955188e-02	2.329286e-02	1.932451e-02	-1.150241e-03	-1.035768e-04	-4.946864e-04	4.913097e-02	1.846124e-02	3.145084e-02	-3.103905e-03	8.996133e-02	6.638339e-02	-6.175047e-02	
-9.716610e-02	-1.014520e-01	5.723455e-01	-1.706329e-01	-9.475242e-02	-9.885412e-02	-2.218072e-02	-2.037270e-02	-2.423349e-02	0.000000e+00	1.104020e-01	1.030442e-01	-4.773853e-02	3.127608e-11	-4.196528e-02	1.935447e-05	4.750418e-02	-4.273235e-02	-9.169966e-02	-5.210704e-02	3.780851e-02	-1.668308e-02	-2.522504e-02	-1.575799e-02	-9.106205e-04	-7.061481e-05	-8.626664e-04	-6.011884e-02	4.937745e-02	-1.394579e-02	7.319865e-02	-3.105963e-02	-9.423373e-02	-3.866822e-03	
-9.716610e-02	-1.011483e-01	6.095794e-01	-1.480393e-01	-9.475242e-02	-9.885412e-02	-2.218072e-02	-2.037270e-02	-2.423349e-02	0.000000e+00	2.925105e-01	9.840806e-02	-4.773853e-02	1.767357e-04	-4.195222e-02	8.550055e-06	4.645779e-02	-4.487295e-02	-9.184488e-02	-4.802426e-02	4.327037e-02	-3.251548e-02	4.243686e-02	5.182891e-02	-7.965305e-04	2.079022e-04	-5.702364e-04	-1.618956e-02	3.632268e-02	1.389098e-01	-7.836995e-02	1.322031e-02	4.597627e-02	5.296893e-02	
-9.716610e-02	-1.010227e-01	7.485048e-01	-1.291072e-01	-9.475242e-02	-9.885412e-02	-2.218072e-02	-2.037270e-02	-2.388002e-02	0.000000e+00	3.072626e-01	-6.361537e-02	-4.738506e-02	2.929687e-02	-4.195222e-02	2.021183e-06	4.540323e-02	-4.698202e-02	-9.184488e-02	-4.380650e-02	4.854223e-02	-1.840928e-02	-3.621314e-02	-4.951994e-03	-7.030305e-04	2.079022e-04	-6.151664e-04	1.774477e-02	-4.005529e-02	-1.331174e-02	1.143723e-02	2.089926e-02	-1.109361e-01	2.409448e-02	
-9.716610e-02	-1.009741e-01	7.183229e-01	-1.159130e-01	-9.475242e-02	-9.885412e-02	-2.218072e-02	-2.037270e-02	3.678508e-02	0.000000e+00	1.653332e-01	-1.426486e-01	1.085520e-02	1.134700e-01	-4.195222e-02	2.021183e-06	4.434070e-02	-4.905807e-02	-9.169966e-02	-3.946561e-02	5.360093e-02	-2.231648e-02	4.291986e-02	1.658111e-02	-9.807805e-04	-2.243881e-05	-5.782764e-04	-3.644528e-02	-9.053046e-02	-1.494486e-02	-1.038810e-01	-1.194454e-01	-1.321393e-02	-5.417718e-04	
-9.716610e-02	-1.009596e-01	4.425946e-01	-1.078543e-01	-9.475242e-02	-9.885412e-02	-2.218072e-02	-2.037270e-02	3.067389e-01	0.000000e+00	2.193248e-02	-1.161113e-01	1.795549e-01	1.084042e-01	-4.195222e-02	2.021183e-06	4.327037e-02	-5.109963e-02	-9.140944e-02	-3.501379e-02	5.842425e-02	-1.608128e-02	-2.224644e-02	1.283861e-02	-7.066205e-04	2.079022e-04	-7.328064e-04	-8.728929e-02	-1.201499e-04	-2.546981e-02	-2.156260e-02	5.915216e-02	1.903702e-02	-2.426857e-02	
-9.716610e-02	-1.009596e-01	1.367401e-01	-1.034185e-01	-9.475242e-02	-9.885412e-02	-2.218072e-02	-2.037270e-02	6.646459e-01	0.000000e+00	-6.700981e-02	-6.617959e-02	2.276635e-01	-1.675162e-02	-4.195222e-02	2.021183e-06	4.219245e-02	-5.310529e-02	-9.097468e-02	-3.046356e-02	6.299102e-02	-1.263958e-02	-5.873441e-03	-1.500579e-02	-8.359505e-04	3.633722e-04	-6.126664e-04	5.475306e-02	1.519863e-02	-7.753853e-02	4.354238e-02	-3.095522e-02	-7.619122e-03	-6.445802e-02	
-9.716610e-02	-1.009596e-01	-6.666803e-02	-1.011777e-01	-9.475242e-02	-9.885412e-02	-2.218072e-02	-2.037270e-02	9.098682e-01	0.000000e+00	-1.106013e-01	-2.952135e-02	1.460516e-01	-8.949969e-02	-4.195222e-02	1.757094e-03	4.110710e-02	-5.507362e-02	-9.039607e-02	-2.582770e-02	6.728118e-02	-2.076638e-02	4.630686e-02	3.291361e-02	-6.365215e-04	5.301719e-05	-6.096164e-04	-6.132931e-02	5.165389e-03	8.229919e-02	5.482874e-02	2.457721e-03	7.684503e-02	1.504078e-03	
-9.365578e-02	-1.009596e-01	-1.674684e-01	-1.001255e-01	-9.475242e-02	-9.885412e-02	-2.218072e-02	-2.037270e-02	8.523746e-01	0.000000e+00	-1.262537e-01	-7.455282e-03	4.866414e-02	-8.160531e-02	-3.844208e-02	4.879727e-02	4.001454e-02	-5.700325e-02	-8.967453e-02	-2.111924e-02	7.127590e-02	-1.603568e-02	-4.279964e-02	-4.114294e-03	-2.639015e-04	2.079022e-04	-6.650864e-04	3.652428e-02	4.696590e-02	-2.603687e-02	-5.581812e-02	7.418398e-02	-6.138445e-02	2.764973e-02	
1.920834e-02	-1.009596e-01	-2.018936e-01	-9.966004e-02	-9.475242e-02	-9.885412e-02	-2.218072e-02	-2.037270e-02	5.467203e-01	0.000000e+00	-1.257225e-01	4.665329e-03	-1.715901e-02	-5.087975e-02	5.563836e-02	1.114224e-01	3.891494e-02	-5.889281e-02	-8.881119e-02	-1.635143e-02	7.495763e-02	-3.229718e-02	1.107186e-02	5.340311e-02	-5.649185e-04	2.079022e-04	-3.115464e-04	-3.662247e-02	-7.289159e-02	1.074322e-01	-1.634419e-01	-3.708641e-02	-6.598530e-02	2.801413e-02	
3.372435e-01	-1.009596e-01	-1.992595e-01	-9.945876e-02	-9.475242e-02	-9.885412e-02	-2.218072e-02	-2.037270e-02	2.354231e-01	0.000000e+00	-1.171334e-01	9.756628e-03	-5.309535e-02	-2.268289e-02	1.844010e-01	6.034896e-02	3.780851e-02	-6.074099e-02	-8.780742e-02	-1.153765e-02	7.831021e-02	-2.337628e-02	-5.284244e-02	1.903741e-02	-3.723565e-04	4.583019e-05	-5.343864e-04	-9.895442e-02	-5.568411e-02	-1.480321e-02	-1.358968e-01	5.428140e-02	-1.558694e-01	3.710478e-03	
6.402168e-01	-1.009596e-01	-1.791560e-01	-9.937916e-02	-9.475242e-02	-9.213663e-02	-2.218072e-02	-2.037270e-02	2.977093e-02	0.000000e+00	-1.064144e-01	1.013483e-02	-6.252480e-02	4.171184e-02	1.763375e-01	-4.587431e-02	3.669543e-02	-6.254647e-02	-8.666482e-02	-6.691450e-03	8.131891e-02	-3.404928e-02	5.342486e-02	5.325841e-02	-3.417545e-04	2.079022e-04	-3.204064e-04	8.301497e-02	6.815177e-03	-4.714551e-02	-1.161443e-01	-1.090560e-01	-6.119251e-02	3.912988e-02	
6.277741e-01	-1.009596e-01	-1.546316e-01	-9.934900e-02	-9.475242e-02	4.524559e-02	-2.218072e-02	-2.037270e-02	-7.641727e-02	0.000000e+00	-9.706229e-02	8.119130e-03	3.032832e-02	9.404040e-02	9.265346e-02	-7.948568e-02	3.557591e-02	-6.430799e-02	-8.538517e-02	-1.826438e-03	8.397052e-02	-3.184018e-02	-1.793124e-02	3.538111e-02	-3.857945e-04	2.079022e-04	-2.702464e-04	1.328681e-01	-9.852974e-02	-8.149636e-02	6.834775e-02	1.776455e-01	1.128462e-01	-3.621162e-02	
3.764710e-01	-1.009596e-01	-1.331961e-01	-9.934542e-02	-9.475242e-02	3.777099e-01	-2.218072e-02	-2.037270e-02	-1.162150e-01	0.000000e+00	-9.036905e-02	5.522867e-03	1.255560e-01	3.835141e-02	1.736524e-02	-6.080431e-02	3.445013e-02	-6.602432e-02	-8.397052e-02	3.043707e-03	8.625340e-02	-3.086838e-02	-2.594141e-03	7.044806e-03	-7.010105e-04	-4.001281e-05	-3.033264e-04	4.076548e-02	1.979063e-02	-1.078986e-01	1.793741e-01	-5.454077e-02	7.876578e-02	-5.790837e-02	
1.218184e-01	-1.009596e-01	-1.176706e-01	-9.934542e-02	-9.475238e-02	7.118189e-01	-2.218072e-02	-2.037270e-02	-1.171583e-01	0.000000e+00	-8.620538e-02	3.335755e-03	1.070311e-01	-3.384216e-02	-2.895783e-02	-3.510556e-02	3.331830e-02	-6.769425e-02	-8.242309e-02	7.905298e-03	8.815752e-02	-3.518428e-02	2.723186e-02	2.767071e-02	-7.518205e-04	2.079022e-04	-2.687164e-04	-2.599605e-02	-5.455580e-02	4.775849e-02	7.655302e-02	4.468524e-02	1.686556e-01	-6.092957e-02	
-4.480891e-02	-1.009596e-01	-1.078531e-01	-9.934542e-02	-7.797250e-02	8.549003e-01	-2.218072e-02	-2.037270e-02	-9.935479e-02	0.000000e+00	-8.388382e-02	1.847811e-03	5.787168e-02	2.417194e-02	-5.284963e-02	-1.665635e-02	3.218062e-02	-6.931660e-02	-8.074534e-02	1.274467e-02	8.967453e-02	-3.528438e-02	-2.517154e-02	-1.741569e-02	-5.871665e-04	-1.686378e-04	-4.838064e-04	-5.505933e-02	3.877219e-02	-4.404056e-02	1.315014e-01	-5.217516e-02	1.002379e-02	3.039978e-03	
-1.321666e-01	-1.009596e-01	-1.022735e-01	-9.934542e-02	1.047900e-01	6.707944e-01	-2.218072e-02	-2.037270e-02	-7.665889e-02	0.000000e+00	-8.269462e-02	9.658884e-04	1.553750e-01	9.708223e-02	-6.227482e-02	-4.975816e-03	3.103728e-02	-7.089024e-02	-7.893990e-02	1.754822e-02	9.079775e-02	-4.214748e-02	5.511586e-02	3.838511e-02	-5.430565e-04	-1.267448e-04	-2.687164e-04	-8.094699e-02	4.450711e-02	1.286424e-01	4.352868e-03	2.707887e-02	1.263190e-01	2.564183e-02	
-1.668170e-01	-1.009596e-01	-9.937473e-02	-9.934542e-02	4.549923e-01	3.381101e-01	-2.218072e-02	-2.037270e-02	-5.684526e-02	0.000000e+00	-8.213618e-02	4.933575e-04	2.520361e-01	1.903147e-02	-6.280577e-02	1.728372e-03	2.988849e-02	-7.241405e-02	-7.700965e-02	2.230244e-02	9.152226e-02	-3.293448e-02	-2.644504e-02	-1.337394e-03	-5.118545e-06	6.843919e-05	-2.687164e-04	8.867765e-02	1.137629e-01	1.006363e-02	9.587393e-03	6.372416e-02	-6.627066e-02	3.478838e-02	
-1.697161e-01	-1.009596e-01	-9.798053e-02	-9.934542e-02	7.670244e-01	6.480029e-02	-2.218072e-02	-2.037270e-02	-4.266209e-02	0.000000e+00	-8.189171e-02	2.653353e-04	1.934380e-01	-8.617428e-02	-5.882260e-02	4.592686e-03	2.873445e-02	-7.388697e-02	-7.495763e-02	2.699398e-02	9.184488e-02	-3.912088e-02	5.542886e-02	4.733641e-02	-1.030201e-03	-3.013681e-05	-4.266264e-04	8.884091e-02	-6.906344e-02	1.326805e-01	4.087853e-03	-9.550254e-02	3.348238e-02	6.844838e-02	
-1.566152e-01	-1.009596e-01	-9.735917e-02	-9.934542e-02	8.468446e-01	-9.741065e-02	-2.218072e-02	-2.037270e-02	-3.382232e-02	0.000000e+00	-8.178917e-02	1.652395e-04	7.968759e-02	-9.970238e-02	-5.362484e-02	4.858189e-03	2.757536e-02	-7.530796e-02	-7.278709e-02	3.160965e-02	9.176419e-02	-3.253228e-02	-4.121364e-02	2.462706e-03	-2.994025e-04	1.327672e-04	-3.062464e-04	-4.428763e-02	4.742037e-02	1.035609e-02	6.056717e-02	-1.553929e-02	-3.150307e-03	6.644478e-02	
-1.388968e-01	-1.009596e-01	-9.709300e-02	-9.934542e-02	6.114659e-01	-1.730046e-01	-2.218072e-02	-2.037270e-02	-2.887623e-02	0.000000e+00	-8.174482e-02	1.244104e-04	-5.966796e-03	-4.480623e-02	-4.911054e-02	3.850672e-03	2.641142e-02	-7.667602e-02	-7.050146e-02	3.613646e-02	9.128055e-02	-2.811588e-02	9.882859e-03	8.687306e-03	-4.934245e-04	-1.901178e-04	-3.298964e-04	4.445307e-02	6.185432e-02	-5.582529e-02	-6.187446e-02	-8.587257e-02	1.359308e-01	-4.359877e-02	
-1.231643e-01	-1.009596e-01	-9.698007e-02	-9.934542e-02	2.791404e-01	-1.422041e-01	-2.218072e-02	-2.037270e-02	-2.634333e-02	0.000000e+00	-8.172391e-02	1.022314e-04	-9.924874e-03	4.175612e-02	-4.592770e-02	2.566223e-03	2.524284e-02	-7.799019e-02	-6.810434e-02	4.056171e-02	9.039607e-02	-3.732728e-02	-1.999094e-02	1.790741e-02	-3.095605e-04	-1.069981e-05	-3.843864e-04	2.130496e-02	-1.292077e-02	1.908966e-02	-7.131386e-02	1.130598e-02	4.131351e-02	-6.317022e-02	
-1.118424e-01	-1.009596e-01	-9.693662e-02	-9.934542e-02	2.791351e-02	1.249540e-01	-2.218072e-02	-2.037270e-02	-2.513984e-02	0.000000e+00	-8.172391e-02	9.177579e-05	7.754545e-02	5.131605e-02	-4.398223e-02	1.507690e-03	2.406983e-02	-7.924956e-02	-6.559955e-02	4.487295e-02	8.911464e-02	-3.176748e-02	-1.043541e-03	-2.356289e-02	-9.275605e-04	-2.386878e-04	-5.488464e-04	-7.824227e-03	-8.769834e-02	-4.931168e-02	-4.124212e-03	-8.486061e-03	-5.682695e-02	-1.586422e-02	
-1.047834e-01	-1.009596e-01	-9.692512e-02	-9.934542e-02	-1.142604e-01	5.049513e-01	-2.218072e-02	-2.037270e-02	-2.460377e-02	0.000000e+00	-8.172391e-02	9.177579e-05	9.270723e-02	-1.863921e-02	-4.291641e-02	1.450290e-03	2.289258e-02	-8.045322e-02	-6.299102e-02	4.905807e-02	8.744190e-02	-1.647788e-02	-4.877244e-02	8.156506e-03	-1.931495e-04	7.217619e-05	-8.307764e-04	-6.067789e-02	2.497356e-02	1.135508e-02	8.351841e-02	-1.264579e-01	1.812469e-02	2.873403e-02	
-9.954549e-02	-1.009596e-01	-9.692512e-02	-9.934542e-02	-1.768294e-01	7.819333e-01	-2.218072e-02	-2.037270e-02	-2.436970e-02	0.000000e+00	-8.172391e-02	9.177579e-05	4.026703e-02	-5.289161e-02	-4.108571e-02	3.507619e-02	2.171132e-02	-8.160034e-02	-6.028289e-02	5.310529e-02	8.538517e-02	-4.258788e-02	6.317086e-02	3.945321e-02	-6.068425e-04	-7.394881e-05	-5.610764e-04	6.556857e-03	3.851514e-02	1.332633e-01	-7.977007e-02	8.048256e-02	-3.897106e-03	7.846178e-02	
-1.268485e-02	-1.009596e-01	-9.692512e-02	-9.934542e-02	-1.905321e-01	7.552050e-01	-2.218072e-02	-2.037270e-02	-2.427609e-02	0.000000e+00	-8.172391e-02	9.177579e-05	-1.307599e-02	-4.280332e-02	2.723195e-02	9.085681e-02	2.052624e-02	-8.269012e-02	-5.747945e-02	5.700325e-02	8.295351e-02	-3.306838e-02	-6.410884e-02	-1.426279e-02	-1.159885e-04	-1.470808e-04	-6.044764e-04	3.794304e-03	-5.112117e-02	7.594044e-02	4.925918e-02	-6.792389e-02	-1.395845e-01	8.852038e-02	
2.843081e-01	-1.009596e-01	-9.692512e-02	-9.934542e-02	-1.782191e-01	4.670049e-01	-2.218072e-02	-2.037270e-02	-2.424036e-02	0.000000e+00	-8.172391e-02	9.177579e-05	-4.533962e-02	-2.388570e-02	1.406255e-01	5.794144e-02	1.933755e-02	-8.372177e-02	-5.458511e-02	6.074099e-02	8.015757e-02	-3.314438e-02	5.816859e-03	3.138661e-02	-6.180835e-04	-1.689058e-04	-6.540064e-04	-5.036619e-02	-7.057363e-02	1.071433e-02	-2.676695e-02	5.729375e-02	1.380977e-02	1.195948e-02	
6.089357e-01	-1.009596e-01	-9.692512e-02	-9.934542e-02	-1.562153e-01	1.616285e-01	-2.218072e-02	-2.037270e-02	-2.423349e-02	0.000000e+00	-8.172391e-02	2.553371e-03	-6.084740e-02	-1.046701e-02	1.431150e-01	-3.260372e-02	1.814547e-02	-8.469459e-02	-5.160447e-02	6.430799e-02	7.700965e-02	-3.567668e-02	-6.006574e-02	1.519981e-02	-4.280655e-05	-4.118878e-04	-6.126164e-04	-6.519658e-02	5.357403e-02	-7.796089e-02	-1.850868e-02	5.618369e-02	-6.888210e-02	-4.779972e-03	
6.409814e-01	-1.009596e-01	-9.200193e-02	-9.934542e-02	-1.346766e-01	-4.302566e-02	-2.218072e-02	-2.037270e-02	-2.423349e-02	0.000000e+00	-7.680072e-02	6.380556e-02	-6.627364e-02	-2.453503e-03	7.541831e-02	-6.591428e-02	1.695019e-02	-8.560788e-02	-4.854223e-02	6.769425e-02	7.352357e-02	-4.698438e-02	2.132686e-02	5.607561e-02	-1.611485e-04	8.787419e-05	-2.030564e-04	-8.786915e-02	6.237639e-02	4.786275e-02	-7.547864e-02	-3.008162e-02	6.525678e-02	5.259518e-02	
4.066739e-01	-1.009596e-01	3.293029e-02	-9.934542e-02	-1.181537e-01	-1.496815e-01	-2.218072e-02	-2.037270e-02	-2.423349e-02	0.000000e+00	4.570666e-02	1.735071e-01	-6.575440e-02	2.044932e-03	1.128516e-02	-5.214910e-02	1.575194e-02	-8.646101e-02	-4.540323e-02	7.089024e-02	6.971462e-02	-3.294668e-02	-2.350614e-02	1.176771e-02	-3.556475e-04	-1.553658e-04	-3.045564e-04	6.689323e-02	8.965055e-02	-6.477950e-02	-4.766201e-02	9.406178e-02	-4.014225e-02	-2.223572e-03	
1.465891e-01	-1.009596e-01	3.585854e-01	-9.934542e-02	-1.073197e-01	-1.902521e-01	-2.218072e-02	-2.037270e-02	-2.423349e-02	0.000000e+00	2.701076e-01	1.270519e-01	-6.218377e-02	3.980210e-03	-2.888269e-02	-3.057952e-02	1.455092e-02	-8.725337e-02	-4.219245e-02	7.388697e-02	6.559955e-02	-3.258768e-02	9.403986e-02	1.896261e-02	-5.116735e-04	1.123872e-04	-4.778264e-04	1.246870e-01	-5.153289e-02	-3.122391e-03	1.811067e-03	-1.154857e-01	5.470691e-02	2.258823e-02	
-2.967780e-02	-1.009596e-01	6.976448e-01	-9.934542e-02	-1.010080e-01	-1.918376e-01	-2.218072e-02	-2.037270e-02	-2.423349e-02	0.000000e+00	2.998414e-01	-4.879542e-02	-5.779398e-02	4.102118e-03	-4.987762e-02	-1.478706e-02	1.334735e-02	-8.798441e-02	-3.891494e-02	7.667602e-02	6.119641e-02	-3.205488e-02	-2.469994e-02	2.717306e-03	-5.244325e-04	3.074992e-04	-2.030564e-04	-2.385745e-02	2.914379e-02	1.910886e-02	2.216648e-01	-3.998331e-02	6.262753e-02	2.728583e-02	
-1.243939e-01	-1.009594e-01	8.529902e-01	-9.934542e-02	-9.766550e-02	-1.743812e-01	-2.218072e-02	-2.037270e-02	-2.423349e-02	0.000000e+00	1.725657e-01	-1.303986e-01	-5.397954e-02	3.270661e-03	-5.846104e-02	4.006554e-03	1.214143e-02	-8.865361e-02	-3.557591e-02	7.924956e-02	5.652455e-02	-3.840778e-02	7.230386e-02	2.966281e-02	-3.646385e-04	1.401772e-04	-4.638964e-04	4.829869e-02	9.974194e-02	4.054109e-02	2.390530e-02	-1.259775e-01	5.243122e-02	2.733588e-02	
-1.639179e-01	-8.217570e-02	6.797570e-01	-9.934542e-02	-9.603130e-02	-1.517637e-01	-2.218072e-02	-2.037270e-02	-2.423349e-02	0.000000e+00	3.901553e-02	-1.102254e-01	-5.125266e-02	2.210925e-03	-4.186894e-02	6.209324e-02	1.093337e-02	-8.926050e-02	-3.218062e-02	8.160034e-02	5.160447e-02	-3.550948e-02	-7.119164e-02	2.481031e-02	-4.088455e-05	-7.871581e-05	-6.037464e-04	8.349609e-02	-1.925775e-02	-1.598894e-02	-2.003086e-02	3.521074e-02	2.138147e-02	5.300703e-02	
-1.697641e-01	1.071546e-01	3.492759e-01	-9.934542e-02	-9.528514e-02	-1.318702e-01	-2.218072e-02	-2.037270e-02	-2.423349e-02	0.000000e+00	-4.799514e-02	-6.664150e-02	-4.955769e-02	1.322302e-03	6.572141e-02	8.389875e-02	9.723398e-03	-8.980466e-02	-2.873445e-02	8.372177e-02	4.645779e-02	-5.169058e-02	9.427859e-03	-2.424094e-03	-7.257905e-04	1.401772e-04	-2.207164e-04	-2.038649e-02	-6.947074e-02	6.546881e-03	-5.186239e-03	-1.654138e-01	-7.102056e-02	5.601233e-02	
-1.580549e-01	4.590995e-01	7.367009e-02	-9.934542e-02	-9.495833e-02	-1.175667e-01	-2.218072e-02	-2.037270e-02	-2.423349e-02	0.000000e+00	-9.443047e-02	-3.300254e-02	-4.860806e-02	2.465718e-03	1.259270e-01	1.159525e-02	8.511714e-03	-9.028571e-02	-2.524284e-02	8.560788e-02	4.110710e-02	-4.551928e-02	-5.627334e-02	2.690706e-03	-1.877935e-04	1.401772e-04	-2.795464e-04	-1.247476e-01	1.238084e-02	1.894940e-02	3.092638e-02	1.470035e-02	7.666076e-04	-2.553547e-02	
-1.406258e-01	7.396283e-01	-9.128013e-02	-9.934542e-02	-9.131203e-02	-1.086153e-01	-2.218072e-02	-2.037270e-02	-2.423349e-02	0.000000e+00	-1.141915e-01	-1.136666e-02	-4.462625e-02	4.431422e-02	8.891178e-02	-4.918068e-02	7.298534e-03	-9.070330e-02	-2.171132e-02	8.725337e-02	3.557591e-02	-4.007608e-02	2.286286e-02	1.526461e-02	-2.851065e-04	1.401772e-04	-2.423464e-04	2.985443e-02	5.970918e-02	-6.725469e-02	-9.987967e-02	-6.768032e-02	6.864969e-02	-2.848517e-02	
-1.246040e-01	7.010171e-01	-1.691314e-01	-9.934542e-02	2.160488e-02	-1.035906e-01	-2.218072e-02	-2.037270e-02	-2.423349e-02	0.000000e+00	-1.173671e-01	1.362840e-03	4.002039e-02	9.372989e-02	2.756466e-02	-5.305719e-02	6.084072e-03	-9.105715e-02	-1.814547e-02	8.865361e-02	2.988849e-02	-3.823468e-02	-3.329744e-02	2.451106e-03	4.958735e-04	1.401772e-04	-2.798764e-04	5.150243e-02	-8.208825e-02	-5.853898e-02	-4.152012e-03	8.013135e-02	7.727856e-02	-2.062342e-02	
-1.128282e-01	4.193750e-01	-1.919358e-01	-9.934542e-02	3.397150e-01	-1.010107e-01	-2.218072e-02	-2.037270e-02	-2.423349e-02	0.000000e+00	-1.116711e-01	7.266337e-03	1.428335e-01	4.484342e-02	-1.720501e-02	-3.503715e-02	4.868541e-03	-9.134700e-02	-1.455092e-02	8.980466e-02	2.406983e-02	-3.259978e-02	1.220686e-02	-1.354649e-02	-2.511125e-04	1.401772e-04	-4.636564e-04	-7.883069e-02	-4.287270e-02	-5.936835e-02	7.949696e-03	-8.273513e-02	-7.077829e-02	-1.868902e-02	
-1.053726e-01	1.364673e-01	-1.841298e-01	-9.934542e-02	6.833501e-01	-9.978209e-02	-2.218072e-02	-2.037270e-02	-2.423349e-02	0.000000e+00	-1.030363e-01	8.383504e-03	1.297072e-01	-4.178971e-02	-4.251311e-02	-1.863725e-02	3.652154e-03	-9.157265e-02	-1.093337e-02	9.070330e-02	1.814547e-02	-3.915608e-02	-1.608274e-02	3.684006e-03	2.507220e-04	2.346512e-04	1.718363e-05	-1.084747e-01	-4.628682e-03	-4.259828e-02	1.448367e-02	6.714156e-02	2.798706e-02	-2.643030e-02	
-1.011591e-01	-4.873076e-02	-1.633976e-01	-9.934542e-02	8.551345e-01	-9.923380e-02	-2.218072e-02	-2.037270e-02	-2.423349e-02	0.000000e+00	-9.510063e-02	6.962892e-03	5.925410e-02	-6.570401e-02	-5.448358e-02	-7.713740e-03	2.435126e-03	-9.173394e-02	-7.298534e-03	9.134700e-02	1.214143e-02	-3.285368e-02	5.464859e-03	-1.739419e-02	-1.023725e-04	-8.179081e-05	-2.596864e-04	3.554804e-03	9.864536e-02	-1.354182e-01	-7.659490e-02	2.535649e-02	5.937210e-04	-3.611560e-02	
-9.898695e-02	-1.448768e-01	-1.412849e-01	-9.934542e-02	6.987062e-01	-9.899450e-02	-2.218072e-02	-2.037270e-02	-2.423349e-02	0.000000e+00	-8.930218e-02	4.813642e-03	-1.700793e-03	-4.895730e-02	-5.794493e-02	-9.711163e-04	1.217670e-03	-9.183076e-02	-3.652154e-03	9.173394e-02	6.084072e-03	-3.891048e-02	1.508459e-03	1.191821e-02	-1.734595e-04	1.740302e-04	-1.399064e-04	5.117662e-02	-2.323610e-02	-1.681572e-02	-4.980094e-02	1.108720e-01	1.293052e-02	-7.070412e-02	
-9.795021e-02	-1.817868e-01	-1.235174e-01	-9.934542e-02	3.701114e-01	-9.889834e-02	-2.218072e-02	-2.037270e-02	-2.423349e-02	0.000000e+00	-8.566152e-02	2.943493e-03	-3.866049e-02	-2.791074e-02	-5.643022e-02	2.572519e-03	-1.192622e-18	-9.186304e-02	1.788934e-18	9.186304e-02	-1.301043e-18	-3.854898e-02	-1.029941e-03	-2.802109e-02	-1.853275e-04	-2.719081e-05	-2.029564e-04	2.086602e-02	-3.326811e-02	-5.895710e-02	3.492293e-02	-7.937088e-03	-9.978765e-02	-7.571797e-02	
-9.748698e-02	-1.835377e-01	-1.114619e-01	-9.934542e-02	8.857053e-02	-9.886160e-02	-2.218072e-02	-2.037270e-02	-2.423349e-02	0.000000e+00	-8.360115e-02	1.880109e-02	-5.752228e-02	-1.304594e-02	-5.280427e-02	3.695524e-03	-1.217670e-03	-9.183076e-02	3.652154e-03	9.173394e-02	-6.084072e-03	-3.281428e-02	3.185286e-02	2.412631e-02	-7.419555e-05	1.687819e-05	-4.871564e-04	-1.032819e-02	-1.198112e-01	4.432415e-04	7.586170e-03	1.012419e-01	6.326322e-02	-1.962917e-02	
-9.729042e-02	-1.680041e-01	-6.995602e-02	-9.934542e-02	-8.235856e-02	-9.885412e-02	-2.218072e-02	-2.037270e-02	-2.423349e-02	0.000000e+00	-4.824404e-02	1.236782e-01	-6.475237e-02	-3.672325e-03	-4.904347e-02	3.353217e-03	-2.435126e-03	-9.173394e-02	7.298534e-03	9.134700e-02	-1.214143e-02	-3.682038e-02	-2.726084e-02	-5.399749e-02	3.643953e-04	-1.180088e-04	-1.007664e-04	-8.472788e-02	-2.470216e-02	-9.845766e-02	2.821026e-02	5.476244e-02	-7.235039e-02	5.687287e-02	
-9.720408e-02	-1.477917e-01	1.620547e-01	-9.934542e-02	-1.642637e-01	-9.885412e-02	-2.218072e-02	-2.037270e-02	-2.423349e-02	0.000000e+00	1.635921e-01	1.939066e-01	-6.486693e-02	1.655911e-03	-4.610204e-02	2.438963e-03	-3.652154e-03	-9.157265e-02	1.093337e-02	9.070330e-02	-1.814547e-02	-3.537398e-02	1.198686e-02	2.114391e-02	-3.771025e-04	-1.478428e-04	-1.919864e-04	-1.416044e-01	6.154600e-02	3.510868e-02	2.930451e-03	3.221766e-02	4.351855e-02	2.659897e-02	
-9.717125e-02	-1.300633e-01	5.223466e-01	-9.934542e-02	-1.894825e-01	-9.885412e-02	-2.218072e-02	-2.037270e-02	-2.423349e-02	0.000000e+00	3.395352e-01	5.871353e-02	-6.144055e-02	3.863692e-03	-4.416968e-02	6.003156e-03	-4.868541e-03	-9.134700e-02	1.455092e-02	8.980466e-02	-2.406983e-02	-3.264668e-02	-5.990744e-02	-1.587579e-02	8.618345e-05	2.744193e-06	-1.849864e-04	-2.170894e-02	1.187023e-01	2.941537e-02	-1.856271e-02	5.394382e-02	-6.813780e-02	1.032083e-02	
-8.821838e-02	-1.173719e-01	7.666458e-01	-9.934542e-02	-1.828911e-01	-9.885412e-02	-2.218072e-02	-2.037270e-02	-2.423349e-02	0.000000e+00	2.810923e-01	-1.057731e-01	-5.713954e-02	3.988174e-03	-3.409982e-02	7.793663e-02	-6.084072e-03	-9.105715e-02	1.814547e-02	8.865361e-02	-2.988849e-02	-3.210348e-02	4.710859e-03	-6.710394e-03	2.306145e-05	2.934472e-04	-1.495464e-04	9.721636e-02	5.703196e-04	4.710419e-02	2.798334e-02	6.406532e-02	-5.766854e-02	-3.857397e-02	
6.191442e-02	-1.094767e-01	6.762345e-01	-9.934542e-02	-1.625279e-01	-9.885412e-02	-2.218072e-02	-2.037270e-02	-2.423349e-02	0.000000e+00	1.280266e-01	-1.387067e-01	-5.346420e-02	3.119873e-03	1.116997e-01	1.798294e-01	-7.298534e-03	-9.070330e-02	2.171132e-02	8.725337e-02	-3.557591e-02	-3.281018e-02	-1.159974e-02	-3.110079e-02	-9.311155e-05	-1.130628e-04	-1.005964e-04	4.704391e-02	-3.684890e-02	-6.680457e-03	3.436843e-02	5.439053e-02	-3.138058e-02	-6.237477e-02	
4.004198e-01	-1.050714e-01	3.796168e-01	-9.934542e-02	-1.402892e-01	-9.885412e-02	-2.218072e-02	-2.037270e-02	-2.423349e-02	0.000000e+00	3.623108e-03	-9.903672e-02	-5.089980e-02	2.059803e-03	3.255586e-01	1.089268e-01	-8.511714e-03	-9.028571e-02	2.524284e-02	8.560788e-02	-4.110710e-02	-3.694548e-02	3.763786e-02	7.343406e-03	-1.670815e-04	-8.392481e-05	-1.119664e-04	2.961865e-02	-8.744722e-02	2.799554e-03	9.510051e-02	5.141667e-02	1.048397e-02	-3.482312e-02	
7.131652e-01	-1.028225e-01	1.072485e-01	-9.934542e-02	-1.222044e-01	-9.885412e-02	-2.218072e-02	-2.037270e-02	-2.423349e-02	0.000000e+00	-7.017841e-02	-5.512854e-02	-4.934459e-02	1.200916e-03	3.295578e-01	-6.505738e-02	-9.723398e-03	-8.980466e-02	2.873445e-02	8.372177e-02	-4.645779e-02	-2.452978e-02	5.487986e-02	-1.250519e-02	1.037785e-04	-3.329078e-04	-4.204364e-04	-7.786369e-02	6.030281e-03	-1.037985e-02	-1.515164e-02	5.501092e-02	-1.866048e-02	-4.144217e-02	
7.357709e-01	-1.017575e-01	-6.403381e-02	-9.934542e-02	-1.098545e-01	-9.885412e-02	-2.218072e-02	-2.037270e-02	-2.423349e-02	0.000000e+00	-1.068105e-01	-2.463268e-02	-4.849797e-02	6.343871e-04	1.954485e-01	-1.298822e-01	-1.093337e-02	-8.926050e-02	3.218062e-02	8.160034e-02	-5.160447e-02	-2.502758e-02	-7.374044e-02	-1.949299e-02	2.860451e-04	-2.815381e-05	-3.371464e-04	2.672137e-02	8.690448e-02	3.077342e-04	-3.658348e-02	-1.848055e-02	2.832621e-02	3.225731e-02	
4.769457e-01	-9.777427e-02	-1.500238e-01	-9.934542e-02	-1.024290e-01	-9.885412e-02	-2.218072e-02	-2.037270e-02	-2.423349e-02	0.000000e+00	-1.196426e-01	-5.620584e-03	-4.807582e-02	3.088443e-04	6.979490e-02	-6.767416e-02	-1.214143e-02	-8.865361e-02	3.557591e-02	7.924956e-02	-5.652455e-02	-3.078438e-02	1.396286e-02	1.411831e-02	3.951745e-05	-2.118678e-04	-2.087164e-04	5.073045e-02	-5.072324e-02	5.800849e-02	-4.995498e-02	-6.871445e-02	-3.726296e-02	2.264086e-02	
1.825608e-01	1.529432e-02	-1.804522e-01	-9.934542e-02	-9.839368e-02	-9.885412e-02	-2.218072e-02	-2.037270e-02	-2.423349e-02	0.000000e+00	-1.182583e-01	4.816978e-03	-4.788028e-02	1.402856e-04	6.009870e-02	1.253704e-02	-1.334735e-02	-8.798441e-02	3.891494e-02	7.667602e-02	-6.119641e-02	-2.140898e-02	-4.305844e-02	-8.892494e-03	1.777535e-04	1.008302e-04	-1.667064e-04	6.750459e-02	-9.305973e-02	-3.542752e-02	1.350364e-02	1.103664e-02	-6.702622e-04	-1.830942e-02	
-2.032673e-02	3.334713e-01	-1.785353e-01	-9.934542e-02	-9.637729e-02	-9.885412e-02	-2.218072e-02	-2.037270e-02	-2.423349e-02	0.000000e+00	-1.102145e-01	8.767524e-03	-4.779525e-02	6.001441e-05	9.486731e-02	1.029438e-03	-1.455092e-02	-8.725337e-02	4.219245e-02	7.388697e-02	-6.559955e-02	-2.731088e-02	2.944486e-02	-2.321469e-02	-1.564915e-04	2.078272e-04	-1.945564e-04	-6.044977e-02	-9.544964e-02	-2.806607e-02	3.713168e-03	-5.523076e-02	-6.916830e-02	-1.618212e-02	
-1.295919e-01	6.706797e-01	-1.614832e-01	-9.934542e-02	-9.543919e-02	-9.885412e-02	-2.218072e-02	-2.037270e-02	-2.423349e-02	0.000000e+00	-1.009242e-01	8.575056e-03	-4.776025e-02	2.578021e-05	6.215672e-02	-4.546554e-02	-1.575194e-02	-8.646101e-02	4.540323e-02	7.089024e-02	-6.971462e-02	-1.813668e-02	-1.468124e-02	-2.100699e-02	-2.085645e-04	2.078272e-04	-2.548864e-04	-1.089261e-01	2.090690e-03	-2.475771e-02	7.422550e-02	1.729231e-03	1.977009e-02	-7.123597e-02	
-1.747396e-01	7.614358e-01	-1.411618e-01	-9.934542e-02	-9.502610e-02	-9.885412e-02	-2.218072e-02	-2.037270e-02	-2.423349e-02	0.000000e+00	-9.325961e-02	6.544960e-03	-4.774369e-02	1.085945e-05	3.934614e-03	-4.900064e-02	-1.695019e-02	-8.560788e-02	4.854223e-02	6.769425e-02	-7.352357e-02	-1.206328e-02	7.299859e-03	-4.734149e-02	-5.084265e-04	-1.053858e-04	-5.048164e-04	-2.298873e-02	8.682786e-02	-1.117438e-01	-2.170090e-02	6.373834e-02	-1.128378e-02	-3.482487e-02	
-1.800726e-01	5.368554e-01	-1.239908e-01	-9.934542e-02	-9.484931e-02	-9.885412e-02	-2.218072e-02	-2.037270e-02	-2.423349e-02	0.000000e+00	-8.802484e-02	4.274872e-03	-4.773853e-02	2.578243e-06	-3.584754e-02	8.205595e-04	-1.814547e-02	-8.469459e-02	5.160447e-02	6.430799e-02	-7.700965e-02	-1.170848e-02	-6.793214e-02	-1.767219e-02	5.744625e-04	-5.053081e-05	-1.045764e-04	8.816116e-02	-4.166173e-03	-3.506764e-02	-1.835104e-02	4.247855e-03	1.645385e-02	4.979118e-02	
-8.677719e-02	2.320257e-01	-1.119888e-01	-9.934542e-02	-9.477984e-02	-9.885412e-02	-2.218072e-02	-2.037270e-02	-2.423349e-02	0.000000e+00	-8.489726e-02	2.498316e-03	-4.773853e-02	3.127608e-11	5.571833e-03	6.836468e-02	-1.933755e-02	-8.372177e-02	5.458511e-02	6.074099e-02	-8.015757e-02	-1.168828e-02	5.126986e-02	-6.624941e-04	1.729815e-04	-1.231348e-04	1.941436e-04	4.729326e-02	-4.350925e-02	2.724070e-02	2.344842e-02	8.575619e-02	-3.812696e-02	4.250803e-02	
2.244222e-01	7.474508e-03	-1.046544e-01	-9.934542e-02	-9.475367e-02	-9.885412e-02	-2.218072e-02	-2.037270e-02	-2.423349e-02	0.000000e+00	-8.321369e-02	1.350063e-03	-4.773853e-02	3.127608e-11	1.008789e-01	4.879790e-02	-2.052624e-02	-8.269012e-02	5.747945e-02	5.700325e-02	-8.295351e-02	-3.149479e-03	-7.153284e-02	-2.020689e-02	4.841495e-04	-1.640548e-04	-5.585637e-05	4.302724e-02	2.142264e-02	5.521318e-02	6.186292e-02	1.879466e-02	-5.395421e-02	4.862618e-02	
5.968475e-01	-1.185391e-01	-1.006199e-01	-9.934542e-02	-9.475242e-02	-9.885412e-02	-2.218072e-02	-2.037270e-02	-2.423349e-02	0.000000e+00	-8.238159e-02	6.993711e-04	-4.773853e-02	3.127608e-11	1.031669e-01	-2.744796e-02	-2.171132e-02	-8.160034e-02	6.028289e-02	5.310529e-02	-8.538517e-02	-1.206118e-02	-8.650041e-03	4.510306e-03	1.935395e-04	-2.776978e-04	4.882363e-05	1.124985e-01	5.366602e-03	1.134034e-01	-3.581562e-02	-2.360283e-03	-1.930116e-02	-1.040577e-02	
8.302041e-01	-1.741758e-01	-9.858465e-02	-9.934542e-02	-9.475242e-02	-9.885412e-02	-2.218072e-02	-2.037270e-02	-2.423349e-02	0.000000e+00	-8.199890e-02	3.659249e-04	-4.773853e-02	3.127608e-11	4.598228e-02	-5.495452e-02	-2.289258e-02	-8.045322e-02	6.299102e-02	4.905807e-02	-8.744190e-02	-1.122978e-02	-4.956864e-02	-3.106929e-02	5.325515e-04	2.078272e-04	-5.585637e-05	2.428885e-02	-7.869165e-02	3.599389e-02	1.158062e-01	7.223535e-03	-8.052508e-02	-8.573672e-03	
7.428048e-01	-1.864090e-01	-9.763044e-02	-9.934542e-02	-9.475242e-02	-9.885412e-02	-2.218072e-02	-2.037270e-02	-2.423349e-02	0.000000e+00	-8.183346e-02	2.084068e-04	-4.773853e-02	3.127608e-11	-6.744127e-03	-4.214680e-02	-2.406983e-02	-7.924956e-02	6.559955e-02	4.487295e-02	-8.911464e-02	-5.190079e-03	5.445886e-02	-1.546519e-02	1.722165e-04	-2.567078e-04	2.738636e-04	-4.347027e-02	3.492118e-02	-3.449959e-03	3.434442e-02	-8.472698e-02	2.137229e-02	5.103668e-02	
4.301397e-01	-1.753140e-01	-9.721047e-02	-9.934542e-02	-9.475242e-02	-9.885412e-02	-2.218072e-02	-2.037270e-02	-2.423349e-02	0.000000e+00	-8.176570e-02	1.425134e-04	-4.773853e-02	3.127608e-11	-3.831455e-02	-2.351475e-02	-2.524284e-02	-7.799019e-02	6.810434e-02	4.056171e-02	-9.039607e-02	-1.127788e-02	-3.822194e-02	1.316706e-03	7.186655e-04	3.485119e-05	3.173536e-04	-2.240050e-02	6.413195e-02	1.706325e-02	-3.035518e-02	7.492842e-03	5.284648e-02	2.726128e-02	
1.310002e-01	-1.555363e-01	-9.702833e-02	-9.934542e-02	-9.475242e-02	-9.885412e-02	-2.218072e-02	-2.037270e-02	-2.423349e-02	0.000000e+00	-8.173201e-02	1.126743e-04	-4.773853e-02	3.127608e-11	-5.377759e-02	-1.047802e-02	-2.641142e-02	-7.667602e-02	7.050146e-02	3.613646e-02	-9.128055e-02	-1.635868e-02	4.526886e-02	-9.323394e-03	9.137445e-05	-1.997778e-04	1.506136e-04	8.396245e-02	5.777992e-02	-2.977730e-02	-8.662072e-03	-1.048835e-01	-3.498720e-03	1.828058e-02	
-6.065137e-02	-1.362553e-01	-9.695497e-02	-9.934542e-02	-9.475242e-02	-9.885412e-02	-2.217928e-02	-2.037270e-02	-2.423349e-02	0.000000e+00	-8.172391e-02	9.582563e-05	-4.773853e-02	3.127608e-11	-5.927490e-02	8.726382e-03	-2.757536e-02	-7.530796e-02	7.278709e-02	3.160965e-02	-9.176419e-02	-1.197808e-02	-1.841874e-02	-1.333694e-03	-4.561545e-06	-2.542678e-04	7.428363e-05	2.423509e-02	-4.467302e-02	2.719939e-02	1.046993e-01	4.530483e-02	9.157591e-02	-4.496842e-02	
-1.570445e-01	-1.215445e-01	-9.692726e-02	-9.934542e-02	-9.475242e-02	-9.885412e-02	1.095218e-03	-2.037270e-02	-2.423349e-02	0.000000e+00	-8.172391e-02	9.177579e-05	-4.773853e-02	3.127608e-11	-3.632927e-02	7.708284e-02	-2.873445e-02	-7.388697e-02	7.495763e-02	2.699398e-02	-9.184488e-02	-1.220538e-02	2.659959e-03	-6.139549e-02	6.792405e-04	-4.058478e-04	1.780236e-04	-1.295496e-02	1.182333e-01	-2.159884e-02	6.311178e-02	-4.545282e-02	-1.926518e-02	-4.040222e-03	
-1.909307e-01	-1.119567e-01	-9.692512e-02	-9.934542e-02	-9.475242e-02	-9.885412e-02	2.035156e-01	-2.037270e-02	-2.423349e-02	0.000000e+00	-8.172391e-02	9.177579e-05	-4.773853e-02	3.127608e-11	9.488687e-02	1.021144e-01	-2.988849e-02	-7.241405e-02	7.700965e-02	2.230244e-02	-9.152226e-02	-1.172538e-02	4.159286e-02	2.648471e-02	2.829451e-04	-1.785878e-04	2.796336e-04	-2.678209e-02	3.175309e-02	1.556601e-01	-9.221319e-02	3.766071e-02	6.724841e-02	3.118725e-02	
-1.887357e-01	-1.064051e-01	-9.692512e-02	-9.934542e-02	-9.475242e-02	-9.885412e-02	5.583692e-01	-2.037270e-02	-2.423349e-02	0.000000e+00	-8.172391e-02	2.553371e-03	-4.773853e-02	3.127608e-11	1.678988e-01	1.335152e-02	-3.103728e-02	-7.089024e-02	7.893990e-02	1.754822e-02	-9.079775e-02	-1.139798e-02	-4.144964e-02	-4.518049e-02	8.244065e-04	-1.518218e-04	6.924536e-04	7.422601e-02	3.385586e-02	4.202756e-03	-1.936495e-02	3.834785e-02	-8.911169e-02	7.172335e-02	
-1.697507e-01	-1.034826e-01	-9.200193e-02	-9.934542e-02	-9.475242e-02	-9.885412e-02	8.261729e-01	-2.037270e-02	-2.423349e-02	0.000000e+00	-7.680072e-02	6.450351e-02	-4.773853e-02	3.127608e-11	1.215908e-01	-6.135227e-02	-3.218062e-02	-6.931660e-02	8.074534e-02	1.274467e-02	-8.967453e-02	-1.150548e-02	1.982886e-02	-9.996494e-03	3.719197e-04	-1.868578e-04	5.768136e-04	-2.000855e-03	-1.176638e-01	8.631977e-02	-4.973415e-02	-1.359070e-02	2.499453e-02	-5.635982e-03	
-1.470916e-01	-1.020619e-01	3.293029e-02	-9.934542e-02	-9.475242e-02	-9.885412e-02	7.677378e-01	-2.037270e-02	-2.423349e-02	0.000000e+00	4.710256e-02	1.849917e-01	-4.773853e-02	3.127608e-11	4.519397e-02	-6.612401e-02	-3.331830e-02	-6.769425e-02	8.242309e-02	7.905298e-03	-8.815752e-02	1.504572e-02	-4.674784e-02	-3.936349e-02	3.179553e-04	-3.732378e-04	2.377336e-04	-1.060958e-01	2.886691e-02	4.187174e-02	1.400754e-02	-2.669383e-03	-1.060993e-01	1.910200e-02	
-1.278585e-01	-1.014167e-01	3.584000e-01	-9.934542e-02	-9.475242e-02	-9.885412e-02	4.802812e-01	-2.037270e-02	-2.423349e-02	0.000000e+00	2.930776e-01	1.471655e-01	-4.773853e-02	5.028874e-03	-1.065928e-02	-4.373106e-02	-3.445013e-02	-6.602432e-02	8.397052e-02	3.043707e-03	-8.625340e-02	1.938307e-02	5.497486e-02	5.500906e-03	6.073025e-04	-5.893678e-04	1.314836e-04	1.319024e-02	7.726915e-02	8.353276e-02	-9.121524e-02	-7.545973e-02	2.935400e-02	4.914669e-02	
-1.143367e-01	-1.011376e-01	6.457172e-01	-9.934542e-02	-9.475242e-02	-8.861092e-02	2.018365e-01	-2.037270e-02	-2.423349e-02	0.000000e+00	3.414784e-01	-4.258156e-02	-3.768078e-02	5.721837e-02	-4.227147e-02	-2.329179e-02	-3.557591e-02	-6.430799e-02	8.538517e-02	-1.826438e-03	-8.397052e-02	2.120844e-02	-2.367284e-02	-2.533289e-02	1.186752e-03	-2.993978e-04	3.769136e-04	1.164311e-01	-5.436453e-02	-1.665898e-02	1.672434e-03	3.955524e-02	5.672292e-03	3.468525e-02	
-1.060228e-01	-1.010185e-01	6.076768e-01	-9.934542e-02	-9.475242e-02	6.798346e-02	2.243993e-02	-2.037270e-02	-2.423349e-02	0.000000e+00	2.079888e-01	-1.411537e-01	6.669820e-02	9.353408e-02	-5.724691e-02	-9.672367e-03	-3.669543e-02	-6.254647e-02	8.666482e-02	-6.691450e-03	-8.131891e-02	1.965728e-02	6.256286e-02	-1.533489e-02	2.720013e-04	-3.147678e-04	3.188236e-04	-1.531129e-02	-7.600824e-02	3.772587e-02	-3.014138e-02	-1.189631e-01	-4.845166e-02	1.483130e-02	
-1.014217e-01	-1.009726e-01	3.509847e-01	-9.934542e-02	-9.475242e-02	4.085958e-01	-6.953921e-02	-2.037270e-02	-2.423349e-02	0.000000e+00	5.916388e-02	-1.238983e-01	1.493874e-01	2.527392e-02	-6.162060e-02	-1.274224e-03	-3.780851e-02	-6.074099e-02	8.780742e-02	-1.153765e-02	-7.831021e-02	1.427372e-02	-3.817954e-02	-1.933179e-02	6.503155e-04	-2.503278e-04	3.539436e-04	-9.429175e-02	3.492570e-02	-2.468191e-02	1.689431e-02	-8.717888e-03	4.965708e-02	1.652448e-03	
-9.908695e-02	-1.009581e-01	1.040533e-01	-9.934542e-02	-9.475242e-02	6.655465e-01	-1.038610e-01	-2.037270e-02	-2.423349e-02	0.000000e+00	-3.990550e-02	-7.620092e-02	1.172460e-01	-5.206547e-02	-5.979986e-02	1.437309e-02	-3.891494e-02	-5.889281e-02	8.881119e-02	-1.635143e-02	-7.495763e-02	1.179432e-02	2.615686e-02	-3.932749e-02	8.025655e-04	-2.204678e-04	6.222236e-04	1.403001e-02	8.210738e-02	-8.631651e-02	-7.892734e-02	-7.376621e-02	9.378123e-02	-2.303312e-02	
-9.798630e-02	-7.768361e-02	-5.406606e-02	-9.934542e-02	-9.475242e-02	5.863324e-01	-1.041924e-01	-2.037270e-02	-2.423349e-02	0.000000e+00	-9.339603e-02	-3.827752e-02	4.525645e-02	-6.408017e-02	-3.287887e-02	7.965341e-02	-4.001454e-02	-5.700325e-02	8.967453e-02	-2.111924e-02	-7.127590e-02	1.884591e-02	1.870559e-03	-2.813729e-02	1.189820e-03	-3.132978e-04	8.845136e-04	3.915029e-02	-6.007581e-02	-3.261085e-02	-4.441360e-02	7.057527e-02	2.912522e-02	-5.271728e-02	
-9.749861e-02	1.247367e-01	-1.356849e-01	-9.934542e-02	-9.475242e-02	3.188356e-01	-8.810344e-02	-2.037270e-02	-2.423349e-02	0.000000e+00	-1.166512e-01	-1.372302e-02	-1.091429e-02	-4.444733e-02	9.950312e-02	1.024221e-01	-4.110710e-02	-5.507362e-02	9.039607e-02	-2.582770e-02	-6.728118e-02	2.173190e-02	5.643859e-03	-6.771449e-02	3.456987e-04	-2.584781e-05	5.252036e-04	-3.688410e-02	-5.314346e-02	-3.924765e-02	-1.362712e-02	-4.791806e-02	-5.276978e-02	-1.158354e-02	
-9.728666e-02	4.796269e-01	-1.669624e-01	-9.934542e-02	-9.475242e-02	7.931471e-02	-6.789037e-02	-2.037270e-02	-2.423349e-02	0.000000e+00	-1.210469e-01	8.276408e-04	-4.363821e-02	-2.441005e-02	1.719645e-01	1.249007e-02	-4.219245e-02	-5.310529e-02	9.097468e-02	-3.046356e-02	-6.299102e-02	8.539421e-03	1.336886e-02	-2.594259e-02	5.331595e-04	-1.790478e-04	5.738036e-04	-6.825651e-02	-1.242851e-01	-2.660725e-02	5.562274e-04	7.940770e-02	5.664561e-02	-5.021170e-02	
-9.720263e-02	7.800338e-01	-1.681432e-01	-9.934542e-02	-9.475242e-02	-6.942808e-02	-5.041671e-02	-2.037270e-02	-2.423349e-02	0.000000e+00	-1.152034e-01	7.734994e-03	-5.973440e-02	-1.079077e-02	1.244842e-01	-6.236618e-02	-4.327037e-02	-5.109963e-02	9.140944e-02	-3.501379e-02	-5.842425e-02	1.077462e-02	-2.787941e-03	-4.691149e-02	4.831185e-04	-2.192278e-04	4.174836e-04	-8.941137e-02	6.895203e-02	-9.415804e-03	1.578705e-02	9.498922e-03	-6.229616e-02	-8.067617e-02	
-9.691183e-02	8.310580e-01	-1.544880e-01	-9.934542e-02	-9.475242e-02	-1.442347e-01	-3.802285e-02	-2.037270e-02	-2.423349e-02	0.000000e+00	-1.057809e-01	9.229488e-03	-6.521975e-02	-2.314855e-03	4.723201e-02	-4.716730e-02	-4.434070e-02	-4.905807e-02	9.169966e-02	-3.946561e-02	-5.360093e-02	5.512521e-03	4.937686e-02	6.842506e-03	6.512315e-04	-2.652878e-04	4.834136e-04	4.669363e-02	6.600446e-02	1.151130e-01	-3.765050e-02	1.827444e-02	3.166844e-02	-7.178072e-03	
-4.055787e-02	5.768733e-01	-1.369229e-01	-9.934542e-02	-9.475242e-02	-1.710597e-01	-3.036590e-02	-2.037270e-02	-2.423349e-02	0.000000e+00	-9.694266e-02	7.784869e-03	-6.436411e-02	2.317334e-03	3.014763e-02	1.618295e-02	-4.540323e-02	-4.698202e-02	9.184488e-02	-4.380650e-02	-4.854223e-02	1.968565e-02	-3.208234e-02	-5.558449e-02	1.377999e-03	-2.698378e-04	5.286236e-04	6.883189e-02	6.544442e-04	2.108851e-02	1.295448e-01	1.097456e-02	-7.345894e-02	6.452161e-02	
2.237543e-01	2.470277e-01	-1.216373e-01	-9.934542e-02	-9.475242e-02	-1.696336e-01	-2.611712e-02	-2.037270e-02	-2.423349e-02	0.000000e+00	-9.040396e-02	5.435471e-03	-6.058509e-02	4.421741e-03	7.959554e-02	2.125305e-02	-4.645779e-02	-4.487295e-02	9.184488e-02	-4.802426e-02	-4.327037e-02	4.425721e-03	5.483286e-02	-2.397009e-02	9.273095e-04	-2.717678e-04	4.649436e-04	7.553623e-03	-4.217604e-02	3.831244e-02	1.489849e-02	-7.124604e-02	5.970908e-02	2.724041e-02	
5.690229e-01	5.532422e-03	-1.107770e-01	-9.934542e-02	-9.475242e-02	-1.540421e-01	-2.395815e-02	-2.037270e-02	-2.423349e-02	0.000000e+00	-8.626056e-02	3.333403e-03	-5.552063e-02	3.321156e-02	7.265252e-02	-2.825183e-02	-4.750418e-02	-4.273235e-02	9.169966e-02	-5.210704e-02	-3.780851e-02	8.702921e-03	-7.701374e-02	-4.159449e-02	7.171595e-04	-3.465378e-04	1.351036e-04	-5.605998e-02	4.639021e-02	-2.028790e-02	1.361835e-02	6.415680e-05	3.520409e-02	5.212208e-02	
6.692884e-01	-1.284604e-01	-1.040704e-01	-9.934542e-02	-9.475242e-02	-6.167220e-02	-2.293970e-02	-2.037270e-02	-2.423349e-02	0.000000e+00	-8.392347e-02	1.861318e-03	5.838026e-03	8.349916e-02	2.309050e-02	-4.648629e-02	-4.854223e-02	-4.056171e-02	9.140944e-02	-5.604336e-02	-3.218062e-02	3.104421e-03	4.215986e-02	1.782241e-02	4.773135e-04	-4.263478e-04	3.743536e-04	-4.169580e-02	7.229295e-02	5.332504e-02	-9.526876e-02	-8.868580e-03	3.404172e-02	7.977018e-02	
4.648231e-01	-1.857519e-01	-1.003546e-01	-9.934542e-02	-9.475242e-02	2.393227e-01	-2.248906e-02	-2.037270e-02	-2.423349e-02	0.000000e+00	-8.272281e-02	9.777254e-04	1.114777e-01	5.601215e-02	-2.032258e-02	-3.389698e-02	-4.957175e-02	-3.836257e-02	9.097468e-02	-5.982215e-02	-2.641142e-02	1.034942e-02	-3.066074e-02	-2.126879e-02	7.243045e-04	-6.061778e-04	3.301236e-04	4.811996e-02	-1.460296e-02	-5.544357e-02	-8.180699e-02	6.231129e-02	-8.225949e-03	1.034523e-02	
1.936307e-01	-1.964301e-01	-9.847034e-02	-9.934542e-02	-9.475242e-02	6.029393e-01	-2.229406e-02	-2.037270e-02	-2.423349e-02	0.000000e+00	-8.215217e-02	5.223588e-04	1.178623e-01	-2.649027e-02	-4.470701e-02	-1.750805e-02	-5.059255e-02	-3.613646e-02	9.039607e-02	-6.343280e-02	-2.052624e-02	2.849921e-03	6.796386e-02	2.467331e-02	2.201895e-04	-4.079678e-04	4.634336e-04	-7.710512e-04	-1.105815e-01	2.861863e-02	-1.253027e-01	-5.931945e-02	-4.218593e-02	6.148383e-02	
-2.227768e-03	-1.827339e-01	-9.758348e-02	-9.930894e-02	-9.475242e-02	7.684847e-01	-2.221447e-02	-2.037270e-02	-2.423349e-02	0.000000e+00	-8.186191e-02	1.905274e-02	5.849715e-02	-5.848218e-02	-5.534279e-02	-6.723530e-03	-5.160447e-02	-3.388496e-02	8.967453e-02	-6.686516e-02	-1.455092e-02	1.168682e-02	-5.520754e-02	-2.035509e-02	1.621445e-05	-9.139078e-04	6.485536e-04	-9.134447e-02	-9.014998e-02	-4.705433e-02	2.934079e-02	2.574193e-02	-4.687463e-02	8.942433e-02	
-1.115699e-01	-1.604590e-01	-9.719199e-02	-6.178249e-02	-9.475242e-02	5.954219e-01	-2.218430e-02	-2.037270e-02	-2.423349e-02	0.000000e+00	-4.423034e-02	1.244777e-01	8.979602e-04	-4.697363e-02	-5.815842e-02	-6.817909e-04	-5.260732e-02	-3.160965e-02	8.881119e-02	-7.010958e-02	-8.511714e-03	-7.674792e-04	6.354786e-02	-8.506594e-03	7.244425e-04	-7.648178e-04	7.080236e-04	-8.794115e-02	5.336308e-02	-2.078254e-02	-6.593596e-02	-1.261260e-01	5.588700e-02	5.653348e-02	
-1.602116e-01	-1.392412e-01	-9.702513e-02	1.726091e-01	-9.475242e-02	2.897707e-01	-2.218072e-02	-2.037270e-02	-2.423349e-02	0.000000e+00	1.669327e-01	1.838618e-01	-3.545011e-02	-2.762868e-02	-5.671079e-02	2.415578e-03	-5.360093e-02	-2.931211e-02	8.780742e-02	-7.315693e-02	-2.435126e-03	8.737621e-03	-3.227854e-02	2.071031e-02	4.462105e-04	-2.471478e-04	4.322836e-04	-9.084302e-04	7.108806e-02	2.136545e-02	-1.454600e-02	3.351941e-02	-3.621146e-02	5.576638e-02	
-1.711892e-01	-1.232186e-01	-9.695374e-02	5.248185e-01	-9.475242e-02	4.538619e-02	-2.218072e-02	-2.037270e-02	-2.404804e-02	0.000000e+00	3.234612e-01	4.485345e-02	-5.435941e-02	8.232725e-03	-5.333165e-02	3.523731e-03	-5.458511e-02	-2.699398e-02	8.666482e-02	-7.599867e-02	3.652154e-03	1.694762e-02	3.308386e-02	-1.972129e-02	5.416975e-04	-5.367878e-04	6.000836e-04	1.195228e-01	1.351933e-02	-9.779816e-02	4.910291e-02	-8.988903e-02	1.091996e-02	9.286228e-03	
-1.616745e-01	-1.128310e-01	-9.692681e-02	6.755682e-01	-9.475242e-02	-9.809785e-02	-2.218072e-02	-2.037270e-02	2.816736e-02	0.000000e+00	2.567029e-01	-1.068523e-01	-1.898466e-02	7.143166e-02	-4.966764e-02	3.343866e-03	-5.555971e-02	-2.465688e-02	8.538517e-02	-7.862678e-02	9.723398e-03	8.779221e-03	-4.048441e-03	3.063059e-04	5.293835e-04	-2.471478e-04	4.662336e-04	-6.284954e-02	-5.400953e-02	4.359673e-03	9.878490e-02	6.385576e-02	1.438472e-01	-4.524562e-02	
-1.444684e-01	-1.068331e-01	-9.692512e-02	5.015104e-01	-9.475242e-02	-1.652542e-01	-2.218072e-02	-2.037270e-02	2.867131e-01	0.000000e+00	1.097794e-01	-1.312983e-01	8.850391e-02	6.562743e-02	-4.664814e-02	2.557577e-03	-5.652455e-02	-2.230244e-02	8.397052e-02	-8.103390e-02	1.575194e-02	1.718502e-02	-1.939214e-02	-3.348449e-02	8.228925e-04	-6.122878e-04	6.067636e-04	-1.977815e-02	1.089114e-01	-9.077118e-02	-1.185021e-02	2.845538e-03	-2.327240e-02	-3.486487e-02	
-1.276802e-01	-1.036802e-01	-9.692512e-02	2.269954e-01	-9.412989e-02	-1.843076e-01	-2.218072e-02	-2.037270e-02	6.324075e-01	0.000000e+00	-5.960579e-03	-9.168237e-02	1.122702e-01	1.329673e-02	-4.455664e-02	1.683917e-03	-5.747945e-02	-1.993233e-02	8.242309e-02	-8.321325e-02	2.171132e-02	6.640721e-03	3.102086e-02	1.970591e-02	8.228925e-04	-2.471478e-04	6.318336e-04	-7.793831e-02	1.389878e-02	7.066304e-02	-1.027725e-01	4.907175e-02	8.632775e-02	1.294078e-03	
-1.149021e-01	-1.021483e-01	-9.692512e-02	1.779186e-02	-2.429959e-02	-1.765143e-01	-2.218072e-02	-2.037270e-02	7.363809e-01	0.000000e+00	-7.372276e-02	-5.040391e-02	1.150974e-01	2.523243e-02	-4.328441e-02	9.868454e-04	-5.842425e-02	-1.754822e-02	8.074534e-02	-8.515872e-02	2.757536e-02	2.039663e-02	-3.886434e-02	-3.906949e-02	1.423159e-03	-8.609778e-04	6.376836e-04	9.518614e-02	3.005917e-02	-8.316053e-02	-5.622989e-02	5.172532e-02	-3.780441e-02	7.104974e-02	
-1.066052e-01	-1.014526e-01	-9.692512e-02	-1.024733e-01	2.565343e-01	-1.575603e-01	-2.218072e-02	-2.037270e-02	5.352010e-01	0.000000e+00	-1.069471e-01	-2.210041e-02	1.627351e-01	9.288296e-03	-4.258702e-02	5.290718e-04	-5.935879e-02	-1.515177e-02	7.893990e-02	-8.686482e-02	3.331830e-02	1.134362e-02	3.745986e-02	-1.214494e-03	2.721102e-04	-5.949378e-04	6.686436e-04	5.641888e-02	-1.024469e-01	4.377577e-03	-3.669867e-03	-4.285942e-02	5.081695e-02	6.327055e-02	
-1.018216e-01	-1.011483e-01	-9.692512e-02	-1.582094e-01	6.127825e-01	-1.377076e-01	-2.218072e-02	-2.037270e-02	2.660157e-01	0.000000e+00	-1.181225e-01	-3.070660e-03	1.336740e-01	-5.407518e-02	-4.223032e-02	2.603144e-04	-6.028289e-02	-1.274467e-02	7.700965e-02	-8.832677e-02	3.891494e-02	2.126033e-02	-5.299794e-02	-3.439149e-02	8.231065e-04	-5.985078e-04	5.068236e-04	-8.329685e-02	3.008933e-02	4.664933e-02	1.110325e-01	-5.589674e-02	-3.277163e-02	3.700670e-02	
-9.931463e-02	-1.010227e-01	-9.692512e-02	-1.704770e-01	8.429840e-01	-1.219545e-01	-2.218072e-02	-2.037270e-02	7.118973e-02	0.000000e+00	-1.132941e-01	5.930262e-02	5.458470e-02	-7.298283e-02	-4.207044e-02	1.171812e-04	-6.119641e-02	-1.032861e-02	7.495763e-02	-8.954045e-02	4.434070e-02	2.324716e-02	4.373286e-02	3.434306e-03	6.391045e-04	-6.464078e-04	4.775436e-04	1.036926e-02	1.177243e-01	5.557189e-02	-1.105047e-02	-8.913725e-02	3.389377e-02	1.723841e-02	
-9.810120e-02	-1.009741e-01	-9.692512e-02	-5.600702e-02	7.596029e-01	-1.114005e-01	-2.218072e-02	-2.037270e-02	-3.774687e-02	0.000000e+00	2.799602e-04	1.758598e-01	-1.229168e-02	-5.263867e-02	-4.200001e-02	5.189686e-05	-6.209917e-02	-7.905298e-03	7.278709e-02	-9.050246e-02	4.957175e-02	3.854892e-02	-4.407394e-02	-2.873399e-02	6.391055e-04	-3.778578e-04	3.822836e-04	1.287053e-01	-2.018523e-02	-5.099161e-02	-4.062210e-03	-3.676379e-02	8.722197e-02	2.110329e-02	
-9.755242e-02	-1.009596e-01	-9.692512e-02	2.746891e-01	4.465587e-01	-1.051567e-01	-2.218072e-02	-2.037270e-02	-8.636888e-02	0.000000e+00	2.382918e-01	1.503989e-01	-5.069265e-02	-2.769485e-02	-4.197069e-02	2.248653e-05	-6.299102e-02	-5.476427e-03	7.050146e-02	-9.121009e-02	5.458511e-02	2.188391e-02	5.739886e-02	-1.741289e-02	1.694105e-04	-6.308378e-04	5.990836e-04	-2.725305e-02	-6.628119e-02	1.464320e-02	5.865575e-02	-1.716699e-02	-3.770673e-03	4.406854e-02	
-9.731844e-02	-1.009596e-01	-9.115587e-02	5.968296e-01	1.433083e-01	-1.018114e-01	-2.218072e-02	-2.037270e-02	-9.752222e-02	0.000000e+00	3.010892e-01	3.389108e-02	-6.768138e-02	-1.063839e-02	-4.195908e-02	1.125343e-05	-6.387180e-02	-3.043707e-03	6.810434e-02	-9.166135e-02	5.935879e-02	2.406247e-02	-4.064104e-02	-4.706749e-02	6.391055e-04	-5.631678e-04	6.418836e-04	5.748580e-02	4.997383e-02	4.643369e-03	2.003626e-02	-5.937996e-03	7.129428e-03	2.651719e-02	
-9.721546e-02	-1.009596e-01	3.995860e-02	6.016423e-01	-5.238287e-02	-1.001607e-01	-2.218072e-02	-2.037270e-02	-8.823506e-02	0.000000e+00	3.061237e-01	2.197176e-02	-7.196942e-02	-8.966963e-04	-4.195222e-02	5.447367e-06	-6.474136e-02	-6.088484e-04	6.559955e-02	-9.185497e-02	6.387180e-02	2.017540e-02	1.413886e-02	-1.565249e-02	8.891055e-04	-6.123678e-04	9.973836e-04	7.475940e-02	-8.741843e-03	1.105230e-02	-1.236829e-02	2.729191e-02	-3.598013e-02	-9.547152e-03	
-9.717550e-02	-1.009596e-01	3.691135e-01	3.621181e-01	-1.516029e-01	-9.940136e-02	-2.218072e-02	-2.037270e-02	-7.122567e-02	0.000000e+00	3.450855e-01	-2.713494e-02	-6.947478e-02	3.891664e-03	-4.195222e-02	2.021183e-06	-6.559955e-02	1.826438e-03	6.299102e-02	-9.179042e-02	6.810434e-02	2.056657e-02	1.715286e-02	-4.057849e-02	5.696325e-04	-7.148478e-04	4.210636e-04	-2.888814e-03	-7.713256e-02	-4.118618e-02	-9.348109e-03	-6.692826e-02	-9.537733e-02	-5.411930e-02	
-9.716610e-02	-1.009596e-01	6.946306e-01	1.148030e-01	-1.872988e-01	-9.907223e-02	-2.218072e-02	-2.037270e-02	-5.457578e-02	0.000000e+00	2.519303e-01	-9.335885e-02	-6.418610e-02	5.391254e-03	-4.195222e-02	2.021183e-06	-6.644620e-02	4.260441e-03	6.028289e-02	-9.146786e-02	7.203783e-02	1.889829e-02	-1.375054e-02	-2.047679e-02	6.391055e-04	-4.637078e-04	6.093936e-04	-6.382461e-03	-1.061399e-01	-5.915387e-02	-4.488193e-03	2.430478e-02	3.154826e-02	-5.424359e-02	
-9.716610e-02	-1.009596e-01	7.482347e-01	1.690347e-02	-1.861655e-01	-9.892887e-02	-2.218072e-02	-2.037270e-02	-4.188196e-02	0.000000e+00	1.583875e-01	8.810852e-03	-5.869227e-02	4.940151e-03	-4.195222e-02	2.021183e-06	-6.728118e-02	6.691450e-03	5.747945e-02	-9.088821e-02	7.565497e-02	9.545721e-03	-2.394384e-02	-1.977579e-02	4.503645e-04	-6.704178e-04	7.390336e-04	-5.849691e-02	-1.338498e-03	-1.100114e-01	5.950600e-02	-1.146841e-02	-1.355264e-02	-8.586270e-02	
-9.716610e-02	-1.009596e-01	5.039255e-01	2.066226e-01	-1.676783e-01	-9.887310e-02	-2.218072e-02	-2.037270e-02	-3.363106e-02	0.000000e+00	2.695147e-01	7.995430e-02	-5.430579e-02	3.678431e-03	-4.195222e-02	2.021183e-06	-6.810434e-02	9.117756e-03	5.458511e-02	-9.005310e-02	7.893990e-02	7.810721e-03	2.435486e-02	2.012471e-02	4.358785e-04	-2.086978e-04	8.271236e-04	-8.001470e-02	6.232379e-02	9.854364e-02	5.221518e-02	2.720215e-02	4.892840e-02	-1.421512e-02	
-9.716610e-02	-1.009596e-01	2.050870e-01	5.296844e-01	-1.451387e-01	-9.885412e-02	-2.218072e-02	-2.037270e-02	-2.887054e-02	0.000000e+00	3.183266e-01	-3.669868e-02	-5.133541e-02	2.373167e-03	-4.195222e-02	2.021183e-06	-6.891554e-02	1.153765e-02	5.160447e-02	-8.896487e-02	8.187819e-02	1.551122e-02	-1.236974e-02	-4.303649e-02	1.432389e-03	-5.123078e-04	9.973836e-04	1.134865e-01	8.807194e-02	-7.755796e-03	3.786861e-02	5.966197e-02	-5.324110e-02	4.874123e-02	
-9.716610e-02	-1.009596e-01	-6.739719e-03	7.659145e-01	-1.258367e-01	-9.885412e-02	-2.218072e-02	-2.037270e-02	-2.637425e-02	0.000000e+00	1.961776e-01	-8.797432e-02	-4.955946e-02	1.368275e-03	-4.195222e-02	2.021183e-06	-6.971462e-02	1.394944e-02	4.854223e-02	-8.762658e-02	8.445694e-02	2.296521e-03	6.906086e-02	-1.002769e-02	5.925305e-04	-6.706778e-04	6.454236e-04	1.091459e-01	-4.556991e-02	4.356265e-02	1.830851e-02	1.898453e-02	3.952119e-02	6.279943e-02	
-9.716610e-02	-1.009596e-01	-1.229150e-01	8.064177e-01	-1.121930e-01	-9.885412e-02	-2.218072e-02	-2.037270e-02	-2.516548e-02	0.000000e+00	1.423637e-01	3.715816e-02	-4.859886e-02	7.192620e-04	-4.195222e-02	2.021183e-06	-7.050146e-02	1.635143e-02	4.540323e-02	-8.604200e-02	8.666482e-02	9.313521e-03	-3.200314e-02	-5.457749e-02	6.530385e-04	-7.604478e-04	5.780636e-04	-5.469795e-03	-6.508422e-02	6.395988e-03	1.043282e-01	-2.888563e-02	-4.736091e-02	3.114858e-02	
-9.716610e-02	-1.009596e-01	-1.724567e-01	8.236564e-01	-1.037707e-01	-9.885412e-02	-2.218072e-02	-2.037270e-02	-2.461862e-02	0.000000e+00	2.704469e-01	6.707167e-02	-4.812094e-02	3.496657e-04	-4.195222e-02	2.021183e-06	-7.127590e-02	1.874192e-02	4.219245e-02	-8.421558e-02	8.849213e-02	6.365221e-03	1.185386e-02	-3.850094e-03	7.222985e-04	-6.457878e-04	9.603136e-04	-4.088945e-02	-3.560702e-02	3.645109e-02	5.695683e-02	1.792152e-02	5.733160e-02	-6.522922e-03	
-9.716610e-02	-1.009596e-01	-1.813287e-01	8.812586e-01	-9.909497e-02	-9.885412e-02	-2.218072e-02	-2.037270e-02	-2.438539e-02	0.000000e+00	2.765381e-01	-6.522396e-02	-4.789953e-02	3.955315e-03	-4.195222e-02	2.021183e-06	-7.203783e-02	2.111924e-02	3.891494e-02	-8.215245e-02	8.993086e-02	1.883873e-02	-2.292114e-02	-6.504949e-02	1.636259e-03	-7.080178e-04	8.663036e-04	-1.947359e-02	3.856040e-02	-7.533325e-02	3.514273e-02	7.125433e-02	2.513170e-03	2.959384e-02	
-9.716610e-02	-1.009596e-01	-1.688204e-01	8.811582e-01	-8.894148e-02	-9.885412e-02	-2.218072e-02	-2.037270e-02	-2.428285e-02	0.000000e+00	1.400337e-01	-1.369583e-01	-4.021031e-02	4.961824e-02	-4.195222e-02	2.021183e-06	-7.278709e-02	2.348172e-02	3.557591e-02	-7.985841e-02	9.097468e-02	1.160121e-03	3.942586e-02	-8.136094e-03	6.718765e-04	-8.244378e-04	7.353936e-04	-6.510072e-02	5.689243e-02	-4.955802e-02	-4.099896e-02	5.841011e-02	1.160784e-01	6.516054e-02	
-9.716610e-02	-1.009596e-01	-1.489120e-01	6.476958e-01	5.590755e-02	-9.885412e-02	-2.218072e-02	-2.037270e-02	-2.424289e-02	0.000000e+00	2.572987e-03	-1.104100e-01	5.133694e-02	8.429896e-02	-4.195222e-02	2.021183e-06	-7.352357e-02	2.582770e-02	3.218062e-02	-7.733990e-02	9.161901e-02	7.235521e-03	-2.165714e-02	-8.015494e-03	1.174371e-03	-8.180578e-04	8.553036e-04	2.227610e-03	1.027616e-01	-4.362556e-02	-7.364630e-02	5.042146e-02	-1.607316e-02	-3.364587e-02	
-9.716610e-02	-1.009596e-01	-1.301443e-01	2.885813e-01	3.915140e-01	-9.885412e-02	-2.218072e-02	-2.037270e-02	-2.423349e-02	0.000000e+00	-8.091838e-02	-6.093482e-02	1.283876e-01	2.515697e-02	-4.195222e-02	2.021183e-06	-7.424712e-02	2.815552e-02	2.873445e-02	-7.460402e-02	9.186102e-02	5.502221e-03	4.554386e-02	4.336271e-02	5.208065e-04	-1.787278e-04	1.431404e-03	5.745847e-02	-1.651874e-02	7.504665e-02	-5.505669e-02	8.760064e-02	-3.458914e-02	8.139813e-02	
-9.716610e-02	-1.009596e-01	-1.161031e-01	3.664791e-03	6.587484e-01	-9.885412e-02	-2.218072e-02	-2.037270e-02	-2.423349e-02	0.000000e+00	-1.194797e-01	-2.501319e-02	1.016509e-01	-4.560664e-02	-4.195222e-02	2.021183e-06	-7.495763e-02	3.046356e-02	2.524284e-02	-7.165844e-02	9.169966e-02	1.920931e-02	-3.828454e-02	-3.524549e-02	8.396585e-04	-6.444878e-04	1.245884e-03	-3.907627e-02	-1.768020e-02	4.598636e-04	9.899469e-02	1.697784e-02	-1.780001e-01	9.228617e-02	
-9.716610e-02	-1.009596e-01	-1.070810e-01	-1.541803e-01	5.925042e-01	-9.885412e-02	-2.218072e-02	-2.037270e-02	-2.423349e-02	0.000000e+00	-1.311513e-01	-4.174056e-03	3.717435e-02	-5.768588e-02	-4.195222e-02	1.302422e-05	-7.565497e-02	3.275018e-02	2.171132e-02	-6.851145e-02	9.113562e-02	1.942985e-02	6.809859e-03	1.590406e-03	5.950485e-04	-5.607378e-04	1.404774e-03	-6.338717e-02	4.508224e-02	7.545765e-02	2.924802e-03	-4.289097e-02	3.393609e-02	-2.585078e-02	
-9.716610e-02	-1.009375e-01	-1.019155e-01	-2.172749e-01	3.294115e-01	-9.885412e-02	-2.218072e-02	-2.037270e-02	-2.423349e-02	0.000000e+00	-1.280415e-01	6.643501e-03	-1.372087e-02	-4.034077e-02	-4.193022e-02	1.428662e-02	-7.633902e-02	3.501379e-02	1.814547e-02	-6.517189e-02	9.017138e-02	1.956013e-02	-3.242484e-02	-1.687549e-02	1.382129e-03	-4.569578e-04	1.273294e-03	-9.731315e-03	7.941987e-02	-1.915789e-02	-4.445267e-02	6.430281e-02	-7.320880e-02	-2.341619e-02	
-9.716610e-02	-6.662110e-02	-9.922163e-02	-2.253626e-01	8.906125e-02	-9.885412e-02	-2.218072e-02	-2.037270e-02	-2.423349e-02	0.000000e+00	-1.180761e-01	1.076016e-02	-4.350719e-02	-2.225750e-02	-1.338303e-02	6.278007e-02	-7.700965e-02	3.725279e-02	1.455092e-02	-6.164914e-02	8.881119e-02	1.136142e-02	4.859186e-02	2.056321e-02	6.923395e-04	-4.321078e-04	1.452334e-03	-1.095580e-02	-2.135127e-03	5.921470e-02	-1.134324e-01	-7.859811e-02	-1.730442e-02	3.897399e-02	
-9.716610e-02	1.615029e-01	-9.792242e-02	-2.061593e-01	-6.149367e-02	-9.885412e-02	-2.218072e-02	-2.037270e-02	-2.423349e-02	0.000000e+00	-1.067269e-01	1.056423e-02	-5.823588e-02	-9.920557e-03	8.362655e-02	6.317180e-02	-7.766675e-02	3.946561e-02	1.093337e-02	-5.795312e-02	8.706100e-02	1.936942e-02	-1.013424e-02	-6.013194e-03	6.674515e-04	-5.375978e-04	1.227234e-03	1.411350e-02	-4.663433e-02	-3.382030e-02	-6.669476e-02	2.531105e-02	-5.898205e-02	-2.127972e-02	
-9.716610e-02	5.199908e-01	-9.733643e-02	-1.776220e-01	-1.378348e-01	-9.885412e-02	-2.218072e-02	-2.037270e-02	-2.423349e-02	0.000000e+00	-9.714642e-02	8.269925e-03	-6.334830e-02	-2.227791e-03	1.129595e-01	-8.091625e-03	-7.831021e-02	4.165069e-02	7.298534e-03	-5.409421e-02	8.492852e-02	1.182642e-02	9.371786e-02	-2.677394e-03	5.479715e-04	-7.933478e-04	1.685164e-03	7.917585e-03	-1.215409e-01	1.204007e-03	-5.567112e-02	-1.608394e-01	2.813489e-02	2.402478e-02	
-9.716610e-02	8.027113e-01	-9.708335e-02	-1.505123e-01	-1.658256e-01	-9.885412e-02	-2.218072e-02	-2.037270e-02	-2.423349e-02	0.000000e+00	-9.037997e-02	5.567906e-03	-6.269146e-02	2.002036e-03	6.744286e-02	-5.018078e-02	-7.893990e-02	4.380650e-02	3.652154e-03	-5.008325e-02	8.242309e-02	1.925287e-02	2.154386e-02	-2.188009e-02	1.307606e-03	-8.402978e-04	1.888854e-03	-1.075494e-01	-1.443952e-02	-1.543872e-02	7.756127e-02	3.294852e-02	6.900898e-03	1.695278e-02	
-9.716610e-02	8.144352e-01	-9.697630e-02	-1.296869e-01	-1.651954e-01	-9.885412e-02	-2.218072e-02	-2.037270e-02	-2.423349e-02	0.000000e+00	-8.619944e-02	3.343094e-03	-5.934423e-02	4.232522e-03	1.259640e-02	-4.595392e-02	-7.955573e-02	4.593152e-02	1.788934e-18	-4.593152e-02	7.955573e-02	1.944335e-02	6.200086e-02	1.190041e-02	1.084390e-03	-5.513678e-04	1.399884e-03	1.032439e-02	9.065251e-02	-5.217902e-02	-5.215486e-02	-8.040732e-02	6.797970e-02	-7.880342e-03	
-9.716610e-02	5.383259e-01	-9.693520e-02	-1.158683e-01	-1.508430e-01	-9.755765e-02	-2.218072e-02	-2.037270e-02	-2.423349e-02	0.000000e+00	-8.388006e-02	1.842724e-03	-5.422642e-02	3.993431e-02	-2.446775e-02	-2.865741e-02	-8.015757e-02	4.802426e-02	-3.652154e-03	-4.165069e-02	7.633902e-02	1.665912e-02	-1.630674e-02	3.263261e-02	9.371935e-04	-3.263178e-04	1.485794e-03	4.959598e-02	-1.834374e-02	-2.198416e-02	-4.550311e-02	1.101367e-01	3.860369e-02	-7.632242e-03	
-9.716610e-02	2.136562e-01	-9.692512e-02	-1.076911e-01	-1.332968e-01	-1.270872e-02	-2.218072e-02	-2.037270e-02	-2.423349e-02	0.000000e+00	-8.269885e-02	9.660552e-04	2.052438e-02	1.016433e-01	-4.472205e-02	-1.468547e-02	-8.074534e-02	5.008325e-02	-7.298534e-03	-3.725279e-02	7.278709e-02	1.904764e-02	1.117386e-02	7.007706e-03	7.141685e-04	-7.697578e-04	1.370634e-03	5.067759e-02	-6.597078e-02	-8.645717e-02	2.299893e-02	-8.489732e-02	-9.516626e-03	-3.778885e-02	
-9.716610e-02	-1.477066e-02	-9.692512e-02	-1.032799e-01	-1.183528e-01	2.833388e-01	-2.218072e-02	-2.037270e-02	-2.423349e-02	0.000000e+00	-8.213209e-02	4.967087e-04	1.490601e-01	6.817893e-02	-5.384280e-02	-5.610537e-03	-8.131891e-02	5.210704e-02	-1.093337e-02	-3.275018e-02	6.891554e-02	2.177023e-02	-9.868541e-03	3.768231e-02	5.545285e-04	-5.001478e-04	1.417814e-03	-7.682626e-02	-5.634732e-02	6.637629e-03	1.020570e-01	7.887974e-02	1.019170e-01	-5.410303e-02	
-9.716610e-02	-1.382508e-01	-9.692512e-02	-1.010890e-01	-1.078586e-01	6.324755e-01	-2.218072e-02	-2.037270e-02	-2.423349e-02	0.000000e+00	-8.188924e-02	2.636931e-04	1.568822e-01	-1.572283e-02	-5.594744e-02	-1.377778e-04	-8.187819e-02	5.409421e-02	-1.455092e-02	-2.815552e-02	6.474136e-02	2.320805e-02	-4.630941e-03	-2.506194e-03	9.371935e-04	-7.214378e-04	1.668454e-03	1.237902e-02	1.074617e-01	-1.277142e-02	-2.830814e-03	-2.776279e-02	-3.011815e-02	-4.277045e-02	
-9.716610e-02	-1.888502e-01	-9.692512e-02	-1.000735e-01	-6.714162e-02	7.668562e-01	-2.218072e-02	-2.037270e-02	-2.423349e-02	0.000000e+00	-8.178836e-02	1.634970e-04	1.176145e-01	2.626410e-02	-5.412273e-02	2.568064e-03	-8.242309e-02	5.604336e-02	-1.814547e-02	-2.348172e-02	6.028289e-02	2.028253e-02	1.655986e-02	3.294861e-02	7.319345e-04	-2.544078e-04	1.888854e-03	2.210135e-02	-1.631701e-02	4.579776e-02	-3.182694e-02	1.107424e-01	3.343276e-03	-2.815855e-02	
-9.716610e-02	-1.957472e-01	-9.692512e-02	-9.963485e-02	1.644995e-01	5.714402e-01	-2.218072e-02	-2.037270e-02	-2.423349e-02	0.000000e+00	-8.174583e-02	1.240070e-04	2.094104e-01	6.491441e-02	-5.081564e-02	3.257314e-03	-8.295351e-02	5.795312e-02	-2.171132e-02	-1.874192e-02	5.555971e-02	2.401156e-02	-3.889341e-03	-5.987994e-03	9.371935e-04	-7.980378e-04	1.724354e-03	3.069902e-02	-3.008063e-02	-3.791339e-02	-2.250652e-02	-8.545296e-03	-1.195334e-01	-2.357984e-02	
-9.716610e-02	-1.803868e-01	-9.692512e-02	-9.944862e-02	5.180411e-01	2.660355e-01	-2.218072e-02	-2.037270e-02	-2.423349e-02	0.000000e+00	-8.172391e-02	2.794721e-04	2.474433e-01	-2.555414e-02	-4.761235e-02	2.808484e-03	-8.346935e-02	5.982215e-02	-2.524284e-02	-1.394944e-02	5.059255e-02	2.002222e-02	5.641186e-02	3.279961e-02	9.371935e-04	-4.104178e-04	1.888854e-03	-1.400953e-02	-1.590280e-01	5.513351e-02	-5.810813e-02	1.268964e-01	-3.119236e-02	-1.679982e-03	
-9.716610e-02	-1.578592e-01	-9.657165e-02	-9.937526e-02	6.731560e-01	3.048033e-02	-2.218072e-02	-2.037270e-02	-2.423349e-02	0.000000e+00	-8.137044e-02	3.060023e-02	1.583022e-01	-9.974277e-02	-4.520285e-02	1.978223e-03	-8.397052e-02	6.164914e-02	-2.873445e-02	-9.117756e-03	4.540323e-02	2.498415e-02	-3.094941e-03	-1.465099e-02	8.747405e-04	-9.044978e-04	1.498194e-03	-8.247934e-02	-5.763998e-02	4.732788e-03	4.863356e-02	8.959654e-03	-1.445790e-01	2.691486e-02	
-9.716610e-02	-1.371142e-01	-3.590655e-02	-9.934756e-02	5.029124e-01	-1.052582e-01	-2.218072e-02	-2.037270e-02	-2.423349e-02	0.000000e+00	-2.070678e-02	1.537447e-01	4.795775e-02	-9.214710e-02	-4.366002e-02	1.211695e-03	-8.445694e-02	6.343280e-02	-3.218062e-02	-4.260441e-03	4.001454e-02	1.949807e-02	7.140186e-02	2.977531e-02	9.371935e-04	-6.162278e-04	1.668784e-03	-1.147509e-01	1.727036e-02	8.240948e-02	4.025994e-02	4.750053e-02	5.836199e-02	1.811071e-02	
-9.716610e-02	-1.217614e-01	2.340473e-01	-9.934542e-02	2.307325e-01	-1.674616e-01	-2.218072e-02	-2.037270e-02	-2.423349e-02	0.000000e+00	2.259726e-01	2.010813e-01	-2.599205e-02	-5.583387e-02	-4.278354e-02	6.665782e-04	-8.492852e-02	6.517189e-02	-3.557591e-02	6.088484e-04	3.445013e-02	1.949109e-02	1.391286e-02	-5.161994e-03	1.023344e-03	-6.929378e-04	1.888854e-03	2.643564e-02	1.278651e-01	3.270228e-02	-9.231458e-03	5.984370e-02	-7.653180e-02	-2.078429e-02	
-9.716610e-02	-1.119533e-01	5.919543e-01	-9.934542e-02	2.274216e-02	-1.837239e-01	-2.218072e-02	-2.037270e-02	-2.423349e-02	0.000000e+00	3.814597e-01	3.333371e-02	-6.370999e-02	-2.617967e-02	-4.233093e-02	3.363042e-04	-8.538517e-02	6.686516e-02	-3.891494e-02	5.476427e-03	2.873445e-02	1.994656e-02	7.213486e-02	3.210041e-02	5.009085e-04	-4.746278e-04	1.888854e-03	8.748461e-02	-3.280626e-02	1.043354e-01	-1.216196e-02	1.634586e-02	-1.351356e-02	6.130482e-04	
-9.716610e-02	-1.063557e-01	8.371765e-01	-9.934542e-02	-9.701968e-02	-1.746806e-01	-2.218072e-02	-2.037270e-02	-2.423349e-02	0.000000e+00	2.927387e-01	-1.260963e-01	-7.835140e-02	-8.011642e-03	-4.211498e-02	1.581568e-04	-8.582683e-02	6.851145e-02	-4.219245e-02	1.032861e-02	2.289258e-02	2.896553e-02	-2.403884e-02	-7.204594e-03	9.371935e-04	-8.662078e-04	1.888854e-03	-2.989566e-02	-3.560495e-02	3.917335e-02	1.131468e-01	-3.622554e-02	-6.887360e-02	5.352680e-02	
-9.716610e-02	-1.034415e-01	7.796830e-01	-9.934542e-02	-1.526931e-01	-1.555117e-01	-2.218072e-02	-1.686239e-02	-2.423349e-02	0.000000e+00	1.293118e-01	-8.953600e-02	-7.973327e-02	2.003614e-03	-4.201866e-02	7.045182e-05	-8.625340e-02	7.010958e-02	-4.540323e-02	1.515177e-02	1.695019e-02	1.921947e-02	1.031809e-01	-1.933394e-03	3.917085e-04	-8.950978e-04	1.888854e-03	-9.153051e-03	2.012130e-02	-1.984572e-02	-4.647783e-02	3.737024e-03	5.404510e-02	3.859159e-02	
-9.716610e-02	-1.020373e-01	4.740287e-01	-9.934542e-02	-1.680486e-01	-1.360089e-01	-2.218072e-02	9.600174e-02	-2.423349e-02	0.000000e+00	1.136117e-01	8.156778e-02	-7.434417e-02	6.485093e-03	-4.197812e-02	3.039486e-05	-8.666482e-02	7.165844e-02	-4.854223e-02	1.993233e-02	1.093337e-02	3.264209e-02	-5.802044e-02	-1.592499e-02	7.579305e-04	-9.922878e-04	1.465974e-03	4.135701e-02	5.651024e-02	-4.626323e-02	-6.526895e-02	7.350598e-02	2.489923e-02	1.005660e-01	
-9.716610e-02	-1.014041e-01	1.627314e-01	-9.934542e-02	-1.608026e-01	-1.207746e-01	-2.218072e-02	4.140369e-01	-2.423349e-02	0.000000e+00	2.923829e-01	1.056847e-01	-6.676309e-02	7.264633e-03	-4.196191e-02	1.497025e-05	-8.706100e-02	7.315693e-02	-5.160447e-02	2.465688e-02	4.868541e-03	3.810172e-02	-1.982944e-02	-1.341589e-02	1.467019e-03	-7.609578e-04	1.694364e-03	8.365513e-02	-2.996487e-02	-1.442876e-02	-1.385673e-03	-6.099480e-02	-3.109971e-02	-2.776394e-02	
-9.716610e-02	-1.011274e-01	-4.292070e-02	-9.934542e-02	-1.442885e-01	-1.106804e-01	-2.218072e-02	7.170102e-01	-2.423349e-02	0.000000e+00	3.250256e-01	-5.390792e-02	-5.981491e-02	6.043724e-03	-4.195222e-02	6.867189e-06	-8.744190e-02	7.460402e-02	-5.458511e-02	2.931211e-02	-1.217670e-03	3.711112e-02	1.357586e-02	-9.662594e-03	1.802339e-03	-3.746478e-04	1.888854e-03	-6.191240e-02	-7.350194e-02	-1.650996e-03	1.563209e-02	-3.341960e-02	-3.255028e-02	-4.840892e-02	
-9.716609e-02	-1.010145e-01	-1.491089e-01	-9.934542e-02	-1.272731e-01	-1.047603e-01	-2.218072e-02	7.045675e-01	-2.423349e-02	0.000000e+00	1.846313e-01	-1.459912e-01	-5.467564e-02	4.209614e-03	-4.195222e-02	7.230356e-03	-8.780742e-02	7.599867e-02	-5.747945e-02	3.388496e-02	-7.298534e-03	2.727886e-02	-5.789641e-03	7.707706e-03	1.356419e-03	-7.381278e-04	1.730204e-03	4.614817e-02	1.047508e-02	-7.260004e-02	-3.105743e-02	-2.851113e-02	1.467980e-02	-3.739356e-02	
-8.223620e-02	-1.009711e-01	-1.889066e-01	-9.934542e-02	-1.139310e-01	-1.016111e-01	-2.218072e-02	4.532644e-01	-2.423349e-02	0.000000e+00	3.302183e-02	-1.237674e-01	-5.139568e-02	2.573942e-03	-2.749555e-02	6.274730e-02	-8.815752e-02	7.733990e-02	-6.028289e-02	3.836257e-02	-1.334735e-02	3.089935e-02	-1.015514e-02	7.776006e-03	1.467019e-03	-7.195878e-04	1.888854e-03	3.883308e-02	-4.907528e-02	-2.929834e-02	-3.253110e-02	-3.413073e-02	1.401623e-02	-1.099203e-01	
9.395795e-02	-1.009596e-01	-1.898499e-01	-9.934542e-02	-1.050859e-01	-1.000667e-01	-2.218072e-02	1.986118e-01	-2.423349e-02	0.000000e+00	-6.301715e-02	-7.170646e-02	-4.952776e-02	1.418669e-03	8.353867e-02	9.191239e-02	-8.849213e-02	7.862678e-02	-6.299102e-02	4.273235e-02	-1.933755e-02	2.560770e-02	2.601886e-02	3.655181e-02	8.599435e-04	-1.784278e-04	1.888854e-03	2.860445e-03	-8.219796e-02	-9.543327e-03	-5.860258e-02	-4.416656e-02	-4.837205e-02	-4.710872e-03	
4.422108e-01	-1.009596e-01	-1.720464e-01	-9.934542e-02	-9.990380e-02	-9.935988e-02	-2.218072e-02	3.198448e-02	-2.423349e-02	0.000000e+00	-1.105632e-01	-3.246105e-02	-4.855834e-02	7.179490e-04	1.563281e-01	1.683225e-02	-8.881119e-02	7.985841e-02	-6.559955e-02	4.698202e-02	-2.524284e-02	3.368102e-02	-2.726444e-02	-5.330494e-03	2.717139e-03	-7.030778e-04	1.756444e-03	-1.288705e-01	-9.629419e-03	-4.044212e-02	4.851243e-03	-7.499687e-02	6.692638e-02	9.658760e-02	
7.578207e-01	-1.009596e-01	-1.493505e-01	-9.933872e-02	-9.715210e-02	-9.905417e-02	-2.218072e-02	-5.537317e-02	-2.423349e-02	0.000000e+00	-1.281404e-01	5.430471e-03	-4.809186e-02	3.390062e-04	1.172037e-01	-5.552647e-02	-8.911464e-02	8.103390e-02	-6.810434e-02	5.109963e-02	-3.103728e-02	3.444256e-02	2.975386e-02	1.983871e-02	2.364809e-03	-5.108678e-04	1.888854e-03	-2.147184e-02	1.209551e-01	5.190812e-03	1.133508e-02	-5.609608e-04	-9.800633e-02	-1.556758e-02	
8.470528e-01	-1.009596e-01	-1.295369e-01	-7.089708e-02	-9.580547e-02	-9.892173e-02	-2.218072e-02	-9.002364e-02	-2.423349e-02	0.000000e+00	-9.991413e-02	1.187480e-01	-4.788033e-02	1.487768e-04	4.527481e-02	-6.298903e-02	-8.940244e-02	8.215245e-02	-7.050146e-02	5.507362e-02	-3.669543e-02	2.169575e-02	3.470186e-02	2.177741e-02	2.159689e-03	-6.741478e-04	2.107444e-03	2.439516e-02	5.241613e-02	-2.262460e-02	3.075312e-02	-7.906989e-02	3.575728e-02	-8.338111e-02	
6.183804e-01	-1.009596e-01	-1.153537e-01	1.444820e-01	-9.519068e-02	-9.887039e-02	-2.218072e-02	-9.292269e-02	-2.423349e-02	0.000000e+00	1.091609e-01	2.006168e-01	-4.779431e-02	6.038097e-05	-8.776339e-03	-4.248216e-02	-8.967453e-02	8.321325e-02	-7.278709e-02	5.889281e-02	-4.219245e-02	2.679570e-02	-6.956684e-02	4.028991e-02	1.748059e-03	-3.081378e-04	1.774454e-03	8.153078e-02	1.039503e-01	1.084336e-01	1.639980e-01	-3.000387e-02	-6.088161e-02	5.104853e-02	
2.855202e-01	-1.008716e-01	-1.065140e-01	4.966207e-01	-9.492638e-02	-9.885412e-02	-2.218072e-02	-7.982176e-02	-2.423349e-02	0.000000e+00	3.012523e-01	7.619063e-02	-4.775956e-02	2.768672e-05	-3.969277e-02	-5.172467e-03	-8.993086e-02	8.421558e-02	-7.495763e-02	6.254647e-02	-4.750418e-02	4.165632e-02	3.113159e-03	2.408301e-02	1.959729e-03	-3.341278e-04	1.753354e-03	1.268299e-01	6.668970e-02	4.444266e-02	1.448264e-01	-6.011325e-02	2.676081e-02	-1.567860e-02	
3.107475e-02	-5.637139e-02	-1.015679e-01	6.702918e-01	-9.481136e-02	-9.885412e-02	-2.218072e-02	-6.210338e-02	-2.423349e-02	0.000000e+00	2.615920e-01	-9.081034e-02	-4.773893e-02	1.051755e-05	-1.912526e-02	5.615924e-02	-9.017138e-02	8.515872e-02	-7.700965e-02	6.602432e-02	-5.260732e-02	3.398680e-02	-4.424374e-02	2.820231e-02	1.829969e-03	-3.318478e-04	1.612354e-03	1.047282e-01	-1.904224e-02	-5.870772e-03	1.427355e-01	2.416807e-02	1.340684e-01	-5.956640e-02	
-1.138816e-01	1.902982e-01	-9.903496e-02	5.134853e-01	-9.476542e-02	-9.885412e-02	-2.218072e-02	-4.637094e-02	-2.423349e-02	0.000000e+00	1.196572e-01	-1.304685e-01	-4.773853e-02	2.018928e-07	7.262220e-02	5.687164e-02	-9.039607e-02	8.604200e-02	-7.893990e-02	6.931660e-02	-5.747945e-02	3.385360e-02	4.276986e-02	3.094201e-02	1.425539e-03	-9.953578e-04	2.134164e-03	1.150323e-02	-1.141268e-02	-4.338547e-02	2.288349e-02	-6.040698e-02	5.380142e-02	3.700988e-02	
-1.782602e-01	5.492156e-01	-9.783147e-02	2.408141e-01	-9.475242e-02	-9.885412e-02	-2.218072e-02	-3.504900e-02	-2.423349e-02	0.000000e+00	5.941669e-04	-8.851925e-02	-4.773853e-02	3.127608e-11	9.461663e-02	-1.134573e-02	-9.060487e-02	8.686482e-02	-8.074534e-02	7.241405e-02	-6.209917e-02	3.855972e-02	-4.802494e-02	4.193651e-02	1.542539e-03	-1.784278e-04	1.926744e-03	-2.675238e-02	6.524020e-02	5.581884e-02	1.216590e-01	-2.504867e-02	9.603104e-02	3.119880e-02	
-1.930078e-01	7.694896e-01	-9.729540e-02	4.075904e-02	-9.475242e-02	-9.885412e-02	-2.218072e-02	-2.799000e-02	-2.423349e-02	0.000000e+00	-5.751466e-02	3.466486e-02	-4.773853e-02	3.127608e-11	4.992987e-02	-4.711358e-02	-9.079775e-02	8.762658e-02	-8.242309e-02	7.530796e-02	-6.644620e-02	3.290042e-02	2.919586e-02	2.748241e-02	1.425539e-03	-4.770378e-04	1.950014e-03	1.029532e-01	8.263221e-02	3.429112e-02	6.766098e-02	-7.263166e-02	4.135508e-02	-1.308592e-02	
-1.811823e-01	6.511374e-01	-9.706133e-02	8.610929e-02	-9.475242e-02	-9.885412e-02	-2.218072e-02	-2.404857e-02	-2.423349e-02	0.000000e+00	6.975509e-02	1.617127e-01	-4.773853e-02	3.127608e-11	3.875615e-04	-4.079038e-02	-9.097468e-02	8.832677e-02	-8.397052e-02	7.799019e-02	-7.050146e-02	2.717562e-02	-1.100084e-02	2.739551e-02	1.425539e-03	-6.010378e-04	2.000264e-03	-1.812195e-02	-6.315192e-02	4.969532e-02	6.350120e-02	2.570519e-02	7.523775e-02	-7.764322e-02	
-1.592852e-01	3.491922e-01	-9.696772e-02	3.735880e-01	-9.475242e-02	-9.885412e-02	-2.218072e-02	-2.203686e-02	-2.423349e-02	0.000000e+00	2.658195e-01	9.291059e-02	-4.773853e-02	3.127608e-11	-3.165395e-02	-2.444000e-02	-9.113562e-02	8.896487e-02	-8.538517e-02	8.045322e-02	-7.424712e-02	4.109932e-02	5.447591e-04	7.150806e-03	1.536199e-03	-6.786378e-04	1.846434e-03	-9.608312e-03	4.921667e-02	-7.668163e-02	-1.813942e-02	5.868197e-02	-4.650108e-02	-6.954562e-02	
-1.376466e-01	8.450697e-02	-9.693199e-02	6.565369e-01	-9.475242e-02	-9.885412e-02	-2.218072e-02	-2.108477e-02	-2.423349e-02	0.000000e+00	2.556045e-01	-7.147997e-02	-4.773853e-02	3.127608e-11	-4.849624e-02	-1.194875e-02	-9.128055e-02	8.954045e-02	-8.666482e-02	8.269012e-02	-7.766675e-02	2.541289e-02	2.112586e-02	5.575731e-02	1.078028e-03	-1.784278e-04	1.751574e-03	-9.837362e-02	2.146670e-02	5.094966e-02	-9.563662e-02	9.006789e-02	9.820749e-02	5.171958e-03	
-1.209576e-01	-7.833560e-02	-9.692512e-02	6.611815e-01	-9.475242e-02	-9.885412e-02	-2.218072e-02	-2.066245e-02	-2.423349e-02	0.000000e+00	1.228816e-01	-1.263968e-01	-4.773853e-02	3.127608e-11	-5.555564e-02	-4.005432e-03	-9.140944e-02	9.005310e-02	-8.780742e-02	8.469459e-02	-8.074534e-02	4.129552e-02	-1.875414e-02	1.915701e-02	1.425539e-03	-6.746278e-04	2.120524e-03	3.275487e-03	3.130870e-02	-8.004456e-02	-1.109764e-01	9.236853e-02	-4.825483e-02	2.063186e-02	
-1.099727e-01	-1.584646e-01	-9.692512e-02	4.075614e-01	-9.475242e-02	-9.885412e-02	-2.218072e-02	-2.048257e-02	-2.423349e-02	0.000000e+00	2.752042e-03	-9.641337e-02	-4.773853e-02	3.127608e-11	-5.651146e-02	7.134815e-04	-9.152226e-02	9.050246e-02	-8.881119e-02	8.646101e-02	-8.346935e-02	2.951121e-02	4.598486e-02	4.554761e-02	1.425539e-03	-6.137978e-04	2.379304e-03	-8.188818e-03	-1.314979e-01	3.278471e-02	-1.101997e-01	2.412984e-03	1.405498e-02	-1.346971e-02	
-1.035538e-01	-1.853101e-01	-9.692512e-02	1.323890e-01	-9.475242e-02	-9.885412e-02	-2.218072e-02	-2.040511e-02	-2.423349e-02	0.000000e+00	-7.007725e-02	-5.452814e-02	-4.773853e-02	3.127608e-11	-5.413306e-02	2.942270e-03	-9.161901e-02	9.088821e-02	-8.967453e-02	8.798441e-02	-8.582683e-02	4.770872e-02	-3.029264e-02	1.449501e-02	1.770939e-03	-5.967778e-04	2.063564e-03	-1.136494e-01	-5.386733e-02	9.453743e-03	1.457761e-02	3.836891e-02	-1.219696e-01	2.707149e-02	
-1.001460e-01	-1.814956e-01	-9.692512e-02	-5.160646e-02	-9.475242e-02	-9.885412e-02	-2.218072e-02	-2.037579e-02	-2.423349e-02	0.000000e+00	-1.064807e-01	-2.476516e-02	-4.773853e-02	3.127608e-11	-5.063125e-02	3.361734e-03	-9.169966e-02	9.121009e-02	-9.039607e-02	8.926050e-02	-8.780742e-02	3.402882e-02	6.702486e-02	5.046731e-02	1.478719e-03	-4.912178e-04	2.019084e-03	-3.083721e-02	4.962020e-02	-1.865868e-02	-1.172270e-01	-5.101233e-02	2.204407e-02	3.671858e-02	
-9.847641e-02	-1.637768e-01	-9.692512e-02	-1.474663e-01	-9.475242e-02	-9.885412e-02	-2.218072e-02	-2.037270e-02	-2.423349e-02	0.000000e+00	-1.198062e-01	-6.234133e-03	-4.773853e-02	3.127608e-11	-4.741384e-02	2.790271e-03	-9.176419e-02	9.146786e-02	-9.097468e-02	9.028571e-02	-8.940244e-02	2.248943e-02	-6.153204e-02	1.688151e-02	2.485639e-03	-9.032678e-04	1.305904e-03	2.986493e-02	-4.653837e-02	-1.817107e-02	-4.411297e-02	4.911545e-02	2.704507e-02	1.479255e-01	
-9.771269e-02	-1.435474e-01	-9.692512e-02	-1.843169e-01	-9.475242e-02	-9.885412e-02	-2.218072e-02	-2.037270e-02	-2.423349e-02	0.000000e+00	-1.191557e-01	4.238288e-03	-4.773853e-02	3.127608e-11	-4.505488e-02	1.927588e-03	-9.181260e-02	9.166135e-02	-9.140944e-02	9.105715e-02	-9.060487e-02	4.342982e-02	2.966786e-02	2.080131e-02	2.490489e-03	-1.198608e-03	1.796424e-03	-6.910166e-02	3.275506e-03	-2.349067e-02	1.850612e-02	-6.064716e-02	-8.636099e-02	2.323147e-02	
-9.737803e-02	-1.267895e-01	-9.692512e-02	-1.860032e-01	-9.475242e-02	-9.885412e-02	-2.218072e-02	-2.037270e-02	-2.423349e-02	0.000000e+00	-1.115360e-01	8.564742e-03	-4.773853e-02	3.127608e-11	-4.356278e-02	1.163837e-03	-9.184488e-02	9.179042e-02	-9.169966e-02	9.157265e-02	-9.140944e-02	3.589362e-02	5.048186e-02	3.665791e-02	1.965329e-03	-1.245408e-03	1.294124e-03	-3.642593e-04	6.041058e-03	-3.712471e-02	-9.370534e-02	-1.290711e-03	1.778952e-02	-3.444432e-02	
-9.723840e-02	-1.152288e-01	-9.692512e-02	-1.700839e-01	-9.475242e-02	-9.885412e-02	-2.218072e-02	-2.037270e-02	-2.423349e-02	0.000000e+00	-1.022280e-01	9.406061e-03	-4.773853e-02	3.127608e-11	-4.273128e-02	8.335232e-04	-9.186102e-02	9.185497e-02	-9.184488e-02	9.183076e-02	-9.181260e-02	4.696302e-02	-6.065794e-02	2.886431e-02	1.993859e-03	-7.632678e-04	1.706454e-03	2.555528e-02	-5.429112e-02	1.644491e-02	-5.434629e-02	-1.149834e-02	9.549439e-03	4.378868e-02	
