path	shape	zooms	orientation	qform_code	sform_code	matches_modal	xform_metadata_matches_modal
/ZPOOL/data/projects/rf1-sra-linux2/derivatives/fmriprep/sub-10317/ses-01/func/sub-10317_ses-01_task-sharedreward_run-1_part-mag_space-MNI152NLin6Asym_desc-preproc_bold.nii.gz	57x70x54	2.700000047683716x2.700000047683716x2.9700000286102295	RAS	4	4	true	true
/ZPOOL/data/projects/rf1-sra-linux2/derivatives/fmriprep/sub-10317/ses-01/func/sub-10317_ses-01_task-sharedreward_run-2_part-mag_space-MNI152NLin6Asym_desc-preproc_bold.nii.gz	57x70x54	2.700000047683716x2.700000047683716x2.9700000286102295	RAS	4	4	true	true
/ZPOOL/data/projects/rf1-sra-linux2/derivatives/fmriprep/sub-10369/ses-01/func/sub-10369_ses-01_task-sharedreward_run-1_part-mag_space-MNI152NLin6Asym_desc-preproc_bold.nii.gz	57x70x54	2.700000047683716x2.700000047683716x2.9700000286102295	RAS	4	4	true	true
/ZPOOL/data/projects/rf1-sra-linux2/derivatives/fmriprep/sub-10369/ses-01/func/sub-10369_ses-01_task-sharedreward_run-2_part-mag_space-MNI152NLin6Asym_desc-preproc_bold.nii.gz	57x70x54	2.700000047683716x2.700000047683716x2.9700000286102295	RAS	4	4	true	true
/ZPOOL/data/projects/rf1-sra-linux2/derivatives/fmriprep/sub-10402/ses-01/func/sub-10402_ses-01_task-sharedreward_run-1_part-mag_space-MNI152NLin6Asym_desc-preproc_bold.nii.gz	57x70x54	2.700000047683716x2.700000047683716x2.9700000286102295	RAS	4	4	true	true
/ZPOOL/data/projects/rf1-sra-linux2/derivatives/fmriprep/sub-10402/ses-01/func/sub-10402_ses-01_task-sharedreward_run-2_part-mag_space-MNI152NLin6Asym_desc-preproc_bold.nii.gz	57x70x54	2.700000047683716x2.700000047683716x2.9700000286102295	RAS	4	4	true	true
/ZPOOL/data/projects/rf1-sra-linux2/derivatives/fmriprep/sub-10418/ses-01/func/sub-10418_ses-01_task-sharedreward_run-1_part-mag_space-MNI152NLin6Asym_desc-preproc_bold.nii.gz	57x70x54	2.700000047683716x2.700000047683716x2.9700000286102295	RAS	4	4	true	true
/ZPOOL/data/projects/rf1-sra-linux2/derivatives/fmriprep/sub-10418/ses-01/func/sub-10418_ses-01_task-sharedreward_run-2_part-mag_space-MNI152NLin6Asym_desc-preproc_bold.nii.gz	57x70x54	2.700000047683716x2.700000047683716x2.9700000286102295	RAS	4	4	true	true
/ZPOOL/data/projects/rf1-sra-linux2/derivatives/fmriprep/sub-10462/ses-01/func/sub-10462_ses-01_task-sharedreward_run-1_part-mag_space-MNI152NLin6Asym_desc-preproc_bold.nii.gz	57x70x54	2.700000047683716x2.700000047683716x2.9700000286102295	RAS	4	4	true	true
/ZPOOL/data/projects/rf1-sra-linux2/derivatives/fmriprep/sub-10478/ses-01/func/sub-10478_ses-01_task-sharedreward_run-1_part-mag_space-MNI152NLin6Asym_desc-preproc_bold.nii.gz	57x70x54	2.700000047683716x2.700000047683716x2.9700000286102295	RAS	4	4	true	true
/ZPOOL/data/projects/rf1-sra-linux2/derivatives/fmriprep/sub-10478/ses-01/func/sub-10478_ses-01_task-sharedreward_run-2_part-mag_space-MNI152NLin6Asym_desc-preproc_bold.nii.gz	57x70x54	2.700000047683716x2.700000047683716x2.9700000286102295	RAS	4	4	true	true
/ZPOOL/data/projects/rf1-sra-linux2/derivatives/fmriprep/sub-10486/ses-01/func/sub-10486_ses-01_task-sharedreward_run-1_part-mag_space-MNI152NLin6Asym_desc-preproc_bold.nii.gz	57x70x54	2.700000047683716x2.700000047683716x2.9700000286102295	RAS	4	4	true	true
/ZPOOL/data/projects/rf1-sra-linux2/derivatives/fmriprep/sub-10486/ses-01/func/sub-10486_ses-01_task-sharedreward_run-2_part-mag_space-MNI152NLin6Asym_desc-preproc_bold.nii.gz	57x70x54	2.700000047683716x2.700000047683716x2.9700000286102295	RAS	4	4	true	true
/ZPOOL/data/projects/rf1-sra-linux2/derivatives/fmriprep/sub-10529/ses-01/func/sub-10529_ses-01_task-sharedreward_run-1_part-mag_space-MNI152NLin6Asym_desc-preproc_bold.nii.gz	57x70x54	2.700000047683716x2.700000047683716x2.9700000286102295	RAS	4	4	true	true
/ZPOOL/data/projects/rf1-sra-linux2/derivatives/fmriprep/sub-10529/ses-01/func/sub-10529_ses-01_task-sharedreward_run-2_part-mag_space-MNI152NLin6Asym_desc-preproc_bold.nii.gz	57x70x54	2.700000047683716x2.700000047683716x2.9700000286102295	RAS	4	4	true	true
/ZPOOL/data/projects/rf1-sra-linux2/derivatives/fmriprep/sub-10541/ses-01/func/sub-10541_ses-01_task-sharedreward_run-1_part-mag_space-MNI152NLin6Asym_desc-preproc_bold.nii.gz	57x70x54	2.700000047683716x2.700000047683716x2.9700000286102295	RAS	4	4	true	true
/ZPOOL/data/projects/rf1-sra-linux2/derivatives/fmriprep/sub-10541/ses-01/func/sub-10541_ses-01_task-sharedreward_run-2_part-mag_space-MNI152NLin6Asym_desc-preproc_bold.nii.gz	57x70x54	2.700000047683716x2.700000047683716x2.9700000286102295	RAS	4	4	true	true
/ZPOOL/data/projects/rf1-sra-linux2/derivatives/fmriprep/sub-10559/ses-01/func/sub-10559_ses-01_task-sharedreward_run-1_part-mag_space-MNI152NLin6Asym_desc-preproc_bold.nii.gz	57x70x54	2.700000047683716x2.700000047683716x2.9700000286102295	RAS	4	4	true	true
/ZPOOL/data/projects/rf1-sra-linux2/derivatives/fmriprep/sub-10559/ses-01/func/sub-10559_ses-01_task-sharedreward_run-2_part-mag_space-MNI152NLin6Asym_desc-preproc_bold.nii.gz	57x70x54	2.700000047683716x2.700000047683716x2.9700000286102295	RAS	4	4	true	true
/ZPOOL/data/projects/rf1-sra-linux2/derivatives/fmriprep/sub-10572/ses-01/func/sub-10572_ses-01_task-sharedreward_run-1_part-mag_space-MNI152NLin6Asym_desc-preproc_bold.nii.gz	57x70x54	2.700000047683716x2.700000047683716x2.9700000286102295	RAS	4	4	true	true
/ZPOOL/data/projects/rf1-sra-linux2/derivatives/fmriprep/sub-10572/ses-01/func/sub-10572_ses-01_task-sharedreward_run-2_part-mag_space-MNI152NLin6Asym_desc-preproc_bold.nii.gz	57x70x54	2.700000047683716x2.700000047683716x2.9700000286102295	RAS	4	4	true	true
/ZPOOL/data/projects/rf1-sra-linux2/derivatives/fmriprep/sub-10581/ses-01/func/sub-10581_ses-01_task-sharedreward_run-1_part-mag_space-MNI152NLin6Asym_desc-preproc_bold.nii.gz	57x70x54	2.700000047683716x2.700000047683716x2.9700000286102295	RAS	4	4	true	true
/ZPOOL/data/projects/rf1-sra-linux2/derivatives/fmriprep/sub-10581/ses-01/func/sub-10581_ses-01_task-sharedreward_run-2_part-mag_space-MNI152NLin6Asym_desc-preproc_bold.nii.gz	57x70x54	2.700000047683716x2.700000047683716x2.9700000286102295	RAS	4	4	true	true
/ZPOOL/data/projects/rf1-sra-linux2/derivatives/fmriprep/sub-10584/ses-01/func/sub-10584_ses-01_task-sharedreward_run-1_part-mag_space-MNI152NLin6Asym_desc-preproc_bold.nii.gz	57x70x54	2.700000047683716x2.700000047683716x2.9700000286102295	RAS	4	4	true	true
/ZPOOL/data/projects/rf1-sra-linux2/derivatives/fmriprep/sub-10585/ses-01/func/sub-10585_ses-01_task-sharedreward_run-1_part-mag_space-MNI152NLin6Asym_desc-preproc_bold.nii.gz	57x70x54	2.700000047683716x2.700000047683716x2.9700000286102295	RAS	4	4	true	true
/ZPOOL/data/projects/rf1-sra-linux2/derivatives/fmriprep/sub-10585/ses-01/func/sub-10585_ses-01_task-sharedreward_run-2_part-mag_space-MNI152NLin6Asym_desc-preproc_bold.nii.gz	57x70x54	2.700000047683716x2.700000047683716x2.9700000286102295	RAS	4	4	true	true
/ZPOOL/data/projects/rf1-sra-linux2/derivatives/fmriprep/sub-10589/ses-01/func/sub-10589_ses-01_task-sharedreward_run-1_part-mag_space-MNI152NLin6Asym_desc-preproc_bold.nii.gz	57x70x54	2.700000047683716x2.700000047683716x2.9700000286102295	RAS	4	4	true	true
/ZPOOL/data/projects/rf1-sra-linux2/derivatives/fmriprep/sub-10589/ses-01/func/sub-10589_ses-01_task-sharedreward_run-2_part-mag_space-MNI152NLin6Asym_desc-preproc_bold.nii.gz	57x70x54	2.700000047683716x2.700000047683716x2.9700000286102295	RAS	4	4	true	true
/ZPOOL/data/projects/rf1-sra-linux2/derivatives/fmriprep/sub-10590/ses-01/func/sub-10590_ses-01_task-sharedreward_run-1_part-mag_space-MNI152NLin6Asym_desc-preproc_bold.nii.gz	57x70x54	2.700000047683716x2.700000047683716x2.9700000286102295	RAS	4	4	true	true
/ZPOOL/data/projects/rf1-sra-linux2/derivatives/fmriprep/sub-10590/ses-01/func/sub-10590_ses-01_task-sharedreward_run-2_part-mag_space-MNI152NLin6Asym_desc-preproc_bold.nii.gz	57x70x54	2.700000047683716x2.700000047683716x2.9700000286102295	RAS	4	4	true	true
/ZPOOL/data/projects/rf1-sra-linux2/derivatives/fmriprep/sub-10596/ses-01/func/sub-10596_ses-01_task-sharedreward_run-1_part-mag_space-MNI152NLin6Asym_desc-preproc_bold.nii.gz	57x70x54	2.700000047683716x2.700000047683716x2.9700000286102295	RAS	4	4	true	true
/ZPOOL/data/projects/rf1-sra-linux2/derivatives/fmriprep/sub-10596/ses-01/func/sub-10596_ses-01_task-sharedreward_run-2_part-mag_space-MNI152NLin6Asym_desc-preproc_bold.nii.gz	57x70x54	2.700000047683716x2.700000047683716x2.9700000286102295	RAS	4	4	true	true
/ZPOOL/data/projects/rf1-sra-linux2/derivatives/fmriprep/sub-10603/ses-01/func/sub-10603_ses-01_task-sharedreward_run-1_part-mag_space-MNI152NLin6Asym_desc-preproc_bold.nii.gz	57x70x54	2.700000047683716x2.700000047683716x2.9700000286102295	RAS	4	4	true	true
/ZPOOL/data/projects/rf1-sra-linux2/derivatives/fmriprep/sub-10606/ses-01/func/sub-10606_ses-01_task-sharedreward_run-1_part-mag_space-MNI152NLin6Asym_desc-preproc_bold.nii.gz	57x70x54	2.700000047683716x2.700000047683716x2.9700000286102295	RAS	4	4	true	true
/ZPOOL/data/projects/rf1-sra-linux2/derivatives/fmriprep/sub-10606/ses-01/func/sub-10606_ses-01_task-sharedreward_run-2_part-mag_space-MNI152NLin6Asym_desc-preproc_bold.nii.gz	57x70x54	2.700000047683716x2.700000047683716x2.9700000286102295	RAS	4	4	true	true
/ZPOOL/data/projects/rf1-sra-linux2/derivatives/fmriprep/sub-10608/ses-01/func/sub-10608_ses-01_task-sharedreward_run-1_part-mag_space-MNI152NLin6Asym_desc-preproc_bold.nii.gz	57x70x54	2.700000047683716x2.700000047683716x2.9700000286102295	RAS	4	4	true	true
/ZPOOL/data/projects/rf1-sra-linux2/derivatives/fmriprep/sub-10608/ses-01/func/sub-10608_ses-01_task-sharedreward_run-2_part-mag_space-MNI152NLin6Asym_desc-preproc_bold.nii.gz	57x70x54	2.700000047683716x2.700000047683716x2.9700000286102295	RAS	4	4	true	true
/ZPOOL/data/projects/rf1-sra-linux2/derivatives/fmriprep/sub-10617/ses-01/func/sub-10617_ses-01_task-sharedreward_run-1_part-mag_space-MNI152NLin6Asym_desc-preproc_bold.nii.gz	57x70x54	2.700000047683716x2.700000047683716x2.9700000286102295	RAS	4	4	true	true
/ZPOOL/data/projects/rf1-sra-linux2/derivatives/fmriprep/sub-10636/ses-01/func/sub-10636_ses-01_task-sharedreward_run-1_part-mag_space-MNI152NLin6Asym_desc-preproc_bold.nii.gz	57x70x54	2.700000047683716x2.700000047683716x2.9700000286102295	RAS	4	4	true	true
/ZPOOL/data/projects/rf1-sra-linux2/derivatives/fmriprep/sub-10636/ses-01/func/sub-10636_ses-01_task-sharedreward_run-2_part-mag_space-MNI152NLin6Asym_desc-preproc_bold.nii.gz	57x70x54	2.700000047683716x2.700000047683716x2.9700000286102295	RAS	4	4	true	true
/ZPOOL/data/projects/rf1-sra-linux2/derivatives/fmriprep/sub-10638/ses-01/func/sub-10638_ses-01_task-sharedreward_run-1_part-mag_space-MNI152NLin6Asym_desc-preproc_bold.nii.gz	57x70x54	2.700000047683716x2.700000047683716x2.9700000286102295	RAS	4	4	true	true
/ZPOOL/data/projects/rf1-sra-linux2/derivatives/fmriprep/sub-10638/ses-01/func/sub-10638_ses-01_task-sharedreward_run-2_part-mag_space-MNI152NLin6Asym_desc-preproc_bold.nii.gz	57x70x54	2.700000047683716x2.700000047683716x2.9700000286102295	RAS	4	4	true	true
/ZPOOL/data/projects/rf1-sra-linux2/derivatives/fmriprep/sub-10640/ses-01/func/sub-10640_ses-01_task-sharedreward_run-1_part-mag_space-MNI152NLin6Asym_desc-preproc_bold.nii.gz	57x70x54	2.700000047683716x2.700000047683716x2.9700000286102295	RAS	4	4	true	true
/ZPOOL/data/projects/rf1-sra-linux2/derivatives/fmriprep/sub-10640/ses-01/func/sub-10640_ses-01_task-sharedreward_run-2_part-mag_space-MNI152NLin6Asym_desc-preproc_bold.nii.gz	57x70x54	2.700000047683716x2.700000047683716x2.9700000286102295	RAS	4	4	true	true
/ZPOOL/data/projects/rf1-sra-linux2/derivatives/fmriprep/sub-10641/ses-01/func/sub-10641_ses-01_task-sharedreward_run-1_part-mag_space-MNI152NLin6Asym_desc-preproc_bold.nii.gz	57x70x54	2.700000047683716x2.700000047683716x2.9700000286102295	RAS	4	4	true	true
/ZPOOL/data/projects/rf1-sra-linux2/derivatives/fmriprep/sub-10642/ses-01/func/sub-10642_ses-01_task-sharedreward_run-1_part-mag_space-MNI152NLin6Asym_desc-preproc_bold.nii.gz	57x70x54	2.700000047683716x2.700000047683716x2.9700000286102295	RAS	4	4	true	true
/ZPOOL/data/projects/rf1-sra-linux2/derivatives/fmriprep/sub-10642/ses-01/func/sub-10642_ses-01_task-sharedreward_run-2_part-mag_space-MNI152NLin6Asym_desc-preproc_bold.nii.gz	57x70x54	2.700000047683716x2.700000047683716x2.9700000286102295	RAS	4	4	true	true
/ZPOOL/data/projects/rf1-sra-linux2/derivatives/fmriprep/sub-10644/ses-01/func/sub-10644_ses-01_task-sharedreward_run-1_part-mag_space-MNI152NLin6Asym_desc-preproc_bold.nii.gz	57x70x54	2.700000047683716x2.700000047683716x2.9700000286102295	RAS	4	4	true	true
/ZPOOL/data/projects/rf1-sra-linux2/derivatives/fmriprep/sub-10644/ses-01/func/sub-10644_ses-01_task-sharedreward_run-2_part-mag_space-MNI152NLin6Asym_desc-preproc_bold.nii.gz	57x70x54	2.700000047683716x2.700000047683716x2.9700000286102295	RAS	4	4	true	true
/ZPOOL/data/projects/rf1-sra-linux2/derivatives/fmriprep/sub-10647/ses-01/func/sub-10647_ses-01_task-sharedreward_run-1_part-mag_space-MNI152NLin6Asym_desc-preproc_bold.nii.gz	57x70x54	2.700000047683716x2.700000047683716x2.9700000286102295	RAS	4	4	true	true
/ZPOOL/data/projects/rf1-sra-linux2/derivatives/fmriprep/sub-10647/ses-01/func/sub-10647_ses-01_task-sharedreward_run-2_part-mag_space-MNI152NLin6Asym_desc-preproc_bold.nii.gz	57x70x54	2.700000047683716x2.700000047683716x2.9700000286102295	RAS	4	4	true	true
/ZPOOL/data/projects/rf1-sra-linux2/derivatives/fmriprep/sub-10649/ses-01/func/sub-10649_ses-01_task-sharedreward_run-1_part-mag_space-MNI152NLin6Asym_desc-preproc_bold.nii.gz	57x70x54	2.700000047683716x2.700000047683716x2.9700000286102295	RAS	4	4	true	true
/ZPOOL/data/projects/rf1-sra-linux2/derivatives/fmriprep/sub-10649/ses-01/func/sub-10649_ses-01_task-sharedreward_run-2_part-mag_space-MNI152NLin6Asym_desc-preproc_bold.nii.gz	57x70x54	2.700000047683716x2.700000047683716x2.9700000286102295	RAS	4	4	true	true
/ZPOOL/data/projects/rf1-sra-linux2/derivatives/fmriprep/sub-10652/ses-01/func/sub-10652_ses-01_task-sharedreward_run-1_part-mag_space-MNI152NLin6Asym_desc-preproc_bold.nii.gz	57x70x54	2.700000047683716x2.700000047683716x2.9700000286102295	RAS	4	4	true	true
/ZPOOL/data/projects/rf1-sra-linux2/derivatives/fmriprep/sub-10652/ses-01/func/sub-10652_ses-01_task-sharedreward_run-2_part-mag_space-MNI152NLin6Asym_desc-preproc_bold.nii.gz	57x70x54	2.700000047683716x2.700000047683716x2.9700000286102295	RAS	4	4	true	true
/ZPOOL/data/projects/rf1-sra-linux2/derivatives/fmriprep/sub-10656/ses-01/func/sub-10656_ses-01_task-sharedreward_run-1_part-mag_space-MNI152NLin6Asym_desc-preproc_bold.nii.gz	57x70x54	2.700000047683716x2.700000047683716x2.9700000286102295	RAS	4	4	true	true
/ZPOOL/data/projects/rf1-sra-linux2/derivatives/fmriprep/sub-10656/ses-01/func/sub-10656_ses-01_task-sharedreward_run-2_part-mag_space-MNI152NLin6Asym_desc-preproc_bold.nii.gz	57x70x54	2.700000047683716x2.700000047683716x2.9700000286102295	RAS	4	4	true	true
/ZPOOL/data/projects/rf1-sra-linux2/derivatives/fmriprep/sub-10657/ses-01/func/sub-10657_ses-01_task-sharedreward_run-1_part-mag_space-MNI152NLin6Asym_desc-preproc_bold.nii.gz	57x70x54	2.700000047683716x2.700000047683716x2.9700000286102295	RAS	4	4	true	true
/ZPOOL/data/projects/rf1-sra-linux2/derivatives/fmriprep/sub-10657/ses-01/func/sub-10657_ses-01_task-sharedreward_run-2_part-mag_space-MNI152NLin6Asym_desc-preproc_bold.nii.gz	57x70x54	2.700000047683716x2.700000047683716x2.9700000286102295	RAS	4	4	true	true
/ZPOOL/data/projects/rf1-sra-linux2/derivatives/fmriprep/sub-10661/ses-01/func/sub-10661_ses-01_task-sharedreward_run-1_part-mag_space-MNI152NLin6Asym_desc-preproc_bold.nii.gz	57x70x54	2.700000047683716x2.700000047683716x2.9700000286102295	RAS	4	4	true	true
/ZPOOL/data/projects/rf1-sra-linux2/derivatives/fmriprep/sub-10661/ses-01/func/sub-10661_ses-01_task-sharedreward_run-2_part-mag_space-MNI152NLin6Asym_desc-preproc_bold.nii.gz	57x70x54	2.700000047683716x2.700000047683716x2.9700000286102295	RAS	4	4	true	true
/ZPOOL/data/projects/rf1-sra-linux2/derivatives/fmriprep/sub-10663/ses-01/func/sub-10663_ses-01_task-sharedreward_run-1_part-mag_space-MNI152NLin6Asym_desc-preproc_bold.nii.gz	57x70x54	2.700000047683716x2.700000047683716x2.9700000286102295	RAS	4	4	true	true
/ZPOOL/data/projects/rf1-sra-linux2/derivatives/fmriprep/sub-10663/ses-01/func/sub-10663_ses-01_task-sharedreward_run-2_part-mag_space-MNI152NLin6Asym_desc-preproc_bold.nii.gz	57x70x54	2.700000047683716x2.700000047683716x2.9700000286102295	RAS	4	4	true	true
/ZPOOL/data/projects/rf1-sra-linux2/derivatives/fmriprep/sub-10668/ses-01/func/sub-10668_ses-01_task-sharedreward_run-1_part-mag_space-MNI152NLin6Asym_desc-preproc_bold.nii.gz	57x70x54	2.700000047683716x2.700000047683716x2.9700000286102295	RAS	4	4	true	true
/ZPOOL/data/projects/rf1-sra-linux2/derivatives/fmriprep/sub-10673/ses-01/func/sub-10673_ses-01_task-sharedreward_run-1_part-mag_space-MNI152NLin6Asym_desc-preproc_bold.nii.gz	57x70x54	2.700000047683716x2.700000047683716x2.9700000286102295	RAS	4	4	true	true
/ZPOOL/data/projects/rf1-sra-linux2/derivatives/fmriprep/sub-10673/ses-01/func/sub-10673_ses-01_task-sharedreward_run-2_part-mag_space-MNI152NLin6Asym_desc-preproc_bold.nii.gz	57x70x54	2.700000047683716x2.700000047683716x2.9700000286102295	RAS	4	4	true	true
/ZPOOL/data/projects/rf1-sra-linux2/derivatives/fmriprep/sub-10674/ses-01/func/sub-10674_ses-01_task-sharedreward_run-1_part-mag_space-MNI152NLin6Asym_desc-preproc_bold.nii.gz	57x70x54	2.700000047683716x2.700000047683716x2.9700000286102295	RAS	4	4	true	true
/ZPOOL/data/projects/rf1-sra-linux2/derivatives/fmriprep/sub-10674/ses-01/func/sub-10674_ses-01_task-sharedreward_run-2_part-mag_space-MNI152NLin6Asym_desc-preproc_bold.nii.gz	57x70x54	2.700000047683716x2.700000047683716x2.9700000286102295	RAS	4	4	true	true
/ZPOOL/data/projects/rf1-sra-linux2/derivatives/fmriprep/sub-10677/ses-01/func/sub-10677_ses-01_task-sharedreward_run-1_part-mag_space-MNI152NLin6Asym_desc-preproc_bold.nii.gz	57x70x54	2.700000047683716x2.700000047683716x2.9700000286102295	RAS	4	4	true	true
/ZPOOL/data/projects/rf1-sra-linux2/derivatives/fmriprep/sub-10677/ses-01/func/sub-10677_ses-01_task-sharedreward_run-2_part-mag_space-MNI152NLin6Asym_desc-preproc_bold.nii.gz	57x70x54	2.700000047683716x2.700000047683716x2.9700000286102295	RAS	4	4	true	true
/ZPOOL/data/projects/rf1-sra-linux2/derivatives/fmriprep/sub-10685/ses-01/func/sub-10685_ses-01_task-sharedreward_run-1_part-mag_space-MNI152NLin6Asym_desc-preproc_bold.nii.gz	57x70x54	2.700000047683716x2.700000047683716x2.9700000286102295	RAS	4	4	true	true
/ZPOOL/data/projects/rf1-sra-linux2/derivatives/fmriprep/sub-10685/ses-01/func/sub-10685_ses-01_task-sharedreward_run-2_part-mag_space-MNI152NLin6Asym_desc-preproc_bold.nii.gz	57x70x54	2.700000047683716x2.700000047683716x2.9700000286102295	RAS	4	4	true	true
/ZPOOL/data/projects/rf1-sra-linux2/derivatives/fmriprep/sub-10690/ses-01/func/sub-10690_ses-01_task-sharedreward_run-1_part-mag_space-MNI152NLin6Asym_desc-preproc_bold.nii.gz	57x70x54	2.700000047683716x2.700000047683716x2.9700000286102295	RAS	4	4	true	true
/ZPOOL/data/projects/rf1-sra-linux2/derivatives/fmriprep/sub-10690/ses-01/func/sub-10690_ses-01_task-sharedreward_run-2_part-mag_space-MNI152NLin6Asym_desc-preproc_bold.nii.gz	57x70x54	2.700000047683716x2.700000047683716x2.9700000286102295	RAS	4	4	true	true
/ZPOOL/data/projects/rf1-sra-linux2/derivatives/fmriprep/sub-10691/ses-01/func/sub-10691_ses-01_task-sharedreward_run-1_part-mag_space-MNI152NLin6Asym_desc-preproc_bold.nii.gz	57x70x54	2.700000047683716x2.700000047683716x2.9700000286102295	RAS	4	4	true	true
/ZPOOL/data/projects/rf1-sra-linux2/derivatives/fmriprep/sub-10691/ses-01/func/sub-10691_ses-01_task-sharedreward_run-2_part-mag_space-MNI152NLin6Asym_desc-preproc_bold.nii.gz	57x70x54	2.700000047683716x2.700000047683716x2.9700000286102295	RAS	4	4	true	true
/ZPOOL/data/projects/rf1-sra-linux2/derivatives/fmriprep/sub-10700/ses-01/func/sub-10700_ses-01_task-sharedreward_run-1_part-mag_space-MNI152NLin6Asym_desc-preproc_bold.nii.gz	57x70x54	2.700000047683716x2.700000047683716x2.9700000286102295	RAS	4	4	true	true
/ZPOOL/data/projects/rf1-sra-linux2/derivatives/fmriprep/sub-10700/ses-01/func/sub-10700_ses-01_task-sharedreward_run-2_part-mag_space-MNI152NLin6Asym_desc-preproc_bold.nii.gz	57x70x54	2.700000047683716x2.700000047683716x2.9700000286102295	RAS	4	4	true	true
/ZPOOL/data/projects/rf1-sra-linux2/derivatives/fmriprep/sub-10701/ses-01/func/sub-10701_ses-01_task-sharedreward_run-1_part-mag_space-MNI152NLin6Asym_desc-preproc_bold.nii.gz	57x70x54	2.700000047683716x2.700000047683716x2.9700000286102295	RAS	4	4	true	true
/ZPOOL/data/projects/rf1-sra-linux2/derivatives/fmriprep/sub-10701/ses-01/func/sub-10701_ses-01_task-sharedreward_run-2_part-mag_space-MNI152NLin6Asym_desc-preproc_bold.nii.gz	57x70x54	2.700000047683716x2.700000047683716x2.9700000286102295	RAS	4	4	true	true
/ZPOOL/data/projects/rf1-sra-linux2/derivatives/fmriprep/sub-10713/ses-01/func/sub-10713_ses-01_task-sharedreward_run-1_part-mag_space-MNI152NLin6Asym_desc-preproc_bold.nii.gz	57x70x54	2.700000047683716x2.700000047683716x2.9700000286102295	RAS	4	4	true	true
/ZPOOL/data/projects/rf1-sra-linux2/derivatives/fmriprep/sub-10713/ses-01/func/sub-10713_ses-01_task-sharedreward_run-2_part-mag_space-MNI152NLin6Asym_desc-preproc_bold.nii.gz	57x70x54	2.700000047683716x2.700000047683716x2.9700000286102295	RAS	4	4	true	true
/ZPOOL/data/projects/rf1-sra-linux2/derivatives/fmriprep/sub-10716/ses-01/func/sub-10716_ses-01_task-sharedreward_run-1_part-mag_space-MNI152NLin6Asym_desc-preproc_bold.nii.gz	57x70x54	2.700000047683716x2.700000047683716x2.9700000286102295	RAS	4	4	true	true
/ZPOOL/data/projects/rf1-sra-linux2/derivatives/fmriprep/sub-10716/ses-01/func/sub-10716_ses-01_task-sharedreward_run-2_part-mag_space-MNI152NLin6Asym_desc-preproc_bold.nii.gz	57x70x54	2.700000047683716x2.700000047683716x2.9700000286102295	RAS	4	4	true	true
/ZPOOL/data/projects/rf1-sra-linux2/derivatives/fmriprep/sub-10718/ses-01/func/sub-10718_ses-01_task-sharedreward_run-1_part-mag_space-MNI152NLin6Asym_desc-preproc_bold.nii.gz	57x70x54	2.700000047683716x2.700000047683716x2.9700000286102295	RAS	4	4	true	true
/ZPOOL/data/projects/rf1-sra-linux2/derivatives/fmriprep/sub-10718/ses-01/func/sub-10718_ses-01_task-sharedreward_run-2_part-mag_space-MNI152NLin6Asym_desc-preproc_bold.nii.gz	57x70x54	2.700000047683716x2.700000047683716x2.9700000286102295	RAS	4	4	true	true
/ZPOOL/data/projects/rf1-sra-linux2/derivatives/fmriprep/sub-10720/ses-01/func/sub-10720_ses-01_task-sharedreward_run-1_part-mag_space-MNI152NLin6Asym_desc-preproc_bold.nii.gz	57x70x54	2.700000047683716x2.700000047683716x2.9700000286102295	RAS	4	4	true	true
/ZPOOL/data/projects/rf1-sra-linux2/derivatives/fmriprep/sub-10720/ses-01/func/sub-10720_ses-01_task-sharedreward_run-2_part-mag_space-MNI152NLin6Asym_desc-preproc_bold.nii.gz	57x70x54	2.700000047683716x2.700000047683716x2.9700000286102295	RAS	4	4	true	true
/ZPOOL/data/projects/rf1-sra-linux2/derivatives/fmriprep/sub-10723/ses-01/func/sub-10723_ses-01_task-sharedreward_run-1_part-mag_space-MNI152NLin6Asym_desc-preproc_bold.nii.gz	57x70x54	2.700000047683716x2.700000047683716x2.9700000286102295	RAS	4	4	true	true
/ZPOOL/data/projects/rf1-sra-linux2/derivatives/fmriprep/sub-10723/ses-01/func/sub-10723_ses-01_task-sharedreward_run-2_part-mag_space-MNI152NLin6Asym_desc-preproc_bold.nii.gz	57x70x54	2.700000047683716x2.700000047683716x2.9700000286102295	RAS	4	4	true	true
/ZPOOL/data/projects/rf1-sra-linux2/derivatives/fmriprep/sub-10741/ses-01/func/sub-10741_ses-01_task-sharedreward_run-1_part-mag_space-MNI152NLin6Asym_desc-preproc_bold.nii.gz	57x70x54	2.700000047683716x2.700000047683716x2.9700000286102295	RAS	4	4	true	true
/ZPOOL/data/projects/rf1-sra-linux2/derivatives/fmriprep/sub-10741/ses-01/func/sub-10741_ses-01_task-sharedreward_run-2_part-mag_space-MNI152NLin6Asym_desc-preproc_bold.nii.gz	57x70x54	2.700000047683716x2.700000047683716x2.9700000286102295	RAS	4	4	true	true
/ZPOOL/data/projects/rf1-sra-linux2/derivatives/fmriprep/sub-10748/ses-01/func/sub-10748_ses-01_task-sharedreward_run-1_part-mag_space-MNI152NLin6Asym_desc-preproc_bold.nii.gz	57x70x54	2.700000047683716x2.700000047683716x2.9700000286102295	RAS	4	4	true	true
/ZPOOL/data/projects/rf1-sra-linux2/derivatives/fmriprep/sub-10748/ses-01/func/sub-10748_ses-01_task-sharedreward_run-2_part-mag_space-MNI152NLin6Asym_desc-preproc_bold.nii.gz	57x70x54	2.700000047683716x2.700000047683716x2.9700000286102295	RAS	4	4	true	true
/ZPOOL/data/projects/rf1-sra-linux2/derivatives/fmriprep/sub-10767/ses-01/func/sub-10767_ses-01_task-sharedreward_run-1_part-mag_space-MNI152NLin6Asym_desc-preproc_bold.nii.gz	57x70x54	2.700000047683716x2.700000047683716x2.9700000286102295	RAS	4	4	true	true
/ZPOOL/data/projects/rf1-sra-linux2/derivatives/fmriprep/sub-10767/ses-01/func/sub-10767_ses-01_task-sharedreward_run-2_part-mag_space-MNI152NLin6Asym_desc-preproc_bold.nii.gz	57x70x54	2.700000047683716x2.700000047683716x2.9700000286102295	RAS	4	4	true	true
/ZPOOL/data/projects/rf1-sra-linux2/derivatives/fmriprep/sub-10770/ses-01/func/sub-10770_ses-01_task-sharedreward_run-1_part-mag_space-MNI152NLin6Asym_desc-preproc_bold.nii.gz	57x70x54	2.700000047683716x2.700000047683716x2.9700000286102295	RAS	4	4	true	true
/ZPOOL/data/projects/rf1-sra-linux2/derivatives/fmriprep/sub-10770/ses-01/func/sub-10770_ses-01_task-sharedreward_run-2_part-mag_space-MNI152NLin6Asym_desc-preproc_bold.nii.gz	57x70x54	2.700000047683716x2.700000047683716x2.9700000286102295	RAS	4	4	true	true
/ZPOOL/data/projects/rf1-sra-linux2/derivatives/fmriprep/sub-10777/ses-01/func/sub-10777_ses-01_task-sharedreward_run-1_part-mag_space-MNI152NLin6Asym_desc-preproc_bold.nii.gz	57x70x54	2.700000047683716x2.700000047683716x2.9700000286102295	RAS	4	4	true	true
/ZPOOL/data/projects/rf1-sra-linux2/derivatives/fmriprep/sub-10777/ses-01/func/sub-10777_ses-01_task-sharedreward_run-2_part-mag_space-MNI152NLin6Asym_desc-preproc_bold.nii.gz	57x70x54	2.700000047683716x2.700000047683716x2.9700000286102295	RAS	4	4	true	true
/ZPOOL/data/projects/rf1-sra-linux2/derivatives/fmriprep/sub-10781/ses-01/func/sub-10781_ses-01_task-sharedreward_run-1_part-mag_space-MNI152NLin6Asym_desc-preproc_bold.nii.gz	57x70x54	2.700000047683716x2.700000047683716x2.9700000286102295	RAS	4	4	true	true
/ZPOOL/data/projects/rf1-sra-linux2/derivatives/fmriprep/sub-10781/ses-01/func/sub-10781_ses-01_task-sharedreward_run-2_part-mag_space-MNI152NLin6Asym_desc-preproc_bold.nii.gz	57x70x54	2.700000047683716x2.700000047683716x2.9700000286102295	RAS	4	4	true	true
/ZPOOL/data/projects/rf1-sra-linux2/derivatives/fmriprep/sub-10783/ses-01/func/sub-10783_ses-01_task-sharedreward_run-1_part-mag_space-MNI152NLin6Asym_desc-preproc_bold.nii.gz	57x70x54	2.700000047683716x2.700000047683716x2.9700000286102295	RAS	4	4	true	true
/ZPOOL/data/projects/rf1-sra-linux2/derivatives/fmriprep/sub-10783/ses-01/func/sub-10783_ses-01_task-sharedreward_run-2_part-mag_space-MNI152NLin6Asym_desc-preproc_bold.nii.gz	57x70x54	2.700000047683716x2.700000047683716x2.9700000286102295	RAS	4	4	true	true
/ZPOOL/data/projects/rf1-sra-linux2/derivatives/fmriprep/sub-10785/ses-01/func/sub-10785_ses-01_task-sharedreward_run-1_part-mag_space-MNI152NLin6Asym_desc-preproc_bold.nii.gz	57x70x54	2.700000047683716x2.700000047683716x2.9700000286102295	RAS	4	4	true	true
/ZPOOL/data/projects/rf1-sra-linux2/derivatives/fmriprep/sub-10785/ses-01/func/sub-10785_ses-01_task-sharedreward_run-2_part-mag_space-MNI152NLin6Asym_desc-preproc_bold.nii.gz	57x70x54	2.700000047683716x2.700000047683716x2.9700000286102295	RAS	4	4	true	true
/ZPOOL/data/projects/rf1-sra-linux2/derivatives/fmriprep/sub-10794/ses-01/func/sub-10794_ses-01_task-sharedreward_run-1_part-mag_space-MNI152NLin6Asym_desc-preproc_bold.nii.gz	57x70x54	2.700000047683716x2.700000047683716x2.9700000286102295	RAS	4	4	true	true
/ZPOOL/data/projects/rf1-sra-linux2/derivatives/fmriprep/sub-10794/ses-01/func/sub-10794_ses-01_task-sharedreward_run-2_part-mag_space-MNI152NLin6Asym_desc-preproc_bold.nii.gz	57x70x54	2.700000047683716x2.700000047683716x2.9700000286102295	RAS	4	4	true	true
/ZPOOL/data/projects/rf1-sra-linux2/derivatives/fmriprep/sub-10800/ses-01/func/sub-10800_ses-01_task-sharedreward_run-1_part-mag_space-MNI152NLin6Asym_desc-preproc_bold.nii.gz	57x70x54	2.700000047683716x2.700000047683716x2.9700000286102295	RAS	4	4	true	true
/ZPOOL/data/projects/rf1-sra-linux2/derivatives/fmriprep/sub-10800/ses-01/func/sub-10800_ses-01_task-sharedreward_run-2_part-mag_space-MNI152NLin6Asym_desc-preproc_bold.nii.gz	57x70x54	2.700000047683716x2.700000047683716x2.9700000286102295	RAS	4	4	true	true
/ZPOOL/data/projects/rf1-sra-linux2/derivatives/fmriprep/sub-10801/ses-01/func/sub-10801_ses-01_task-sharedreward_run-1_part-mag_space-MNI152NLin6Asym_desc-preproc_bold.nii.gz	57x70x54	2.700000047683716x2.700000047683716x2.9700000286102295	RAS	4	4	true	true
/ZPOOL/data/projects/rf1-sra-linux2/derivatives/fmriprep/sub-10801/ses-01/func/sub-10801_ses-01_task-sharedreward_run-2_part-mag_space-MNI152NLin6Asym_desc-preproc_bold.nii.gz	57x70x54	2.700000047683716x2.700000047683716x2.9700000286102295	RAS	4	4	true	true
/ZPOOL/data/projects/rf1-sra-linux2/derivatives/fmriprep/sub-10802/ses-01/func/sub-10802_ses-01_task-sharedreward_run-1_part-mag_space-MNI152NLin6Asym_desc-preproc_bold.nii.gz	57x70x54	2.700000047683716x2.700000047683716x2.9700000286102295	RAS	4	4	true	true
/ZPOOL/data/projects/rf1-sra-linux2/derivatives/fmriprep/sub-10802/ses-01/func/sub-10802_ses-01_task-sharedreward_run-2_part-mag_space-MNI152NLin6Asym_desc-preproc_bold.nii.gz	57x70x54	2.700000047683716x2.700000047683716x2.9700000286102295	RAS	4	4	true	true
/ZPOOL/data/projects/rf1-sra-linux2/derivatives/fmriprep/sub-10803/ses-01/func/sub-10803_ses-01_task-sharedreward_run-1_part-mag_space-MNI152NLin6Asym_desc-preproc_bold.nii.gz	57x70x54	2.700000047683716x2.700000047683716x2.9700000286102295	RAS	4	4	true	true
/ZPOOL/data/projects/rf1-sra-linux2/derivatives/fmriprep/sub-10804/ses-01/func/sub-10804_ses-01_task-sharedreward_run-1_part-mag_space-MNI152NLin6Asym_desc-preproc_bold.nii.gz	57x70x54	2.700000047683716x2.700000047683716x2.9700000286102295	RAS	4	4	true	true
/ZPOOL/data/projects/rf1-sra-linux2/derivatives/fmriprep/sub-10804/ses-01/func/sub-10804_ses-01_task-sharedreward_run-2_part-mag_space-MNI152NLin6Asym_desc-preproc_bold.nii.gz	57x70x54	2.700000047683716x2.700000047683716x2.9700000286102295	RAS	4	4	true	true
/ZPOOL/data/projects/rf1-sra-linux2/derivatives/fmriprep/sub-10806/ses-01/func/sub-10806_ses-01_task-sharedreward_run-1_part-mag_space-MNI152NLin6Asym_desc-preproc_bold.nii.gz	57x70x54	2.700000047683716x2.700000047683716x2.9700000286102295	RAS	4	4	true	true
/ZPOOL/data/projects/rf1-sra-linux2/derivatives/fmriprep/sub-10806/ses-01/func/sub-10806_ses-01_task-sharedreward_run-2_part-mag_space-MNI152NLin6Asym_desc-preproc_bold.nii.gz	57x70x54	2.700000047683716x2.700000047683716x2.9700000286102295	RAS	4	4	true	true
/ZPOOL/data/projects/rf1-sra-linux2/derivatives/fmriprep/sub-10807/ses-01/func/sub-10807_ses-01_task-sharedreward_run-1_part-mag_space-MNI152NLin6Asym_desc-preproc_bold.nii.gz	57x70x54	2.700000047683716x2.700000047683716x2.9700000286102295	RAS	4	4	true	true
/ZPOOL/data/projects/rf1-sra-linux2/derivatives/fmriprep/sub-10807/ses-01/func/sub-10807_ses-01_task-sharedreward_run-2_part-mag_space-MNI152NLin6Asym_desc-preproc_bold.nii.gz	57x70x54	2.700000047683716x2.700000047683716x2.9700000286102295	RAS	4	4	true	true
/ZPOOL/data/projects/rf1-sra-linux2/derivatives/fmriprep/sub-10809/ses-01/func/sub-10809_ses-01_task-sharedreward_run-1_part-mag_space-MNI152NLin6Asym_desc-preproc_bold.nii.gz	57x70x54	2.700000047683716x2.700000047683716x2.9700000286102295	RAS	4	4	true	true
/ZPOOL/data/projects/rf1-sra-linux2/derivatives/fmriprep/sub-10809/ses-01/func/sub-10809_ses-01_task-sharedreward_run-2_part-mag_space-MNI152NLin6Asym_desc-preproc_bold.nii.gz	57x70x54	2.700000047683716x2.700000047683716x2.9700000286102295	RAS	4	4	true	true
/ZPOOL/data/projects/rf1-sra-linux2/derivatives/fmriprep/sub-10810/ses-01/func/sub-10810_ses-01_task-sharedreward_run-1_part-mag_space-MNI152NLin6Asym_desc-preproc_bold.nii.gz	57x70x54	2.700000047683716x2.700000047683716x2.9700000286102295	RAS	4	4	true	true
/ZPOOL/data/projects/rf1-sra-linux2/derivatives/fmriprep/sub-10810/ses-01/func/sub-10810_ses-01_task-sharedreward_run-2_part-mag_space-MNI152NLin6Asym_desc-preproc_bold.nii.gz	57x70x54	2.700000047683716x2.700000047683716x2.9700000286102295	RAS	4	4	true	true
/ZPOOL/data/projects/rf1-sra-linux2/derivatives/fmriprep/sub-10812/ses-01/func/sub-10812_ses-01_task-sharedreward_run-1_part-mag_space-MNI152NLin6Asym_desc-preproc_bold.nii.gz	57x70x54	2.700000047683716x2.700000047683716x2.9700000286102295	RAS	4	4	true	true
/ZPOOL/data/projects/rf1-sra-linux2/derivatives/fmriprep/sub-10812/ses-01/func/sub-10812_ses-01_task-sharedreward_run-2_part-mag_space-MNI152NLin6Asym_desc-preproc_bold.nii.gz	57x70x54	2.700000047683716x2.700000047683716x2.9700000286102295	RAS	4	4	true	true
/ZPOOL/data/projects/rf1-sra-linux2/derivatives/fmriprep/sub-10817/ses-01/func/sub-10817_ses-01_task-sharedreward_run-1_part-mag_space-MNI152NLin6Asym_desc-preproc_bold.nii.gz	57x70x54	2.700000047683716x2.700000047683716x2.9700000286102295	RAS	4	4	true	true
/ZPOOL/data/projects/rf1-sra-linux2/derivatives/fmriprep/sub-10817/ses-01/func/sub-10817_ses-01_task-sharedreward_run-2_part-mag_space-MNI152NLin6Asym_desc-preproc_bold.nii.gz	57x70x54	2.700000047683716x2.700000047683716x2.9700000286102295	RAS	4	4	true	true
/ZPOOL/data/projects/rf1-sra-linux2/derivatives/fmriprep/sub-10827/ses-01/func/sub-10827_ses-01_task-sharedreward_run-1_part-mag_space-MNI152NLin6Asym_desc-preproc_bold.nii.gz	57x70x54	2.700000047683716x2.700000047683716x2.9700000286102295	RAS	4	4	true	true
/ZPOOL/data/projects/rf1-sra-linux2/derivatives/fmriprep/sub-10827/ses-01/func/sub-10827_ses-01_task-sharedreward_run-2_part-mag_space-MNI152NLin6Asym_desc-preproc_bold.nii.gz	57x70x54	2.700000047683716x2.700000047683716x2.9700000286102295	RAS	4	4	true	true
/ZPOOL/data/projects/rf1-sra-linux2/derivatives/fmriprep/sub-10831/ses-01/func/sub-10831_ses-01_task-sharedreward_run-1_part-mag_space-MNI152NLin6Asym_desc-preproc_bold.nii.gz	57x70x54	2.700000047683716x2.700000047683716x2.9700000286102295	RAS	4	4	true	true
/ZPOOL/data/projects/rf1-sra-linux2/derivatives/fmriprep/sub-10831/ses-01/func/sub-10831_ses-01_task-sharedreward_run-2_part-mag_space-MNI152NLin6Asym_desc-preproc_bold.nii.gz	57x70x54	2.700000047683716x2.700000047683716x2.9700000286102295	RAS	4	4	true	true
/ZPOOL/data/projects/rf1-sra-linux2/derivatives/fmriprep/sub-10834/ses-01/func/sub-10834_ses-01_task-sharedreward_run-1_part-mag_space-MNI152NLin6Asym_desc-preproc_bold.nii.gz	57x70x54	2.700000047683716x2.700000047683716x2.9700000286102295	RAS	4	4	true	true
/ZPOOL/data/projects/rf1-sra-linux2/derivatives/fmriprep/sub-10834/ses-01/func/sub-10834_ses-01_task-sharedreward_run-2_part-mag_space-MNI152NLin6Asym_desc-preproc_bold.nii.gz	57x70x54	2.700000047683716x2.700000047683716x2.9700000286102295	RAS	4	4	true	true
/ZPOOL/data/projects/rf1-sra-linux2/derivatives/fmriprep/sub-10838/ses-01/func/sub-10838_ses-01_task-sharedreward_run-1_part-mag_space-MNI152NLin6Asym_desc-preproc_bold.nii.gz	57x70x54	2.700000047683716x2.700000047683716x2.9700000286102295	RAS	4	4	true	true
/ZPOOL/data/projects/rf1-sra-linux2/derivatives/fmriprep/sub-10838/ses-01/func/sub-10838_ses-01_task-sharedreward_run-2_part-mag_space-MNI152NLin6Asym_desc-preproc_bold.nii.gz	57x70x54	2.700000047683716x2.700000047683716x2.9700000286102295	RAS	4	4	true	true
/ZPOOL/data/projects/rf1-sra-linux2/derivatives/fmriprep/sub-10843/ses-01/func/sub-10843_ses-01_task-sharedreward_run-1_part-mag_space-MNI152NLin6Asym_desc-preproc_bold.nii.gz	57x70x54	2.700000047683716x2.700000047683716x2.9700000286102295	RAS	4	4	true	true
/ZPOOL/data/projects/rf1-sra-linux2/derivatives/fmriprep/sub-10843/ses-01/func/sub-10843_ses-01_task-sharedreward_run-2_part-mag_space-MNI152NLin6Asym_desc-preproc_bold.nii.gz	57x70x54	2.700000047683716x2.700000047683716x2.9700000286102295	RAS	4	4	true	true
/ZPOOL/data/projects/rf1-sra-linux2/derivatives/fmriprep/sub-10850/ses-01/func/sub-10850_ses-01_task-sharedreward_run-1_part-mag_space-MNI152NLin6Asym_desc-preproc_bold.nii.gz	57x70x54	2.700000047683716x2.700000047683716x2.9700000286102295	RAS	4	4	true	true
/ZPOOL/data/projects/rf1-sra-linux2/derivatives/fmriprep/sub-10850/ses-01/func/sub-10850_ses-01_task-sharedreward_run-2_part-mag_space-MNI152NLin6Asym_desc-preproc_bold.nii.gz	57x70x54	2.700000047683716x2.700000047683716x2.9700000286102295	RAS	4	4	true	true
/ZPOOL/data/projects/rf1-sra-linux2/derivatives/fmriprep/sub-10854/ses-01/func/sub-10854_ses-01_task-sharedreward_run-1_part-mag_space-MNI152NLin6Asym_desc-preproc_bold.nii.gz	57x70x54	2.700000047683716x2.700000047683716x2.9700000286102295	RAS	4	4	true	true
/ZPOOL/data/projects/rf1-sra-linux2/derivatives/fmriprep/sub-10854/ses-01/func/sub-10854_ses-01_task-sharedreward_run-2_part-mag_space-MNI152NLin6Asym_desc-preproc_bold.nii.gz	57x70x54	2.700000047683716x2.700000047683716x2.9700000286102295	RAS	4	4	true	true
/ZPOOL/data/projects/rf1-sra-linux2/derivatives/fmriprep/sub-10857/ses-01/func/sub-10857_ses-01_task-sharedreward_run-1_part-mag_space-MNI152NLin6Asym_desc-preproc_bold.nii.gz	57x70x54	2.700000047683716x2.700000047683716x2.9700000286102295	RAS	4	4	true	true
/ZPOOL/data/projects/rf1-sra-linux2/derivatives/fmriprep/sub-10857/ses-01/func/sub-10857_ses-01_task-sharedreward_run-2_part-mag_space-MNI152NLin6Asym_desc-preproc_bold.nii.gz	57x70x54	2.700000047683716x2.700000047683716x2.9700000286102295	RAS	4	4	true	true
/ZPOOL/data/projects/rf1-sra-linux2/derivatives/fmriprep/sub-10858/ses-01/func/sub-10858_ses-01_task-sharedreward_run-1_part-mag_space-MNI152NLin6Asym_desc-preproc_bold.nii.gz	57x70x54	2.700000047683716x2.700000047683716x2.9700000286102295	RAS	4	4	true	true
/ZPOOL/data/projects/rf1-sra-linux2/derivatives/fmriprep/sub-10858/ses-01/func/sub-10858_ses-01_task-sharedreward_run-2_part-mag_space-MNI152NLin6Asym_desc-preproc_bold.nii.gz	57x70x54	2.700000047683716x2.700000047683716x2.9700000286102295	RAS	4	4	true	true
/ZPOOL/data/projects/rf1-sra-linux2/derivatives/fmriprep/sub-10860/ses-01/func/sub-10860_ses-01_task-sharedreward_run-1_part-mag_space-MNI152NLin6Asym_desc-preproc_bold.nii.gz	57x70x54	2.700000047683716x2.700000047683716x2.9700000286102295	RAS	4	4	true	true
/ZPOOL/data/projects/rf1-sra-linux2/derivatives/fmriprep/sub-10860/ses-01/func/sub-10860_ses-01_task-sharedreward_run-2_part-mag_space-MNI152NLin6Asym_desc-preproc_bold.nii.gz	57x70x54	2.700000047683716x2.700000047683716x2.9700000286102295	RAS	4	4	true	true
/ZPOOL/data/projects/rf1-sra-linux2/derivatives/fmriprep/sub-10862/ses-01/func/sub-10862_ses-01_task-sharedreward_run-1_part-mag_space-MNI152NLin6Asym_desc-preproc_bold.nii.gz	57x70x54	2.700000047683716x2.700000047683716x2.9700000286102295	RAS	4	4	true	true
/ZPOOL/data/projects/rf1-sra-linux2/derivatives/fmriprep/sub-10862/ses-01/func/sub-10862_ses-01_task-sharedreward_run-2_part-mag_space-MNI152NLin6Asym_desc-preproc_bold.nii.gz	57x70x54	2.700000047683716x2.700000047683716x2.9700000286102295	RAS	4	4	true	true
/ZPOOL/data/projects/rf1-sra-linux2/derivatives/fmriprep/sub-10863/ses-01/func/sub-10863_ses-01_task-sharedreward_run-1_part-mag_space-MNI152NLin6Asym_desc-preproc_bold.nii.gz	57x70x54	2.700000047683716x2.700000047683716x2.9700000286102295	RAS	4	4	true	true
/ZPOOL/data/projects/rf1-sra-linux2/derivatives/fmriprep/sub-10863/ses-01/func/sub-10863_ses-01_task-sharedreward_run-2_part-mag_space-MNI152NLin6Asym_desc-preproc_bold.nii.gz	57x70x54	2.700000047683716x2.700000047683716x2.9700000286102295	RAS	4	4	true	true
/ZPOOL/data/projects/rf1-sra-linux2/derivatives/fmriprep/sub-10866/ses-01/func/sub-10866_ses-01_task-sharedreward_run-1_part-mag_space-MNI152NLin6Asym_desc-preproc_bold.nii.gz	57x70x54	2.700000047683716x2.700000047683716x2.9700000286102295	RAS	4	4	true	true
/ZPOOL/data/projects/rf1-sra-linux2/derivatives/fmriprep/sub-10866/ses-01/func/sub-10866_ses-01_task-sharedreward_run-2_part-mag_space-MNI152NLin6Asym_desc-preproc_bold.nii.gz	57x70x54	2.700000047683716x2.700000047683716x2.9700000286102295	RAS	4	4	true	true
/ZPOOL/data/projects/rf1-sra-linux2/derivatives/fmriprep/sub-10875/ses-01/func/sub-10875_ses-01_task-sharedreward_run-1_part-mag_space-MNI152NLin6Asym_desc-preproc_bold.nii.gz	57x70x54	2.700000047683716x2.700000047683716x2.9700000286102295	RAS	4	4	true	true
/ZPOOL/data/projects/rf1-sra-linux2/derivatives/fmriprep/sub-10875/ses-01/func/sub-10875_ses-01_task-sharedreward_run-2_part-mag_space-MNI152NLin6Asym_desc-preproc_bold.nii.gz	57x70x54	2.700000047683716x2.700000047683716x2.9700000286102295	RAS	4	4	true	true
/ZPOOL/data/projects/rf1-sra-linux2/derivatives/fmriprep/sub-10881/ses-01/func/sub-10881_ses-01_task-sharedreward_run-1_part-mag_space-MNI152NLin6Asym_desc-preproc_bold.nii.gz	57x70x54	2.700000047683716x2.700000047683716x2.9700000286102295	RAS	4	4	true	true
/ZPOOL/data/projects/rf1-sra-linux2/derivatives/fmriprep/sub-10886/ses-01/func/sub-10886_ses-01_task-sharedreward_run-1_part-mag_space-MNI152NLin6Asym_desc-preproc_bold.nii.gz	57x70x54	2.700000047683716x2.700000047683716x2.9700000286102295	RAS	4	4	true	true
/ZPOOL/data/projects/rf1-sra-linux2/derivatives/fmriprep/sub-10887/ses-01/func/sub-10887_ses-01_task-sharedreward_run-1_part-mag_space-MNI152NLin6Asym_desc-preproc_bold.nii.gz	57x70x54	2.700000047683716x2.700000047683716x2.9700000286102295	RAS	4	4	true	true
/ZPOOL/data/projects/rf1-sra-linux2/derivatives/fmriprep/sub-10887/ses-01/func/sub-10887_ses-01_task-sharedreward_run-2_part-mag_space-MNI152NLin6Asym_desc-preproc_bold.nii.gz	57x70x54	2.700000047683716x2.700000047683716x2.9700000286102295	RAS	4	4	true	true
/ZPOOL/data/projects/rf1-sra-linux2/derivatives/fmriprep/sub-10896/ses-01/func/sub-10896_ses-01_task-sharedreward_run-1_part-mag_space-MNI152NLin6Asym_desc-preproc_bold.nii.gz	57x70x54	2.700000047683716x2.700000047683716x2.9700000286102295	RAS	4	4	true	true
/ZPOOL/data/projects/rf1-sra-linux2/derivatives/fmriprep/sub-10896/ses-01/func/sub-10896_ses-01_task-sharedreward_run-2_part-mag_space-MNI152NLin6Asym_desc-preproc_bold.nii.gz	57x70x54	2.700000047683716x2.700000047683716x2.9700000286102295	RAS	4	4	true	true
/ZPOOL/data/projects/rf1-sra-linux2/derivatives/fmriprep/sub-10897/ses-01/func/sub-10897_ses-01_task-sharedreward_run-1_part-mag_space-MNI152NLin6Asym_desc-preproc_bold.nii.gz	57x70x54	2.700000047683716x2.700000047683716x2.9700000286102295	RAS	4	4	true	true
/ZPOOL/data/projects/rf1-sra-linux2/derivatives/fmriprep/sub-10898/ses-01/func/sub-10898_ses-01_task-sharedreward_run-1_part-mag_space-MNI152NLin6Asym_desc-preproc_bold.nii.gz	57x70x54	2.700000047683716x2.700000047683716x2.9700000286102295	RAS	4	4	true	true
/ZPOOL/data/projects/rf1-sra-linux2/derivatives/fmriprep/sub-10898/ses-01/func/sub-10898_ses-01_task-sharedreward_run-2_part-mag_space-MNI152NLin6Asym_desc-preproc_bold.nii.gz	57x70x54	2.700000047683716x2.700000047683716x2.9700000286102295	RAS	4	4	true	true
/ZPOOL/data/projects/rf1-sra-linux2/derivatives/fmriprep/sub-10908/ses-01/func/sub-10908_ses-01_task-sharedreward_run-1_part-mag_space-MNI152NLin6Asym_desc-preproc_bold.nii.gz	57x70x54	2.700000047683716x2.700000047683716x2.9700000286102295	RAS	4	4	true	true
/ZPOOL/data/projects/rf1-sra-linux2/derivatives/fmriprep/sub-10908/ses-01/func/sub-10908_ses-01_task-sharedreward_run-2_part-mag_space-MNI152NLin6Asym_desc-preproc_bold.nii.gz	57x70x54	2.700000047683716x2.700000047683716x2.9700000286102295	RAS	4	4	true	true
/ZPOOL/data/projects/rf1-sra-linux2/derivatives/fmriprep/sub-10913/ses-01/func/sub-10913_ses-01_task-sharedreward_run-1_part-mag_space-MNI152NLin6Asym_desc-preproc_bold.nii.gz	57x70x54	2.700000047683716x2.700000047683716x2.9700000286102295	RAS	4	4	true	true
/ZPOOL/data/projects/rf1-sra-linux2/derivatives/fmriprep/sub-10913/ses-01/func/sub-10913_ses-01_task-sharedreward_run-2_part-mag_space-MNI152NLin6Asym_desc-preproc_bold.nii.gz	57x70x54	2.700000047683716x2.700000047683716x2.9700000286102295	RAS	4	4	true	true
/ZPOOL/data/projects/rf1-sra-linux2/derivatives/fmriprep/sub-10918/ses-01/func/sub-10918_ses-01_task-sharedreward_run-1_part-mag_space-MNI152NLin6Asym_desc-preproc_bold.nii.gz	57x70x54	2.700000047683716x2.700000047683716x2.9700000286102295	RAS	4	4	true	true
/ZPOOL/data/projects/rf1-sra-linux2/derivatives/fmriprep/sub-10918/ses-01/func/sub-10918_ses-01_task-sharedreward_run-2_part-mag_space-MNI152NLin6Asym_desc-preproc_bold.nii.gz	57x70x54	2.700000047683716x2.700000047683716x2.9700000286102295	RAS	4	4	true	true
/ZPOOL/data/projects/rf1-sra-linux2/derivatives/fmriprep/sub-10919/ses-01/func/sub-10919_ses-01_task-sharedreward_run-1_part-mag_space-MNI152NLin6Asym_desc-preproc_bold.nii.gz	57x70x54	2.700000047683716x2.700000047683716x2.9700000286102295	RAS	4	4	true	true
/ZPOOL/data/projects/rf1-sra-linux2/derivatives/fmriprep/sub-10919/ses-01/func/sub-10919_ses-01_task-sharedreward_run-2_part-mag_space-MNI152NLin6Asym_desc-preproc_bold.nii.gz	57x70x54	2.700000047683716x2.700000047683716x2.9700000286102295	RAS	4	4	true	true
/ZPOOL/data/projects/rf1-sra-linux2/derivatives/fmriprep/sub-10924/ses-01/func/sub-10924_ses-01_task-sharedreward_run-1_part-mag_space-MNI152NLin6Asym_desc-preproc_bold.nii.gz	57x70x54	2.700000047683716x2.700000047683716x2.9700000286102295	RAS	4	4	true	true
/ZPOOL/data/projects/rf1-sra-linux2/derivatives/fmriprep/sub-10924/ses-01/func/sub-10924_ses-01_task-sharedreward_run-2_part-mag_space-MNI152NLin6Asym_desc-preproc_bold.nii.gz	57x70x54	2.700000047683716x2.700000047683716x2.9700000286102295	RAS	4	4	true	true
/ZPOOL/data/projects/rf1-sra-linux2/derivatives/fmriprep/sub-10926/ses-01/func/sub-10926_ses-01_task-sharedreward_run-1_part-mag_space-MNI152NLin6Asym_desc-preproc_bold.nii.gz	57x70x54	2.700000047683716x2.700000047683716x2.9700000286102295	RAS	4	4	true	true
/ZPOOL/data/projects/rf1-sra-linux2/derivatives/fmriprep/sub-10926/ses-01/func/sub-10926_ses-01_task-sharedreward_run-2_part-mag_space-MNI152NLin6Asym_desc-preproc_bold.nii.gz	57x70x54	2.700000047683716x2.700000047683716x2.9700000286102295	RAS	4	4	true	true
/ZPOOL/data/projects/rf1-sra-linux2/derivatives/fmriprep/sub-10928/ses-01/func/sub-10928_ses-01_task-sharedreward_run-1_part-mag_space-MNI152NLin6Asym_desc-preproc_bold.nii.gz	57x70x54	2.700000047683716x2.700000047683716x2.9700000286102295	RAS	4	4	true	true
/ZPOOL/data/projects/rf1-sra-linux2/derivatives/fmriprep/sub-10928/ses-01/func/sub-10928_ses-01_task-sharedreward_run-2_part-mag_space-MNI152NLin6Asym_desc-preproc_bold.nii.gz	57x70x54	2.700000047683716x2.700000047683716x2.9700000286102295	RAS	4	4	true	true
/ZPOOL/data/projects/rf1-sra-linux2/derivatives/fmriprep/sub-10929/ses-01/func/sub-10929_ses-01_task-sharedreward_run-1_part-mag_space-MNI152NLin6Asym_desc-preproc_bold.nii.gz	57x70x54	2.700000047683716x2.700000047683716x2.9700000286102295	RAS	4	4	true	true
/ZPOOL/data/projects/rf1-sra-linux2/derivatives/fmriprep/sub-10929/ses-01/func/sub-10929_ses-01_task-sharedreward_run-2_part-mag_space-MNI152NLin6Asym_desc-preproc_bold.nii.gz	57x70x54	2.700000047683716x2.700000047683716x2.9700000286102295	RAS	4	4	true	true
/ZPOOL/data/projects/rf1-sra-linux2/derivatives/fmriprep/sub-10930/ses-01/func/sub-10930_ses-01_task-sharedreward_run-1_part-mag_space-MNI152NLin6Asym_desc-preproc_bold.nii.gz	57x70x54	2.700000047683716x2.700000047683716x2.9700000286102295	RAS	4	4	true	true
/ZPOOL/data/projects/rf1-sra-linux2/derivatives/fmriprep/sub-10930/ses-01/func/sub-10930_ses-01_task-sharedreward_run-2_part-mag_space-MNI152NLin6Asym_desc-preproc_bold.nii.gz	57x70x54	2.700000047683716x2.700000047683716x2.9700000286102295	RAS	4	4	true	true
/ZPOOL/data/projects/rf1-sra-linux2/derivatives/fmriprep/sub-10938/ses-01/func/sub-10938_ses-01_task-sharedreward_run-1_part-mag_space-MNI152NLin6Asym_desc-preproc_bold.nii.gz	57x70x54	2.700000047683716x2.700000047683716x2.9700000286102295	RAS	4	4	true	true
/ZPOOL/data/projects/rf1-sra-linux2/derivatives/fmriprep/sub-10938/ses-01/func/sub-10938_ses-01_task-sharedreward_run-2_part-mag_space-MNI152NLin6Asym_desc-preproc_bold.nii.gz	57x70x54	2.700000047683716x2.700000047683716x2.9700000286102295	RAS	4	4	true	true
/ZPOOL/data/projects/rf1-sra-linux2/derivatives/fmriprep/sub-10940/ses-01/func/sub-10940_ses-01_task-sharedreward_run-1_part-mag_space-MNI152NLin6Asym_desc-preproc_bold.nii.gz	57x70x54	2.700000047683716x2.700000047683716x2.9700000286102295	RAS	4	4	true	true
/ZPOOL/data/projects/rf1-sra-linux2/derivatives/fmriprep/sub-10940/ses-01/func/sub-10940_ses-01_task-sharedreward_run-2_part-mag_space-MNI152NLin6Asym_desc-preproc_bold.nii.gz	57x70x54	2.700000047683716x2.700000047683716x2.9700000286102295	RAS	4	4	true	true
/ZPOOL/data/projects/rf1-sra-linux2/derivatives/fmriprep/sub-10950/ses-01/func/sub-10950_ses-01_task-sharedreward_run-1_part-mag_space-MNI152NLin6Asym_desc-preproc_bold.nii.gz	57x70x54	2.700000047683716x2.700000047683716x2.9700000286102295	RAS	4	4	true	true
/ZPOOL/data/projects/rf1-sra-linux2/derivatives/fmriprep/sub-10950/ses-01/func/sub-10950_ses-01_task-sharedreward_run-2_part-mag_space-MNI152NLin6Asym_desc-preproc_bold.nii.gz	57x70x54	2.700000047683716x2.700000047683716x2.9700000286102295	RAS	4	4	true	true
/ZPOOL/data/projects/rf1-sra-linux2/derivatives/fmriprep/sub-10951/ses-01/func/sub-10951_ses-01_task-sharedreward_run-1_part-mag_space-MNI152NLin6Asym_desc-preproc_bold.nii.gz	57x70x54	2.700000047683716x2.700000047683716x2.9700000286102295	RAS	4	4	true	true
/ZPOOL/data/projects/rf1-sra-linux2/derivatives/fmriprep/sub-10951/ses-01/func/sub-10951_ses-01_task-sharedreward_run-2_part-mag_space-MNI152NLin6Asym_desc-preproc_bold.nii.gz	57x70x54	2.700000047683716x2.700000047683716x2.9700000286102295	RAS	4	4	true	true
/ZPOOL/data/projects/rf1-sra-linux2/derivatives/fmriprep/sub-10952/ses-01/func/sub-10952_ses-01_task-sharedreward_run-1_part-mag_space-MNI152NLin6Asym_desc-preproc_bold.nii.gz	57x70x54	2.700000047683716x2.700000047683716x2.9700000286102295	RAS	4	4	true	true
/ZPOOL/data/projects/rf1-sra-linux2/derivatives/fmriprep/sub-10952/ses-01/func/sub-10952_ses-01_task-sharedreward_run-2_part-mag_space-MNI152NLin6Asym_desc-preproc_bold.nii.gz	57x70x54	2.700000047683716x2.700000047683716x2.9700000286102295	RAS	4	4	true	true
/ZPOOL/data/projects/rf1-sra-linux2/derivatives/fmriprep/sub-10953/ses-01/func/sub-10953_ses-01_task-sharedreward_run-1_part-mag_space-MNI152NLin6Asym_desc-preproc_bold.nii.gz	57x70x54	2.700000047683716x2.700000047683716x2.9700000286102295	RAS	4	4	true	true
/ZPOOL/data/projects/rf1-sra-linux2/derivatives/fmriprep/sub-10953/ses-01/func/sub-10953_ses-01_task-sharedreward_run-2_part-mag_space-MNI152NLin6Asym_desc-preproc_bold.nii.gz	57x70x54	2.700000047683716x2.700000047683716x2.9700000286102295	RAS	4	4	true	true
/ZPOOL/data/projects/rf1-sra-linux2/derivatives/fmriprep/sub-10954/ses-01/func/sub-10954_ses-01_task-sharedreward_run-1_part-mag_space-MNI152NLin6Asym_desc-preproc_bold.nii.gz	57x70x54	2.700000047683716x2.700000047683716x2.9700000286102295	RAS	4	4	true	true
/ZPOOL/data/projects/rf1-sra-linux2/derivatives/fmriprep/sub-10954/ses-01/func/sub-10954_ses-01_task-sharedreward_run-2_part-mag_space-MNI152NLin6Asym_desc-preproc_bold.nii.gz	57x70x54	2.700000047683716x2.700000047683716x2.9700000286102295	RAS	4	4	true	true
/ZPOOL/data/projects/rf1-sra-linux2/derivatives/fmriprep/sub-10956/ses-01/func/sub-10956_ses-01_task-sharedreward_run-1_part-mag_space-MNI152NLin6Asym_desc-preproc_bold.nii.gz	57x70x54	2.700000047683716x2.700000047683716x2.9700000286102295	RAS	4	4	true	true
/ZPOOL/data/projects/rf1-sra-linux2/derivatives/fmriprep/sub-10956/ses-01/func/sub-10956_ses-01_task-sharedreward_run-2_part-mag_space-MNI152NLin6Asym_desc-preproc_bold.nii.gz	57x70x54	2.700000047683716x2.700000047683716x2.9700000286102295	RAS	4	4	true	true
/ZPOOL/data/projects/rf1-sra-linux2/derivatives/fmriprep/sub-10958/ses-01/func/sub-10958_ses-01_task-sharedreward_run-1_part-mag_space-MNI152NLin6Asym_desc-preproc_bold.nii.gz	57x70x54	2.700000047683716x2.700000047683716x2.9700000286102295	RAS	4	4	true	true
/ZPOOL/data/projects/rf1-sra-linux2/derivatives/fmriprep/sub-10958/ses-01/func/sub-10958_ses-01_task-sharedreward_run-2_part-mag_space-MNI152NLin6Asym_desc-preproc_bold.nii.gz	57x70x54	2.700000047683716x2.700000047683716x2.9700000286102295	RAS	4	4	true	true
/ZPOOL/data/projects/rf1-sra-linux2/derivatives/fmriprep/sub-10961/ses-01/func/sub-10961_ses-01_task-sharedreward_run-1_part-mag_space-MNI152NLin6Asym_desc-preproc_bold.nii.gz	57x70x54	2.700000047683716x2.700000047683716x2.9700000286102295	RAS	4	4	true	true
/ZPOOL/data/projects/rf1-sra-linux2/derivatives/fmriprep/sub-10961/ses-01/func/sub-10961_ses-01_task-sharedreward_run-2_part-mag_space-MNI152NLin6Asym_desc-preproc_bold.nii.gz	57x70x54	2.700000047683716x2.700000047683716x2.9700000286102295	RAS	4	4	true	true
/ZPOOL/data/projects/rf1-sra-linux2/derivatives/fmriprep/sub-10964/ses-01/func/sub-10964_ses-01_task-sharedreward_run-1_part-mag_space-MNI152NLin6Asym_desc-preproc_bold.nii.gz	57x70x54	2.700000047683716x2.700000047683716x2.9700000286102295	RAS	4	4	true	true
/ZPOOL/data/projects/rf1-sra-linux2/derivatives/fmriprep/sub-10964/ses-01/func/sub-10964_ses-01_task-sharedreward_run-2_part-mag_space-MNI152NLin6Asym_desc-preproc_bold.nii.gz	57x70x54	2.700000047683716x2.700000047683716x2.9700000286102295	RAS	4	4	true	true
/ZPOOL/data/projects/rf1-sra-linux2/derivatives/fmriprep/sub-10966/ses-01/func/sub-10966_ses-01_task-sharedreward_run-1_part-mag_space-MNI152NLin6Asym_desc-preproc_bold.nii.gz	57x70x54	2.700000047683716x2.700000047683716x2.9700000286102295	RAS	4	4	true	true
/ZPOOL/data/projects/rf1-sra-linux2/derivatives/fmriprep/sub-10966/ses-01/func/sub-10966_ses-01_task-sharedreward_run-2_part-mag_space-MNI152NLin6Asym_desc-preproc_bold.nii.gz	57x70x54	2.700000047683716x2.700000047683716x2.9700000286102295	RAS	4	4	true	true
/ZPOOL/data/projects/rf1-sra-linux2/derivatives/fmriprep/sub-10969/ses-01/func/sub-10969_ses-01_task-sharedreward_run-1_part-mag_space-MNI152NLin6Asym_desc-preproc_bold.nii.gz	57x70x54	2.700000047683716x2.700000047683716x2.9700000286102295	RAS	4	4	true	true
/ZPOOL/data/projects/rf1-sra-linux2/derivatives/fmriprep/sub-10969/ses-01/func/sub-10969_ses-01_task-sharedreward_run-2_part-mag_space-MNI152NLin6Asym_desc-preproc_bold.nii.gz	57x70x54	2.700000047683716x2.700000047683716x2.9700000286102295	RAS	4	4	true	true
/ZPOOL/data/projects/rf1-sra-linux2/derivatives/fmriprep/sub-10974/ses-01/func/sub-10974_ses-01_task-sharedreward_run-1_part-mag_space-MNI152NLin6Asym_desc-preproc_bold.nii.gz	57x70x54	2.700000047683716x2.700000047683716x2.9700000286102295	RAS	4	4	true	true
/ZPOOL/data/projects/rf1-sra-linux2/derivatives/fmriprep/sub-10974/ses-01/func/sub-10974_ses-01_task-sharedreward_run-2_part-mag_space-MNI152NLin6Asym_desc-preproc_bold.nii.gz	57x70x54	2.700000047683716x2.700000047683716x2.9700000286102295	RAS	4	4	true	true
/ZPOOL/data/projects/rf1-sra-linux2/derivatives/fmriprep/sub-10977/ses-01/func/sub-10977_ses-01_task-sharedreward_run-1_part-mag_space-MNI152NLin6Asym_desc-preproc_bold.nii.gz	57x70x54	2.700000047683716x2.700000047683716x2.9700000286102295	RAS	4	4	true	true
/ZPOOL/data/projects/rf1-sra-linux2/derivatives/fmriprep/sub-10977/ses-01/func/sub-10977_ses-01_task-sharedreward_run-2_part-mag_space-MNI152NLin6Asym_desc-preproc_bold.nii.gz	57x70x54	2.700000047683716x2.700000047683716x2.9700000286102295	RAS	4	4	true	true
/ZPOOL/data/projects/rf1-sra-linux2/derivatives/fmriprep/sub-10979/ses-01/func/sub-10979_ses-01_task-sharedreward_run-1_part-mag_space-MNI152NLin6Asym_desc-preproc_bold.nii.gz	57x70x54	2.700000047683716x2.700000047683716x2.9700000286102295	RAS	4	4	true	true
/ZPOOL/data/projects/rf1-sra-linux2/derivatives/fmriprep/sub-10979/ses-01/func/sub-10979_ses-01_task-sharedreward_run-2_part-mag_space-MNI152NLin6Asym_desc-preproc_bold.nii.gz	57x70x54	2.700000047683716x2.700000047683716x2.9700000286102295	RAS	4	4	true	true
/ZPOOL/data/projects/rf1-sra-linux2/derivatives/fmriprep/sub-10983/ses-01/func/sub-10983_ses-01_task-sharedreward_run-1_part-mag_space-MNI152NLin6Asym_desc-preproc_bold.nii.gz	57x70x54	2.700000047683716x2.700000047683716x2.9700000286102295	RAS	4	4	true	true
/ZPOOL/data/projects/rf1-sra-linux2/derivatives/fmriprep/sub-10983/ses-01/func/sub-10983_ses-01_task-sharedreward_run-2_part-mag_space-MNI152NLin6Asym_desc-preproc_bold.nii.gz	57x70x54	2.700000047683716x2.700000047683716x2.9700000286102295	RAS	4	4	true	true
/ZPOOL/data/projects/rf1-sra-linux2/derivatives/fmriprep/sub-10984/ses-01/func/sub-10984_ses-01_task-sharedreward_run-1_part-mag_space-MNI152NLin6Asym_desc-preproc_bold.nii.gz	57x70x54	2.700000047683716x2.700000047683716x2.9700000286102295	RAS	4	4	true	true
/ZPOOL/data/projects/rf1-sra-linux2/derivatives/fmriprep/sub-10984/ses-01/func/sub-10984_ses-01_task-sharedreward_run-2_part-mag_space-MNI152NLin6Asym_desc-preproc_bold.nii.gz	57x70x54	2.700000047683716x2.700000047683716x2.9700000286102295	RAS	4	4	true	true
/ZPOOL/data/projects/rf1-sra-linux2/derivatives/fmriprep/sub-10998/ses-01/func/sub-10998_ses-01_task-sharedreward_run-1_part-mag_space-MNI152NLin6Asym_desc-preproc_bold.nii.gz	57x70x54	2.700000047683716x2.700000047683716x2.9700000286102295	RAS	4	4	true	true
/ZPOOL/data/projects/rf1-sra-linux2/derivatives/fmriprep/sub-10998/ses-01/func/sub-10998_ses-01_task-sharedreward_run-2_part-mag_space-MNI152NLin6Asym_desc-preproc_bold.nii.gz	57x70x54	2.700000047683716x2.700000047683716x2.9700000286102295	RAS	4	4	true	true
/ZPOOL/data/projects/rf1-sra-linux2/derivatives/fmriprep/sub-11005/ses-01/func/sub-11005_ses-01_task-sharedreward_run-1_part-mag_space-MNI152NLin6Asym_desc-preproc_bold.nii.gz	57x70x54	2.700000047683716x2.700000047683716x2.9700000286102295	RAS	4	4	true	true
/ZPOOL/data/projects/rf1-sra-linux2/derivatives/fmriprep/sub-11005/ses-01/func/sub-11005_ses-01_task-sharedreward_run-2_part-mag_space-MNI152NLin6Asym_desc-preproc_bold.nii.gz	57x70x54	2.700000047683716x2.700000047683716x2.9700000286102295	RAS	4	4	true	true
/ZPOOL/data/projects/rf1-sra-linux2/derivatives/fmriprep/sub-11007/ses-01/func/sub-11007_ses-01_task-sharedreward_run-1_part-mag_space-MNI152NLin6Asym_desc-preproc_bold.nii.gz	57x70x54	2.700000047683716x2.700000047683716x2.9700000286102295	RAS	4	4	true	true
/ZPOOL/data/projects/rf1-sra-linux2/derivatives/fmriprep/sub-11007/ses-01/func/sub-11007_ses-01_task-sharedreward_run-2_part-mag_space-MNI152NLin6Asym_desc-preproc_bold.nii.gz	57x70x54	2.700000047683716x2.700000047683716x2.9700000286102295	RAS	4	4	true	true
/ZPOOL/data/projects/rf1-sra-linux2/derivatives/fmriprep/sub-11012/ses-01/func/sub-11012_ses-01_task-sharedreward_run-1_part-mag_space-MNI152NLin6Asym_desc-preproc_bold.nii.gz	57x70x54	2.700000047683716x2.700000047683716x2.9700000286102295	RAS	4	4	true	true
/ZPOOL/data/projects/rf1-sra-linux2/derivatives/fmriprep/sub-11012/ses-01/func/sub-11012_ses-01_task-sharedreward_run-2_part-mag_space-MNI152NLin6Asym_desc-preproc_bold.nii.gz	57x70x54	2.700000047683716x2.700000047683716x2.9700000286102295	RAS	4	4	true	true
/ZPOOL/data/projects/rf1-sra-linux2/derivatives/fmriprep/sub-11016/ses-01/func/sub-11016_ses-01_task-sharedreward_run-1_part-mag_space-MNI152NLin6Asym_desc-preproc_bold.nii.gz	57x70x54	2.700000047683716x2.700000047683716x2.9700000286102295	RAS	4	4	true	true
/ZPOOL/data/projects/rf1-sra-linux2/derivatives/fmriprep/sub-11016/ses-01/func/sub-11016_ses-01_task-sharedreward_run-2_part-mag_space-MNI152NLin6Asym_desc-preproc_bold.nii.gz	57x70x54	2.700000047683716x2.700000047683716x2.9700000286102295	RAS	4	4	true	true
/ZPOOL/data/projects/rf1-sra-linux2/derivatives/fmriprep/sub-11021/ses-01/func/sub-11021_ses-01_task-sharedreward_run-1_part-mag_space-MNI152NLin6Asym_desc-preproc_bold.nii.gz	57x70x54	2.700000047683716x2.700000047683716x2.9700000286102295	RAS	4	4	true	true
/ZPOOL/data/projects/rf1-sra-linux2/derivatives/fmriprep/sub-11021/ses-01/func/sub-11021_ses-01_task-sharedreward_run-2_part-mag_space-MNI152NLin6Asym_desc-preproc_bold.nii.gz	57x70x54	2.700000047683716x2.700000047683716x2.9700000286102295	RAS	4	4	true	true
/ZPOOL/data/projects/rf1-sra-linux2/derivatives/fmriprep/sub-11030/ses-01/func/sub-11030_ses-01_task-sharedreward_run-1_part-mag_space-MNI152NLin6Asym_desc-preproc_bold.nii.gz	57x70x54	2.700000047683716x2.700000047683716x2.9700000286102295	RAS	4	4	true	true
/ZPOOL/data/projects/rf1-sra-linux2/derivatives/fmriprep/sub-11030/ses-01/func/sub-11030_ses-01_task-sharedreward_run-2_part-mag_space-MNI152NLin6Asym_desc-preproc_bold.nii.gz	57x70x54	2.700000047683716x2.700000047683716x2.9700000286102295	RAS	4	4	true	true
/ZPOOL/data/projects/rf1-sra-linux2/derivatives/fmriprep/sub-11031/ses-01/func/sub-11031_ses-01_task-sharedreward_run-1_part-mag_space-MNI152NLin6Asym_desc-preproc_bold.nii.gz	57x70x54	2.700000047683716x2.700000047683716x2.9700000286102295	RAS	4	4	true	true
/ZPOOL/data/projects/rf1-sra-linux2/derivatives/fmriprep/sub-11031/ses-01/func/sub-11031_ses-01_task-sharedreward_run-2_part-mag_space-MNI152NLin6Asym_desc-preproc_bold.nii.gz	57x70x54	2.700000047683716x2.700000047683716x2.9700000286102295	RAS	4	4	true	true
/ZPOOL/data/projects/rf1-sra-linux2/derivatives/fmriprep/sub-11036/ses-01/func/sub-11036_ses-01_task-sharedreward_run-1_part-mag_space-MNI152NLin6Asym_desc-preproc_bold.nii.gz	57x70x54	2.700000047683716x2.700000047683716x2.9700000286102295	RAS	4	4	true	true
/ZPOOL/data/projects/rf1-sra-linux2/derivatives/fmriprep/sub-11036/ses-01/func/sub-11036_ses-01_task-sharedreward_run-2_part-mag_space-MNI152NLin6Asym_desc-preproc_bold.nii.gz	57x70x54	2.700000047683716x2.700000047683716x2.9700000286102295	RAS	4	4	true	true
/ZPOOL/data/projects/rf1-sra-linux2/derivatives/fmriprep/sub-11039/ses-01/func/sub-11039_ses-01_task-sharedreward_run-1_part-mag_space-MNI152NLin6Asym_desc-preproc_bold.nii.gz	57x70x54	2.700000047683716x2.700000047683716x2.9700000286102295	RAS	4	4	true	true
/ZPOOL/data/projects/rf1-sra-linux2/derivatives/fmriprep/sub-11039/ses-01/func/sub-11039_ses-01_task-sharedreward_run-2_part-mag_space-MNI152NLin6Asym_desc-preproc_bold.nii.gz	57x70x54	2.700000047683716x2.700000047683716x2.9700000286102295	RAS	4	4	true	true
/ZPOOL/data/projects/rf1-sra-linux2/derivatives/fmriprep/sub-11042/ses-01/func/sub-11042_ses-01_task-sharedreward_run-1_part-mag_space-MNI152NLin6Asym_desc-preproc_bold.nii.gz	57x70x54	2.700000047683716x2.700000047683716x2.9700000286102295	RAS	4	4	true	true
/ZPOOL/data/projects/rf1-sra-linux2/derivatives/fmriprep/sub-11042/ses-01/func/sub-11042_ses-01_task-sharedreward_run-2_part-mag_space-MNI152NLin6Asym_desc-preproc_bold.nii.gz	57x70x54	2.700000047683716x2.700000047683716x2.9700000286102295	RAS	4	4	true	true
/ZPOOL/data/projects/rf1-sra-linux2/derivatives/fmriprep/sub-11053/ses-01/func/sub-11053_ses-01_task-sharedreward_run-1_part-mag_space-MNI152NLin6Asym_desc-preproc_bold.nii.gz	57x70x54	2.700000047683716x2.700000047683716x2.9700000286102295	RAS	4	4	true	true
/ZPOOL/data/projects/rf1-sra-linux2/derivatives/fmriprep/sub-11053/ses-01/func/sub-11053_ses-01_task-sharedreward_run-2_part-mag_space-MNI152NLin6Asym_desc-preproc_bold.nii.gz	57x70x54	2.700000047683716x2.700000047683716x2.9700000286102295	RAS	4	4	true	true
/ZPOOL/data/projects/rf1-sra-linux2/derivatives/fmriprep/sub-11058/ses-01/func/sub-11058_ses-01_task-sharedreward_run-1_part-mag_space-MNI152NLin6Asym_desc-preproc_bold.nii.gz	57x70x54	2.700000047683716x2.700000047683716x2.9700000286102295	RAS	4	4	true	true
/ZPOOL/data/projects/rf1-sra-linux2/derivatives/fmriprep/sub-11058/ses-01/func/sub-11058_ses-01_task-sharedreward_run-2_part-mag_space-MNI152NLin6Asym_desc-preproc_bold.nii.gz	57x70x54	2.700000047683716x2.700000047683716x2.9700000286102295	RAS	4	4	true	true
/ZPOOL/data/projects/rf1-sra-linux2/derivatives/fmriprep/sub-11060/ses-01/func/sub-11060_ses-01_task-sharedreward_run-1_part-mag_space-MNI152NLin6Asym_desc-preproc_bold.nii.gz	57x70x54	2.700000047683716x2.700000047683716x2.9700000286102295	RAS	4	4	true	true
/ZPOOL/data/projects/rf1-sra-linux2/derivatives/fmriprep/sub-11060/ses-01/func/sub-11060_ses-01_task-sharedreward_run-2_part-mag_space-MNI152NLin6Asym_desc-preproc_bold.nii.gz	57x70x54	2.700000047683716x2.700000047683716x2.9700000286102295	RAS	4	4	true	true
/ZPOOL/data/projects/rf1-sra-linux2/derivatives/fmriprep/sub-11063/ses-01/func/sub-11063_ses-01_task-sharedreward_run-1_part-mag_space-MNI152NLin6Asym_desc-preproc_bold.nii.gz	57x70x54	2.700000047683716x2.700000047683716x2.9700000286102295	RAS	4	4	true	true
/ZPOOL/data/projects/rf1-sra-linux2/derivatives/fmriprep/sub-11063/ses-01/func/sub-11063_ses-01_task-sharedreward_run-2_part-mag_space-MNI152NLin6Asym_desc-preproc_bold.nii.gz	57x70x54	2.700000047683716x2.700000047683716x2.9700000286102295	RAS	4	4	true	true
/ZPOOL/data/projects/rf1-sra-linux2/derivatives/fmriprep/sub-11064/ses-01/func/sub-11064_ses-01_task-sharedreward_run-1_part-mag_space-MNI152NLin6Asym_desc-preproc_bold.nii.gz	57x70x54	2.700000047683716x2.700000047683716x2.9700000286102295	RAS	4	4	true	true
/ZPOOL/data/projects/rf1-sra-linux2/derivatives/fmriprep/sub-11064/ses-01/func/sub-11064_ses-01_task-sharedreward_run-2_part-mag_space-MNI152NLin6Asym_desc-preproc_bold.nii.gz	57x70x54	2.700000047683716x2.700000047683716x2.9700000286102295	RAS	4	4	true	true
/ZPOOL/data/projects/rf1-sra-linux2/derivatives/fmriprep/sub-11065/ses-01/func/sub-11065_ses-01_task-sharedreward_run-1_part-mag_space-MNI152NLin6Asym_desc-preproc_bold.nii.gz	57x70x54	2.700000047683716x2.700000047683716x2.9700000286102295	RAS	4	4	true	true
/ZPOOL/data/projects/rf1-sra-linux2/derivatives/fmriprep/sub-11065/ses-01/func/sub-11065_ses-01_task-sharedreward_run-2_part-mag_space-MNI152NLin6Asym_desc-preproc_bold.nii.gz	57x70x54	2.700000047683716x2.700000047683716x2.9700000286102295	RAS	4	4	true	true
/ZPOOL/data/projects/rf1-sra-linux2/derivatives/fmriprep/sub-11066/ses-01/func/sub-11066_ses-01_task-sharedreward_run-1_part-mag_space-MNI152NLin6Asym_desc-preproc_bold.nii.gz	57x70x54	2.700000047683716x2.700000047683716x2.9700000286102295	RAS	4	4	true	true
/ZPOOL/data/projects/rf1-sra-linux2/derivatives/fmriprep/sub-11066/ses-01/func/sub-11066_ses-01_task-sharedreward_run-2_part-mag_space-MNI152NLin6Asym_desc-preproc_bold.nii.gz	57x70x54	2.700000047683716x2.700000047683716x2.9700000286102295	RAS	4	4	true	true
/ZPOOL/data/projects/rf1-sra-linux2/derivatives/fmriprep/sub-11068/ses-01/func/sub-11068_ses-01_task-sharedreward_run-1_part-mag_space-MNI152NLin6Asym_desc-preproc_bold.nii.gz	57x70x54	2.700000047683716x2.700000047683716x2.9700000286102295	RAS	4	4	true	true
/ZPOOL/data/projects/rf1-sra-linux2/derivatives/fmriprep/sub-11068/ses-01/func/sub-11068_ses-01_task-sharedreward_run-2_part-mag_space-MNI152NLin6Asym_desc-preproc_bold.nii.gz	57x70x54	2.700000047683716x2.700000047683716x2.9700000286102295	RAS	4	4	true	true
/ZPOOL/data/projects/rf1-sra-linux2/derivatives/fmriprep/sub-11071/ses-01/func/sub-11071_ses-01_task-sharedreward_run-1_part-mag_space-MNI152NLin6Asym_desc-preproc_bold.nii.gz	57x70x54	2.700000047683716x2.700000047683716x2.9700000286102295	RAS	4	4	true	true
/ZPOOL/data/projects/rf1-sra-linux2/derivatives/fmriprep/sub-11071/ses-01/func/sub-11071_ses-01_task-sharedreward_run-2_part-mag_space-MNI152NLin6Asym_desc-preproc_bold.nii.gz	57x70x54	2.700000047683716x2.700000047683716x2.9700000286102295	RAS	4	4	true	true
/ZPOOL/data/projects/rf1-sra-linux2/derivatives/fmriprep/sub-11072/ses-01/func/sub-11072_ses-01_task-sharedreward_run-1_part-mag_space-MNI152NLin6Asym_desc-preproc_bold.nii.gz	57x70x54	2.700000047683716x2.700000047683716x2.9700000286102295	RAS	4	4	true	true
/ZPOOL/data/projects/rf1-sra-linux2/derivatives/fmriprep/sub-11072/ses-01/func/sub-11072_ses-01_task-sharedreward_run-2_part-mag_space-MNI152NLin6Asym_desc-preproc_bold.nii.gz	57x70x54	2.700000047683716x2.700000047683716x2.9700000286102295	RAS	4	4	true	true
/ZPOOL/data/projects/rf1-sra-linux2/derivatives/fmriprep/sub-11074/ses-01/func/sub-11074_ses-01_task-sharedreward_run-1_part-mag_space-MNI152NLin6Asym_desc-preproc_bold.nii.gz	57x70x54	2.700000047683716x2.700000047683716x2.9700000286102295	RAS	4	4	true	true
/ZPOOL/data/projects/rf1-sra-linux2/derivatives/fmriprep/sub-11074/ses-01/func/sub-11074_ses-01_task-sharedreward_run-2_part-mag_space-MNI152NLin6Asym_desc-preproc_bold.nii.gz	57x70x54	2.700000047683716x2.700000047683716x2.9700000286102295	RAS	4	4	true	true
/ZPOOL/data/projects/rf1-sra-linux2/derivatives/fmriprep/sub-11075/ses-01/func/sub-11075_ses-01_task-sharedreward_run-1_part-mag_space-MNI152NLin6Asym_desc-preproc_bold.nii.gz	57x70x54	2.700000047683716x2.700000047683716x2.9700000286102295	RAS	4	4	true	true
/ZPOOL/data/projects/rf1-sra-linux2/derivatives/fmriprep/sub-11075/ses-01/func/sub-11075_ses-01_task-sharedreward_run-2_part-mag_space-MNI152NLin6Asym_desc-preproc_bold.nii.gz	57x70x54	2.700000047683716x2.700000047683716x2.9700000286102295	RAS	4	4	true	true
/ZPOOL/data/projects/rf1-sra-linux2/derivatives/fmriprep/sub-11076/ses-01/func/sub-11076_ses-01_task-sharedreward_run-1_part-mag_space-MNI152NLin6Asym_desc-preproc_bold.nii.gz	57x70x54	2.700000047683716x2.700000047683716x2.9700000286102295	RAS	4	4	true	true
/ZPOOL/data/projects/rf1-sra-linux2/derivatives/fmriprep/sub-11078/ses-01/func/sub-11078_ses-01_task-sharedreward_run-1_part-mag_space-MNI152NLin6Asym_desc-preproc_bold.nii.gz	57x70x54	2.700000047683716x2.700000047683716x2.9700000286102295	RAS	4	4	true	true
/ZPOOL/data/projects/rf1-sra-linux2/derivatives/fmriprep/sub-11078/ses-01/func/sub-11078_ses-01_task-sharedreward_run-2_part-mag_space-MNI152NLin6Asym_desc-preproc_bold.nii.gz	57x70x54	2.700000047683716x2.700000047683716x2.9700000286102295	RAS	4	4	true	true
/ZPOOL/data/projects/rf1-sra-linux2/derivatives/fmriprep/sub-11083/ses-01/func/sub-11083_ses-01_task-sharedreward_run-1_part-mag_space-MNI152NLin6Asym_desc-preproc_bold.nii.gz	57x70x54	2.700000047683716x2.700000047683716x2.9700000286102295	RAS	4	4	true	true
/ZPOOL/data/projects/rf1-sra-linux2/derivatives/fmriprep/sub-11083/ses-01/func/sub-11083_ses-01_task-sharedreward_run-2_part-mag_space-MNI152NLin6Asym_desc-preproc_bold.nii.gz	57x70x54	2.700000047683716x2.700000047683716x2.9700000286102295	RAS	4	4	true	true
/ZPOOL/data/projects/rf1-sra-linux2/derivatives/fmriprep/sub-11084/ses-01/func/sub-11084_ses-01_task-sharedreward_run-1_part-mag_space-MNI152NLin6Asym_desc-preproc_bold.nii.gz	57x70x54	2.700000047683716x2.700000047683716x2.9700000286102295	RAS	4	4	true	true
/ZPOOL/data/projects/rf1-sra-linux2/derivatives/fmriprep/sub-11084/ses-01/func/sub-11084_ses-01_task-sharedreward_run-2_part-mag_space-MNI152NLin6Asym_desc-preproc_bold.nii.gz	57x70x54	2.700000047683716x2.700000047683716x2.9700000286102295	RAS	4	4	true	true
/ZPOOL/data/projects/rf1-sra-linux2/derivatives/fmriprep/sub-11085/ses-01/func/sub-11085_ses-01_task-sharedreward_run-1_part-mag_space-MNI152NLin6Asym_desc-preproc_bold.nii.gz	57x70x54	2.700000047683716x2.700000047683716x2.9700000286102295	RAS	4	4	true	true
/ZPOOL/data/projects/rf1-sra-linux2/derivatives/fmriprep/sub-11085/ses-01/func/sub-11085_ses-01_task-sharedreward_run-2_part-mag_space-MNI152NLin6Asym_desc-preproc_bold.nii.gz	57x70x54	2.700000047683716x2.700000047683716x2.9700000286102295	RAS	4	4	true	true
/ZPOOL/data/projects/rf1-sra-linux2/derivatives/fmriprep/sub-11090/ses-01/func/sub-11090_ses-01_task-sharedreward_run-1_part-mag_space-MNI152NLin6Asym_desc-preproc_bold.nii.gz	57x70x54	2.700000047683716x2.700000047683716x2.9700000286102295	RAS	4	4	true	true
/ZPOOL/data/projects/rf1-sra-linux2/derivatives/fmriprep/sub-11090/ses-01/func/sub-11090_ses-01_task-sharedreward_run-2_part-mag_space-MNI152NLin6Asym_desc-preproc_bold.nii.gz	57x70x54	2.700000047683716x2.700000047683716x2.9700000286102295	RAS	4	4	true	true
/ZPOOL/data/projects/rf1-sra-linux2/derivatives/fmriprep/sub-11110/ses-01/func/sub-11110_ses-01_task-sharedreward_run-1_part-mag_space-MNI152NLin6Asym_desc-preproc_bold.nii.gz	57x70x54	2.700000047683716x2.700000047683716x2.9700000286102295	RAS	4	4	true	true
/ZPOOL/data/projects/rf1-sra-linux2/derivatives/fmriprep/sub-11110/ses-01/func/sub-11110_ses-01_task-sharedreward_run-2_part-mag_space-MNI152NLin6Asym_desc-preproc_bold.nii.gz	57x70x54	2.700000047683716x2.700000047683716x2.9700000286102295	RAS	4	4	true	true
/ZPOOL/data/projects/rf1-sra-linux2/derivatives/fmriprep/sub-11113/ses-01/func/sub-11113_ses-01_task-sharedreward_run-1_part-mag_space-MNI152NLin6Asym_desc-preproc_bold.nii.gz	57x70x54	2.700000047683716x2.700000047683716x2.9700000286102295	RAS	4	4	true	true
/ZPOOL/data/projects/rf1-sra-linux2/derivatives/fmriprep/sub-11113/ses-01/func/sub-11113_ses-01_task-sharedreward_run-2_part-mag_space-MNI152NLin6Asym_desc-preproc_bold.nii.gz	57x70x54	2.700000047683716x2.700000047683716x2.9700000286102295	RAS	4	4	true	true
/ZPOOL/data/projects/rf1-sra-linux2/derivatives/fmriprep/sub-11116/ses-01/func/sub-11116_ses-01_task-sharedreward_run-1_part-mag_space-MNI152NLin6Asym_desc-preproc_bold.nii.gz	57x70x54	2.700000047683716x2.700000047683716x2.9700000286102295	RAS	4	4	true	true
/ZPOOL/data/projects/rf1-sra-linux2/derivatives/fmriprep/sub-11116/ses-01/func/sub-11116_ses-01_task-sharedreward_run-2_part-mag_space-MNI152NLin6Asym_desc-preproc_bold.nii.gz	57x70x54	2.700000047683716x2.700000047683716x2.9700000286102295	RAS	4	4	true	true
/ZPOOL/data/projects/rf1-sra-linux2/derivatives/fmriprep/sub-11120/ses-01/func/sub-11120_ses-01_task-sharedreward_run-1_part-mag_space-MNI152NLin6Asym_desc-preproc_bold.nii.gz	57x70x54	2.700000047683716x2.700000047683716x2.9700000286102295	RAS	4	4	true	true
/ZPOOL/data/projects/rf1-sra-linux2/derivatives/fmriprep/sub-11120/ses-01/func/sub-11120_ses-01_task-sharedreward_run-2_part-mag_space-MNI152NLin6Asym_desc-preproc_bold.nii.gz	57x70x54	2.700000047683716x2.700000047683716x2.9700000286102295	RAS	4	4	true	true
/ZPOOL/data/projects/rf1-sra-linux2/derivatives/fmriprep/sub-11125/ses-01/func/sub-11125_ses-01_task-sharedreward_run-1_part-mag_space-MNI152NLin6Asym_desc-preproc_bold.nii.gz	57x70x54	2.700000047683716x2.700000047683716x2.9700000286102295	RAS	4	4	true	true
/ZPOOL/data/projects/rf1-sra-linux2/derivatives/fmriprep/sub-11125/ses-01/func/sub-11125_ses-01_task-sharedreward_run-2_part-mag_space-MNI152NLin6Asym_desc-preproc_bold.nii.gz	57x70x54	2.700000047683716x2.700000047683716x2.9700000286102295	RAS	4	4	true	true
/ZPOOL/data/projects/rf1-sra-linux2/derivatives/fmriprep/sub-11126/ses-01/func/sub-11126_ses-01_task-sharedreward_run-1_part-mag_space-MNI152NLin6Asym_desc-preproc_bold.nii.gz	57x70x54	2.700000047683716x2.700000047683716x2.9700000286102295	RAS	4	4	true	true
/ZPOOL/data/projects/rf1-sra-linux2/derivatives/fmriprep/sub-11128/ses-01/func/sub-11128_ses-01_task-sharedreward_run-1_part-mag_space-MNI152NLin6Asym_desc-preproc_bold.nii.gz	57x70x54	2.700000047683716x2.700000047683716x2.9700000286102295	RAS	4	4	true	true
/ZPOOL/data/projects/rf1-sra-linux2/derivatives/fmriprep/sub-11128/ses-01/func/sub-11128_ses-01_task-sharedreward_run-2_part-mag_space-MNI152NLin6Asym_desc-preproc_bold.nii.gz	57x70x54	2.700000047683716x2.700000047683716x2.9700000286102295	RAS	4	4	true	true
/ZPOOL/data/projects/rf1-sra-linux2/derivatives/fmriprep/sub-11134/ses-01/func/sub-11134_ses-01_task-sharedreward_run-1_part-mag_space-MNI152NLin6Asym_desc-preproc_bold.nii.gz	57x70x54	2.700000047683716x2.700000047683716x2.9700000286102295	RAS	4	4	true	true
/ZPOOL/data/projects/rf1-sra-linux2/derivatives/fmriprep/sub-11134/ses-01/func/sub-11134_ses-01_task-sharedreward_run-2_part-mag_space-MNI152NLin6Asym_desc-preproc_bold.nii.gz	57x70x54	2.700000047683716x2.700000047683716x2.9700000286102295	RAS	4	4	true	true
/ZPOOL/data/projects/rf1-sra-linux2/derivatives/fmriprep/sub-11139/ses-01/func/sub-11139_ses-01_task-sharedreward_run-1_part-mag_space-MNI152NLin6Asym_desc-preproc_bold.nii.gz	57x70x54	2.700000047683716x2.700000047683716x2.9700000286102295	RAS	4	4	true	true
/ZPOOL/data/projects/rf1-sra-linux2/derivatives/fmriprep/sub-11139/ses-01/func/sub-11139_ses-01_task-sharedreward_run-2_part-mag_space-MNI152NLin6Asym_desc-preproc_bold.nii.gz	57x70x54	2.700000047683716x2.700000047683716x2.9700000286102295	RAS	4	4	true	true
/ZPOOL/data/projects/rf1-sra-linux2/derivatives/fmriprep/sub-11145/ses-01/func/sub-11145_ses-01_task-sharedreward_run-1_part-mag_space-MNI152NLin6Asym_desc-preproc_bold.nii.gz	57x70x54	2.700000047683716x2.700000047683716x2.9700000286102295	RAS	4	4	true	true
/ZPOOL/data/projects/rf1-sra-linux2/derivatives/fmriprep/sub-11145/ses-01/func/sub-11145_ses-01_task-sharedreward_run-2_part-mag_space-MNI152NLin6Asym_desc-preproc_bold.nii.gz	57x70x54	2.700000047683716x2.700000047683716x2.9700000286102295	RAS	4	4	true	true
/ZPOOL/data/projects/rf1-sra-linux2/derivatives/fmriprep/sub-11164/ses-01/func/sub-11164_ses-01_task-sharedreward_run-1_part-mag_space-MNI152NLin6Asym_desc-preproc_bold.nii.gz	57x70x54	2.700000047683716x2.700000047683716x2.9700000286102295	RAS	4	4	true	true
/ZPOOL/data/projects/rf1-sra-linux2/derivatives/fmriprep/sub-11167/ses-01/func/sub-11167_ses-01_task-sharedreward_run-1_part-mag_space-MNI152NLin6Asym_desc-preproc_bold.nii.gz	57x70x54	2.700000047683716x2.700000047683716x2.9700000286102295	RAS	4	4	true	true
/ZPOOL/data/projects/rf1-sra-linux2/derivatives/fmriprep/sub-11167/ses-01/func/sub-11167_ses-01_task-sharedreward_run-2_part-mag_space-MNI152NLin6Asym_desc-preproc_bold.nii.gz	57x70x54	2.700000047683716x2.700000047683716x2.9700000286102295	RAS	4	4	true	true
/ZPOOL/data/projects/rf1-sra-linux2/derivatives/fmriprep/sub-11168/ses-01/func/sub-11168_ses-01_task-sharedreward_run-1_part-mag_space-MNI152NLin6Asym_desc-preproc_bold.nii.gz	57x70x54	2.700000047683716x2.700000047683716x2.9700000286102295	RAS	4	4	true	true
/ZPOOL/data/projects/rf1-sra-linux2/derivatives/fmriprep/sub-11168/ses-01/func/sub-11168_ses-01_task-sharedreward_run-2_part-mag_space-MNI152NLin6Asym_desc-preproc_bold.nii.gz	57x70x54	2.700000047683716x2.700000047683716x2.9700000286102295	RAS	4	4	true	true
/ZPOOL/data/projects/rf1-sra-linux2/derivatives/fmriprep/sub-11171/ses-01/func/sub-11171_ses-01_task-sharedreward_run-1_part-mag_space-MNI152NLin6Asym_desc-preproc_bold.nii.gz	57x70x54	2.700000047683716x2.700000047683716x2.9700000286102295	RAS	4	4	true	true
/ZPOOL/data/projects/rf1-sra-linux2/derivatives/fmriprep/sub-11171/ses-01/func/sub-11171_ses-01_task-sharedreward_run-2_part-mag_space-MNI152NLin6Asym_desc-preproc_bold.nii.gz	57x70x54	2.700000047683716x2.700000047683716x2.9700000286102295	RAS	4	4	true	true
/ZPOOL/data/projects/rf1-sra-linux2/derivatives/fmriprep/sub-11177/ses-01/func/sub-11177_ses-01_task-sharedreward_run-1_part-mag_space-MNI152NLin6Asym_desc-preproc_bold.nii.gz	57x70x54	2.700000047683716x2.700000047683716x2.9700000286102295	RAS	4	4	true	true
/ZPOOL/data/projects/rf1-sra-linux2/derivatives/fmriprep/sub-11177/ses-01/func/sub-11177_ses-01_task-sharedreward_run-2_part-mag_space-MNI152NLin6Asym_desc-preproc_bold.nii.gz	57x70x54	2.700000047683716x2.700000047683716x2.9700000286102295	RAS	4	4	true	true
/ZPOOL/data/projects/rf1-sra-linux2/derivatives/fmriprep/sub-11192/ses-01/func/sub-11192_ses-01_task-sharedreward_run-1_part-mag_space-MNI152NLin6Asym_desc-preproc_bold.nii.gz	57x70x54	2.700000047683716x2.700000047683716x2.9700000286102295	RAS	4	4	true	true
/ZPOOL/data/projects/rf1-sra-linux2/derivatives/fmriprep/sub-11192/ses-01/func/sub-11192_ses-01_task-sharedreward_run-2_part-mag_space-MNI152NLin6Asym_desc-preproc_bold.nii.gz	57x70x54	2.700000047683716x2.700000047683716x2.9700000286102295	RAS	4	4	true	true
/ZPOOL/data/projects/rf1-sra-linux2/derivatives/fmriprep/sub-11193/ses-01/func/sub-11193_ses-01_task-sharedreward_run-1_part-mag_space-MNI152NLin6Asym_desc-preproc_bold.nii.gz	57x70x54	2.700000047683716x2.700000047683716x2.9700000286102295	RAS	4	4	true	true
/ZPOOL/data/projects/rf1-sra-linux2/derivatives/fmriprep/sub-11193/ses-01/func/sub-11193_ses-01_task-sharedreward_run-2_part-mag_space-MNI152NLin6Asym_desc-preproc_bold.nii.gz	57x70x54	2.700000047683716x2.700000047683716x2.9700000286102295	RAS	4	4	true	true
/ZPOOL/data/projects/rf1-sra-linux2/derivatives/fmriprep/sub-11201/ses-01/func/sub-11201_ses-01_task-sharedreward_run-1_part-mag_space-MNI152NLin6Asym_desc-preproc_bold.nii.gz	57x70x54	2.700000047683716x2.700000047683716x2.9700000286102295	RAS	4	4	true	true
/ZPOOL/data/projects/rf1-sra-linux2/derivatives/fmriprep/sub-11203/ses-01/func/sub-11203_ses-01_task-sharedreward_run-1_part-mag_space-MNI152NLin6Asym_desc-preproc_bold.nii.gz	57x70x54	2.700000047683716x2.700000047683716x2.9700000286102295	RAS	4	4	true	true
/ZPOOL/data/projects/rf1-sra-linux2/derivatives/fmriprep/sub-11203/ses-01/func/sub-11203_ses-01_task-sharedreward_run-2_part-mag_space-MNI152NLin6Asym_desc-preproc_bold.nii.gz	57x70x54	2.700000047683716x2.700000047683716x2.9700000286102295	RAS	4	4	true	true
/ZPOOL/data/projects/rf1-sra-linux2/derivatives/fmriprep/sub-11209/ses-01/func/sub-11209_ses-01_task-sharedreward_run-1_part-mag_space-MNI152NLin6Asym_desc-preproc_bold.nii.gz	57x70x54	2.700000047683716x2.700000047683716x2.9700000286102295	RAS	4	4	true	true
/ZPOOL/data/projects/rf1-sra-linux2/derivatives/fmriprep/sub-11209/ses-01/func/sub-11209_ses-01_task-sharedreward_run-2_part-mag_space-MNI152NLin6Asym_desc-preproc_bold.nii.gz	57x70x54	2.700000047683716x2.700000047683716x2.9700000286102295	RAS	4	4	true	true
/ZPOOL/data/projects/rf1-sra-linux2/derivatives/fmriprep/sub-11227/ses-01/func/sub-11227_ses-01_task-sharedreward_run-1_part-mag_space-MNI152NLin6Asym_desc-preproc_bold.nii.gz	57x70x54	2.700000047683716x2.700000047683716x2.9700000286102295	RAS	4	4	true	true
/ZPOOL/data/projects/rf1-sra-linux2/derivatives/fmriprep/sub-11227/ses-01/func/sub-11227_ses-01_task-sharedreward_run-2_part-mag_space-MNI152NLin6Asym_desc-preproc_bold.nii.gz	57x70x54	2.700000047683716x2.700000047683716x2.9700000286102295	RAS	4	4	true	true
/ZPOOL/data/projects/rf1-sra-linux2/derivatives/fmriprep/sub-11238/ses-01/func/sub-11238_ses-01_task-sharedreward_run-1_part-mag_space-MNI152NLin6Asym_desc-preproc_bold.nii.gz	57x70x54	2.700000047683716x2.700000047683716x2.9700000286102295	RAS	4	4	true	true
/ZPOOL/data/projects/rf1-sra-linux2/derivatives/fmriprep/sub-11238/ses-01/func/sub-11238_ses-01_task-sharedreward_run-2_part-mag_space-MNI152NLin6Asym_desc-preproc_bold.nii.gz	57x70x54	2.700000047683716x2.700000047683716x2.9700000286102295	RAS	4	4	true	true
/ZPOOL/data/projects/rf1-sra-linux2/derivatives/fmriprep/sub-11241/ses-01/func/sub-11241_ses-01_task-sharedreward_run-1_part-mag_space-MNI152NLin6Asym_desc-preproc_bold.nii.gz	57x70x54	2.700000047683716x2.700000047683716x2.9700000286102295	RAS	4	4	true	true
/ZPOOL/data/projects/rf1-sra-linux2/derivatives/fmriprep/sub-11241/ses-01/func/sub-11241_ses-01_task-sharedreward_run-2_part-mag_space-MNI152NLin6Asym_desc-preproc_bold.nii.gz	57x70x54	2.700000047683716x2.700000047683716x2.9700000286102295	RAS	4	4	true	true
/ZPOOL/data/projects/rf1-sra-linux2/derivatives/fmriprep/sub-11246/ses-01/func/sub-11246_ses-01_task-sharedreward_run-1_part-mag_space-MNI152NLin6Asym_desc-preproc_bold.nii.gz	57x70x54	2.700000047683716x2.700000047683716x2.9700000286102295	RAS	4	4	true	true
/ZPOOL/data/projects/rf1-sra-linux2/derivatives/fmriprep/sub-11246/ses-01/func/sub-11246_ses-01_task-sharedreward_run-2_part-mag_space-MNI152NLin6Asym_desc-preproc_bold.nii.gz	57x70x54	2.700000047683716x2.700000047683716x2.9700000286102295	RAS	4	4	true	true
/ZPOOL/data/projects/rf1-sra-linux2/derivatives/fmriprep/sub-11276/ses-01/func/sub-11276_ses-01_task-sharedreward_run-1_part-mag_space-MNI152NLin6Asym_desc-preproc_bold.nii.gz	57x70x54	2.700000047683716x2.700000047683716x2.9700000286102295	RAS	4	4	true	true
/ZPOOL/data/projects/rf1-sra-linux2/derivatives/fmriprep/sub-11276/ses-01/func/sub-11276_ses-01_task-sharedreward_run-2_part-mag_space-MNI152NLin6Asym_desc-preproc_bold.nii.gz	57x70x54	2.700000047683716x2.700000047683716x2.9700000286102295	RAS	4	4	true	true
/ZPOOL/data/projects/rf1-sra-linux2/derivatives/fmriprep/sub-11286/ses-01/func/sub-11286_ses-01_task-sharedreward_run-1_part-mag_space-MNI152NLin6Asym_desc-preproc_bold.nii.gz	57x70x54	2.700000047683716x2.700000047683716x2.9700000286102295	RAS	4	4	true	true
/ZPOOL/data/projects/rf1-sra-linux2/derivatives/fmriprep/sub-11301/ses-01/func/sub-11301_ses-01_task-sharedreward_run-1_part-mag_space-MNI152NLin6Asym_desc-preproc_bold.nii.gz	57x70x54	2.700000047683716x2.700000047683716x2.9700000286102295	RAS	4	4	true	true
/ZPOOL/data/projects/rf1-sra-linux2/derivatives/fmriprep/sub-11301/ses-01/func/sub-11301_ses-01_task-sharedreward_run-2_part-mag_space-MNI152NLin6Asym_desc-preproc_bold.nii.gz	57x70x54	2.700000047683716x2.700000047683716x2.9700000286102295	RAS	4	4	true	true
/ZPOOL/data/projects/rf1-sra-linux2/derivatives/fmriprep/sub-11311/ses-01/func/sub-11311_ses-01_task-sharedreward_run-1_part-mag_space-MNI152NLin6Asym_desc-preproc_bold.nii.gz	57x70x54	2.700000047683716x2.700000047683716x2.9700000286102295	RAS	4	4	true	true
/ZPOOL/data/projects/rf1-sra-linux2/derivatives/fmriprep/sub-11311/ses-01/func/sub-11311_ses-01_task-sharedreward_run-2_part-mag_space-MNI152NLin6Asym_desc-preproc_bold.nii.gz	57x70x54	2.700000047683716x2.700000047683716x2.9700000286102295	RAS	4	4	true	true
/ZPOOL/data/projects/rf1-sra-linux2/derivatives/fmriprep/sub-11312/ses-01/func/sub-11312_ses-01_task-sharedreward_run-1_part-mag_space-MNI152NLin6Asym_desc-preproc_bold.nii.gz	57x70x54	2.700000047683716x2.700000047683716x2.9700000286102295	RAS	4	4	true	true
/ZPOOL/data/projects/rf1-sra-linux2/derivatives/fmriprep/sub-11312/ses-01/func/sub-11312_ses-01_task-sharedreward_run-2_part-mag_space-MNI152NLin6Asym_desc-preproc_bold.nii.gz	57x70x54	2.700000047683716x2.700000047683716x2.9700000286102295	RAS	4	4	true	true
/ZPOOL/data/projects/rf1-sra-linux2/derivatives/fmriprep/sub-11316/ses-01/func/sub-11316_ses-01_task-sharedreward_run-1_part-mag_space-MNI152NLin6Asym_desc-preproc_bold.nii.gz	57x70x54	2.700000047683716x2.700000047683716x2.9700000286102295	RAS	4	4	true	true
/ZPOOL/data/projects/rf1-sra-linux2/derivatives/fmriprep/sub-11316/ses-01/func/sub-11316_ses-01_task-sharedreward_run-2_part-mag_space-MNI152NLin6Asym_desc-preproc_bold.nii.gz	57x70x54	2.700000047683716x2.700000047683716x2.9700000286102295	RAS	4	4	true	true
/ZPOOL/data/projects/rf1-sra-linux2/derivatives/fmriprep/sub-11318/ses-01/func/sub-11318_ses-01_task-sharedreward_run-1_part-mag_space-MNI152NLin6Asym_desc-preproc_bold.nii.gz	57x70x54	2.700000047683716x2.700000047683716x2.9700000286102295	RAS	4	4	true	true
/ZPOOL/data/projects/rf1-sra-linux2/derivatives/fmriprep/sub-11318/ses-01/func/sub-11318_ses-01_task-sharedreward_run-2_part-mag_space-MNI152NLin6Asym_desc-preproc_bold.nii.gz	57x70x54	2.700000047683716x2.700000047683716x2.9700000286102295	RAS	4	4	true	true
/ZPOOL/data/projects/rf1-sra-linux2/derivatives/fmriprep/sub-11321/ses-01/func/sub-11321_ses-01_task-sharedreward_run-1_part-mag_space-MNI152NLin6Asym_desc-preproc_bold.nii.gz	57x70x54	2.700000047683716x2.700000047683716x2.9700000286102295	RAS	4	4	true	true
/ZPOOL/data/projects/rf1-sra-linux2/derivatives/fmriprep/sub-11321/ses-01/func/sub-11321_ses-01_task-sharedreward_run-2_part-mag_space-MNI152NLin6Asym_desc-preproc_bold.nii.gz	57x70x54	2.700000047683716x2.700000047683716x2.9700000286102295	RAS	4	4	true	true
/ZPOOL/data/projects/rf1-sra-linux2/derivatives/fmriprep/sub-11325/ses-01/func/sub-11325_ses-01_task-sharedreward_run-1_part-mag_space-MNI152NLin6Asym_desc-preproc_bold.nii.gz	57x70x54	2.700000047683716x2.700000047683716x2.9700000286102295	RAS	4	4	true	true
/ZPOOL/data/projects/rf1-sra-linux2/derivatives/fmriprep/sub-11325/ses-01/func/sub-11325_ses-01_task-sharedreward_run-2_part-mag_space-MNI152NLin6Asym_desc-preproc_bold.nii.gz	57x70x54	2.700000047683716x2.700000047683716x2.9700000286102295	RAS	4	4	true	true
/ZPOOL/data/projects/rf1-sra-linux2/derivatives/fmriprep/sub-11326/ses-01/func/sub-11326_ses-01_task-sharedreward_run-1_part-mag_space-MNI152NLin6Asym_desc-preproc_bold.nii.gz	57x70x54	2.700000047683716x2.700000047683716x2.9700000286102295	RAS	4	4	true	true
/ZPOOL/data/projects/rf1-sra-linux2/derivatives/fmriprep/sub-11326/ses-01/func/sub-11326_ses-01_task-sharedreward_run-2_part-mag_space-MNI152NLin6Asym_desc-preproc_bold.nii.gz	57x70x54	2.700000047683716x2.700000047683716x2.9700000286102295	RAS	4	4	true	true
/ZPOOL/data/projects/rf1-sra-linux2/derivatives/fmriprep/sub-11329/ses-01/func/sub-11329_ses-01_task-sharedreward_run-1_part-mag_space-MNI152NLin6Asym_desc-preproc_bold.nii.gz	57x70x54	2.700000047683716x2.700000047683716x2.9700000286102295	RAS	4	4	true	true
/ZPOOL/data/projects/rf1-sra-linux2/derivatives/fmriprep/sub-11329/ses-01/func/sub-11329_ses-01_task-sharedreward_run-2_part-mag_space-MNI152NLin6Asym_desc-preproc_bold.nii.gz	57x70x54	2.700000047683716x2.700000047683716x2.9700000286102295	RAS	4	4	true	true
/ZPOOL/data/projects/rf1-sra-linux2/derivatives/fmriprep/sub-11330/ses-01/func/sub-11330_ses-01_task-sharedreward_run-1_part-mag_space-MNI152NLin6Asym_desc-preproc_bold.nii.gz	57x70x54	2.700000047683716x2.700000047683716x2.9700000286102295	RAS	4	4	true	true
/ZPOOL/data/projects/rf1-sra-linux2/derivatives/fmriprep/sub-11330/ses-01/func/sub-11330_ses-01_task-sharedreward_run-2_part-mag_space-MNI152NLin6Asym_desc-preproc_bold.nii.gz	57x70x54	2.700000047683716x2.700000047683716x2.9700000286102295	RAS	4	4	true	true
/ZPOOL/data/projects/rf1-sra-linux2/derivatives/fmriprep/sub-11337/ses-01/func/sub-11337_ses-01_task-sharedreward_run-1_part-mag_space-MNI152NLin6Asym_desc-preproc_bold.nii.gz	57x70x54	2.700000047683716x2.700000047683716x2.9700000286102295	RAS	4	4	true	true
/ZPOOL/data/projects/rf1-sra-linux2/derivatives/fmriprep/sub-11337/ses-01/func/sub-11337_ses-01_task-sharedreward_run-2_part-mag_space-MNI152NLin6Asym_desc-preproc_bold.nii.gz	57x70x54	2.700000047683716x2.700000047683716x2.9700000286102295	RAS	4	4	true	true
/ZPOOL/data/projects/rf1-sra-linux2/derivatives/fmriprep/sub-11338/ses-01/func/sub-11338_ses-01_task-sharedreward_run-1_part-mag_space-MNI152NLin6Asym_desc-preproc_bold.nii.gz	57x70x54	2.700000047683716x2.700000047683716x2.9700000286102295	RAS	4	4	true	true
/ZPOOL/data/projects/rf1-sra-linux2/derivatives/fmriprep/sub-11338/ses-01/func/sub-11338_ses-01_task-sharedreward_run-2_part-mag_space-MNI152NLin6Asym_desc-preproc_bold.nii.gz	57x70x54	2.700000047683716x2.700000047683716x2.9700000286102295	RAS	4	4	true	true
/ZPOOL/data/projects/rf1-sra-linux2/derivatives/fmriprep/sub-11340/ses-01/func/sub-11340_ses-01_task-sharedreward_run-1_part-mag_space-MNI152NLin6Asym_desc-preproc_bold.nii.gz	57x70x54	2.700000047683716x2.700000047683716x2.9700000286102295	RAS	4	4	true	true
/ZPOOL/data/projects/rf1-sra-linux2/derivatives/fmriprep/sub-11340/ses-01/func/sub-11340_ses-01_task-sharedreward_run-2_part-mag_space-MNI152NLin6Asym_desc-preproc_bold.nii.gz	57x70x54	2.700000047683716x2.700000047683716x2.9700000286102295	RAS	4	4	true	true
/ZPOOL/data/projects/rf1-sra-linux2/derivatives/fmriprep/sub-11343/ses-01/func/sub-11343_ses-01_task-sharedreward_run-1_part-mag_space-MNI152NLin6Asym_desc-preproc_bold.nii.gz	57x70x54	2.700000047683716x2.700000047683716x2.9700000286102295	RAS	4	4	true	true
/ZPOOL/data/projects/rf1-sra-linux2/derivatives/fmriprep/sub-11343/ses-01/func/sub-11343_ses-01_task-sharedreward_run-2_part-mag_space-MNI152NLin6Asym_desc-preproc_bold.nii.gz	57x70x54	2.700000047683716x2.700000047683716x2.9700000286102295	RAS	4	4	true	true
/ZPOOL/data/projects/rf1-sra-linux2/derivatives/fmriprep/sub-11345/ses-01/func/sub-11345_ses-01_task-sharedreward_run-1_part-mag_space-MNI152NLin6Asym_desc-preproc_bold.nii.gz	57x70x54	2.700000047683716x2.700000047683716x2.9700000286102295	RAS	4	4	true	true
/ZPOOL/data/projects/rf1-sra-linux2/derivatives/fmriprep/sub-11345/ses-01/func/sub-11345_ses-01_task-sharedreward_run-2_part-mag_space-MNI152NLin6Asym_desc-preproc_bold.nii.gz	57x70x54	2.700000047683716x2.700000047683716x2.9700000286102295	RAS	4	4	true	true
/ZPOOL/data/projects/rf1-sra-linux2/derivatives/fmriprep/sub-11348/ses-01/func/sub-11348_ses-01_task-sharedreward_run-1_part-mag_space-MNI152NLin6Asym_desc-preproc_bold.nii.gz	57x70x54	2.700000047683716x2.700000047683716x2.9700000286102295	RAS	4	4	true	true
/ZPOOL/data/projects/rf1-sra-linux2/derivatives/fmriprep/sub-11348/ses-01/func/sub-11348_ses-01_task-sharedreward_run-2_part-mag_space-MNI152NLin6Asym_desc-preproc_bold.nii.gz	57x70x54	2.700000047683716x2.700000047683716x2.9700000286102295	RAS	4	4	true	true
/ZPOOL/data/projects/rf1-sra-linux2/derivatives/fmriprep/sub-11358/ses-01/func/sub-11358_ses-01_task-sharedreward_run-1_part-mag_space-MNI152NLin6Asym_desc-preproc_bold.nii.gz	57x70x54	2.700000047683716x2.700000047683716x2.9700000286102295	RAS	4	4	true	true
/ZPOOL/data/projects/rf1-sra-linux2/derivatives/fmriprep/sub-11358/ses-01/func/sub-11358_ses-01_task-sharedreward_run-2_part-mag_space-MNI152NLin6Asym_desc-preproc_bold.nii.gz	57x70x54	2.700000047683716x2.700000047683716x2.9700000286102295	RAS	4	4	true	true
/ZPOOL/data/projects/rf1-sra-linux2/derivatives/fmriprep/sub-11364/ses-01/func/sub-11364_ses-01_task-sharedreward_run-1_part-mag_space-MNI152NLin6Asym_desc-preproc_bold.nii.gz	57x70x54	2.700000047683716x2.700000047683716x2.9700000286102295	RAS	4	4	true	true
/ZPOOL/data/projects/rf1-sra-linux2/derivatives/fmriprep/sub-11364/ses-01/func/sub-11364_ses-01_task-sharedreward_run-2_part-mag_space-MNI152NLin6Asym_desc-preproc_bold.nii.gz	57x70x54	2.700000047683716x2.700000047683716x2.9700000286102295	RAS	4	4	true	true
/ZPOOL/data/projects/rf1-sra-linux2/derivatives/fmriprep/sub-11367/ses-01/func/sub-11367_ses-01_task-sharedreward_run-1_part-mag_space-MNI152NLin6Asym_desc-preproc_bold.nii.gz	57x70x54	2.700000047683716x2.700000047683716x2.9700000286102295	RAS	4	4	true	true
/ZPOOL/data/projects/rf1-sra-linux2/derivatives/fmriprep/sub-11367/ses-01/func/sub-11367_ses-01_task-sharedreward_run-2_part-mag_space-MNI152NLin6Asym_desc-preproc_bold.nii.gz	57x70x54	2.700000047683716x2.700000047683716x2.9700000286102295	RAS	4	4	true	true
/ZPOOL/data/projects/rf1-sra-linux2/derivatives/fmriprep/sub-11374/ses-01/func/sub-11374_ses-01_task-sharedreward_run-1_part-mag_space-MNI152NLin6Asym_desc-preproc_bold.nii.gz	57x70x54	2.700000047683716x2.700000047683716x2.9700000286102295	RAS	4	4	true	true
/ZPOOL/data/projects/rf1-sra-linux2/derivatives/fmriprep/sub-11374/ses-01/func/sub-11374_ses-01_task-sharedreward_run-2_part-mag_space-MNI152NLin6Asym_desc-preproc_bold.nii.gz	57x70x54	2.700000047683716x2.700000047683716x2.9700000286102295	RAS	4	4	true	true
/ZPOOL/data/projects/rf1-sra-linux2/derivatives/fmriprep/sub-11376/ses-01/func/sub-11376_ses-01_task-sharedreward_run-1_part-mag_space-MNI152NLin6Asym_desc-preproc_bold.nii.gz	57x70x54	2.700000047683716x2.700000047683716x2.9700000286102295	RAS	4	4	true	true
/ZPOOL/data/projects/rf1-sra-linux2/derivatives/fmriprep/sub-11376/ses-01/func/sub-11376_ses-01_task-sharedreward_run-2_part-mag_space-MNI152NLin6Asym_desc-preproc_bold.nii.gz	57x70x54	2.700000047683716x2.700000047683716x2.9700000286102295	RAS	4	4	true	true
/ZPOOL/data/projects/rf1-sra-linux2/derivatives/fmriprep/sub-11377/ses-01/func/sub-11377_ses-01_task-sharedreward_run-1_part-mag_space-MNI152NLin6Asym_desc-preproc_bold.nii.gz	57x70x54	2.700000047683716x2.700000047683716x2.9700000286102295	RAS	4	4	true	true
/ZPOOL/data/projects/rf1-sra-linux2/derivatives/fmriprep/sub-11377/ses-01/func/sub-11377_ses-01_task-sharedreward_run-2_part-mag_space-MNI152NLin6Asym_desc-preproc_bold.nii.gz	57x70x54	2.700000047683716x2.700000047683716x2.9700000286102295	RAS	4	4	true	true
/ZPOOL/data/projects/rf1-sra-linux2/derivatives/fmriprep/sub-11387/ses-01/func/sub-11387_ses-01_task-sharedreward_run-1_part-mag_space-MNI152NLin6Asym_desc-preproc_bold.nii.gz	57x70x54	2.700000047683716x2.700000047683716x2.9700000286102295	RAS	4	4	true	true
/ZPOOL/data/projects/rf1-sra-linux2/derivatives/fmriprep/sub-11387/ses-01/func/sub-11387_ses-01_task-sharedreward_run-2_part-mag_space-MNI152NLin6Asym_desc-preproc_bold.nii.gz	57x70x54	2.700000047683716x2.700000047683716x2.9700000286102295	RAS	4	4	true	true
/ZPOOL/data/projects/rf1-sra-linux2/derivatives/fmriprep/sub-11410/ses-01/func/sub-11410_ses-01_task-sharedreward_run-1_part-mag_space-MNI152NLin6Asym_desc-preproc_bold.nii.gz	57x70x54	2.700000047683716x2.700000047683716x2.9700000286102295	RAS	4	4	true	true
/ZPOOL/data/projects/rf1-sra-linux2/derivatives/fmriprep/sub-11410/ses-01/func/sub-11410_ses-01_task-sharedreward_run-2_part-mag_space-MNI152NLin6Asym_desc-preproc_bold.nii.gz	57x70x54	2.700000047683716x2.700000047683716x2.9700000286102295	RAS	4	4	true	true
/ZPOOL/data/projects/rf1-sra-linux2/derivatives/fmriprep/sub-11416/ses-01/func/sub-11416_ses-01_task-sharedreward_run-1_part-mag_space-MNI152NLin6Asym_desc-preproc_bold.nii.gz	57x70x54	2.700000047683716x2.700000047683716x2.9700000286102295	RAS	4	4	true	true
/ZPOOL/data/projects/rf1-sra-linux2/derivatives/fmriprep/sub-11426/ses-01/func/sub-11426_ses-01_task-sharedreward_run-1_part-mag_space-MNI152NLin6Asym_desc-preproc_bold.nii.gz	57x70x54	2.700000047683716x2.700000047683716x2.9700000286102295	RAS	4	4	true	true
/ZPOOL/data/projects/rf1-sra-linux2/derivatives/fmriprep/sub-11430/ses-01/func/sub-11430_ses-01_task-sharedreward_run-1_part-mag_space-MNI152NLin6Asym_desc-preproc_bold.nii.gz	57x70x54	2.700000047683716x2.700000047683716x2.9700000286102295	RAS	4	4	true	true
/ZPOOL/data/projects/rf1-sra-linux2/derivatives/fmriprep/sub-11432/ses-01/func/sub-11432_ses-01_task-sharedreward_run-1_part-mag_space-MNI152NLin6Asym_desc-preproc_bold.nii.gz	57x70x54	2.700000047683716x2.700000047683716x2.9700000286102295	RAS	4	4	true	true
/ZPOOL/data/projects/rf1-sra-linux2/derivatives/fmriprep/sub-11432/ses-01/func/sub-11432_ses-01_task-sharedreward_run-2_part-mag_space-MNI152NLin6Asym_desc-preproc_bold.nii.gz	57x70x54	2.700000047683716x2.700000047683716x2.9700000286102295	RAS	4	4	true	true
/ZPOOL/data/projects/rf1-sra-linux2/derivatives/fmriprep/sub-11433/ses-01/func/sub-11433_ses-01_task-sharedreward_run-1_part-mag_space-MNI152NLin6Asym_desc-preproc_bold.nii.gz	57x70x54	2.700000047683716x2.700000047683716x2.9700000286102295	RAS	4	4	true	true
/ZPOOL/data/projects/rf1-sra-linux2/derivatives/fmriprep/sub-11433/ses-01/func/sub-11433_ses-01_task-sharedreward_run-2_part-mag_space-MNI152NLin6Asym_desc-preproc_bold.nii.gz	57x70x54	2.700000047683716x2.700000047683716x2.9700000286102295	RAS	4	4	true	true
/ZPOOL/data/projects/rf1-sra-linux2/derivatives/fmriprep/sub-11435/ses-01/func/sub-11435_ses-01_task-sharedreward_run-1_part-mag_space-MNI152NLin6Asym_desc-preproc_bold.nii.gz	57x70x54	2.700000047683716x2.700000047683716x2.9700000286102295	RAS	4	4	true	true
/ZPOOL/data/projects/rf1-sra-linux2/derivatives/fmriprep/sub-11435/ses-01/func/sub-11435_ses-01_task-sharedreward_run-2_part-mag_space-MNI152NLin6Asym_desc-preproc_bold.nii.gz	57x70x54	2.700000047683716x2.700000047683716x2.9700000286102295	RAS	4	4	true	true
/ZPOOL/data/projects/rf1-sra-linux2/derivatives/fmriprep/sub-11439/ses-01/func/sub-11439_ses-01_task-sharedreward_run-1_part-mag_space-MNI152NLin6Asym_desc-preproc_bold.nii.gz	57x70x54	2.700000047683716x2.700000047683716x2.9700000286102295	RAS	4	4	true	true
/ZPOOL/data/projects/rf1-sra-linux2/derivatives/fmriprep/sub-11440/ses-01/func/sub-11440_ses-01_task-sharedreward_run-1_part-mag_space-MNI152NLin6Asym_desc-preproc_bold.nii.gz	57x70x54	2.700000047683716x2.700000047683716x2.9700000286102295	RAS	4	4	true	true
/ZPOOL/data/projects/rf1-sra-linux2/derivatives/fmriprep/sub-11440/ses-01/func/sub-11440_ses-01_task-sharedreward_run-2_part-mag_space-MNI152NLin6Asym_desc-preproc_bold.nii.gz	57x70x54	2.700000047683716x2.700000047683716x2.9700000286102295	RAS	4	4	true	true
/ZPOOL/data/projects/rf1-sra-linux2/derivatives/fmriprep/sub-11443/ses-01/func/sub-11443_ses-01_task-sharedreward_run-1_part-mag_space-MNI152NLin6Asym_desc-preproc_bold.nii.gz	57x70x54	2.700000047683716x2.700000047683716x2.9700000286102295	RAS	4	4	true	true
/ZPOOL/data/projects/rf1-sra-linux2/derivatives/fmriprep/sub-11450/ses-01/func/sub-11450_ses-01_task-sharedreward_run-1_part-mag_space-MNI152NLin6Asym_desc-preproc_bold.nii.gz	57x70x54	2.700000047683716x2.700000047683716x2.9700000286102295	RAS	4	4	true	true
/ZPOOL/data/projects/rf1-sra-linux2/derivatives/fmriprep/sub-11450/ses-01/func/sub-11450_ses-01_task-sharedreward_run-2_part-mag_space-MNI152NLin6Asym_desc-preproc_bold.nii.gz	57x70x54	2.700000047683716x2.700000047683716x2.9700000286102295	RAS	4	4	true	true
/ZPOOL/data/projects/rf1-sra-linux2/derivatives/fmriprep/sub-11451/ses-01/func/sub-11451_ses-01_task-sharedreward_run-1_part-mag_space-MNI152NLin6Asym_desc-preproc_bold.nii.gz	57x70x54	2.700000047683716x2.700000047683716x2.9700000286102295	RAS	4	4	true	true
/ZPOOL/data/projects/rf1-sra-linux2/derivatives/fmriprep/sub-11451/ses-01/func/sub-11451_ses-01_task-sharedreward_run-2_part-mag_space-MNI152NLin6Asym_desc-preproc_bold.nii.gz	57x70x54	2.700000047683716x2.700000047683716x2.9700000286102295	RAS	4	4	true	true
/ZPOOL/data/projects/rf1-sra-linux2/derivatives/fmriprep/sub-11461/ses-01/func/sub-11461_ses-01_task-sharedreward_run-1_part-mag_space-MNI152NLin6Asym_desc-preproc_bold.nii.gz	57x70x54	2.700000047683716x2.700000047683716x2.9700000286102295	RAS	4	4	true	true
/ZPOOL/data/projects/rf1-sra-linux2/derivatives/fmriprep/sub-11461/ses-01/func/sub-11461_ses-01_task-sharedreward_run-2_part-mag_space-MNI152NLin6Asym_desc-preproc_bold.nii.gz	57x70x54	2.700000047683716x2.700000047683716x2.9700000286102295	RAS	4	4	true	true
/ZPOOL/data/projects/rf1-sra-linux2/derivatives/fmriprep/sub-11462/ses-01/func/sub-11462_ses-01_task-sharedreward_run-1_part-mag_space-MNI152NLin6Asym_desc-preproc_bold.nii.gz	57x70x54	2.700000047683716x2.700000047683716x2.9700000286102295	RAS	4	4	true	true
/ZPOOL/data/projects/rf1-sra-linux2/derivatives/fmriprep/sub-11472/ses-01/func/sub-11472_ses-01_task-sharedreward_run-1_part-mag_space-MNI152NLin6Asym_desc-preproc_bold.nii.gz	57x70x54	2.700000047683716x2.700000047683716x2.9700000286102295	RAS	4	4	true	true
/ZPOOL/data/projects/rf1-sra-linux2/derivatives/fmriprep/sub-11472/ses-01/func/sub-11472_ses-01_task-sharedreward_run-2_part-mag_space-MNI152NLin6Asym_desc-preproc_bold.nii.gz	57x70x54	2.700000047683716x2.700000047683716x2.9700000286102295	RAS	4	4	true	true
/ZPOOL/data/projects/rf1-sra-linux2/derivatives/fmriprep/sub-11492/ses-01/func/sub-11492_ses-01_task-sharedreward_run-1_part-mag_space-MNI152NLin6Asym_desc-preproc_bold.nii.gz	57x70x54	2.700000047683716x2.700000047683716x2.9700000286102295	RAS	4	4	true	true
/ZPOOL/data/projects/rf1-sra-linux2/derivatives/fmriprep/sub-11492/ses-01/func/sub-11492_ses-01_task-sharedreward_run-2_part-mag_space-MNI152NLin6Asym_desc-preproc_bold.nii.gz	57x70x54	2.700000047683716x2.700000047683716x2.9700000286102295	RAS	4	4	true	true
/ZPOOL/data/projects/rf1-sra-linux2/derivatives/fmriprep/sub-11493/ses-01/func/sub-11493_ses-01_task-sharedreward_run-1_part-mag_space-MNI152NLin6Asym_desc-preproc_bold.nii.gz	57x70x54	2.700000047683716x2.700000047683716x2.9700000286102295	RAS	4	4	true	true
/ZPOOL/data/projects/rf1-sra-linux2/derivatives/fmriprep/sub-11493/ses-01/func/sub-11493_ses-01_task-sharedreward_run-2_part-mag_space-MNI152NLin6Asym_desc-preproc_bold.nii.gz	57x70x54	2.700000047683716x2.700000047683716x2.9700000286102295	RAS	4	4	true	true
/ZPOOL/data/projects/rf1-sra-linux2/derivatives/fmriprep/sub-11498/ses-01/func/sub-11498_ses-01_task-sharedreward_run-1_part-mag_space-MNI152NLin6Asym_desc-preproc_bold.nii.gz	57x70x54	2.700000047683716x2.700000047683716x2.9700000286102295	RAS	4	4	true	true
/ZPOOL/data/projects/rf1-sra-linux2/derivatives/fmriprep/sub-11517/ses-01/func/sub-11517_ses-01_task-sharedreward_run-1_part-mag_space-MNI152NLin6Asym_desc-preproc_bold.nii.gz	57x70x54	2.700000047683716x2.700000047683716x2.9700000286102295	RAS	4	4	true	true
/ZPOOL/data/projects/rf1-sra-linux2/derivatives/fmriprep/sub-11517/ses-01/func/sub-11517_ses-01_task-sharedreward_run-2_part-mag_space-MNI152NLin6Asym_desc-preproc_bold.nii.gz	57x70x54	2.700000047683716x2.700000047683716x2.9700000286102295	RAS	4	4	true	true
/ZPOOL/data/projects/rf1-sra-linux2/derivatives/fmriprep/sub-11518/ses-01/func/sub-11518_ses-01_task-sharedreward_run-1_part-mag_space-MNI152NLin6Asym_desc-preproc_bold.nii.gz	57x70x54	2.700000047683716x2.700000047683716x2.9700000286102295	RAS	4	4	true	true
/ZPOOL/data/projects/rf1-sra-linux2/derivatives/fmriprep/sub-11518/ses-01/func/sub-11518_ses-01_task-sharedreward_run-2_part-mag_space-MNI152NLin6Asym_desc-preproc_bold.nii.gz	57x70x54	2.700000047683716x2.700000047683716x2.9700000286102295	RAS	4	4	true	true
/ZPOOL/data/projects/rf1-sra-linux2/derivatives/fmriprep/sub-11523/ses-01/func/sub-11523_ses-01_task-sharedreward_run-1_part-mag_space-MNI152NLin6Asym_desc-preproc_bold.nii.gz	57x70x54	2.700000047683716x2.700000047683716x2.9700000286102295	RAS	4	4	true	true
/ZPOOL/data/projects/rf1-sra-linux2/derivatives/fmriprep/sub-11523/ses-01/func/sub-11523_ses-01_task-sharedreward_run-2_part-mag_space-MNI152NLin6Asym_desc-preproc_bold.nii.gz	57x70x54	2.700000047683716x2.700000047683716x2.9700000286102295	RAS	4	4	true	true
/ZPOOL/data/projects/rf1-sra-linux2/derivatives/fmriprep/sub-11526/ses-01/func/sub-11526_ses-01_task-sharedreward_run-1_part-mag_space-MNI152NLin6Asym_desc-preproc_bold.nii.gz	57x70x54	2.700000047683716x2.700000047683716x2.9700000286102295	RAS	4	4	true	true
/ZPOOL/data/projects/rf1-sra-linux2/derivatives/fmriprep/sub-11526/ses-01/func/sub-11526_ses-01_task-sharedreward_run-2_part-mag_space-MNI152NLin6Asym_desc-preproc_bold.nii.gz	57x70x54	2.700000047683716x2.700000047683716x2.9700000286102295	RAS	4	4	true	true
/ZPOOL/data/projects/rf1-sra-linux2/derivatives/fmriprep/sub-11527/ses-01/func/sub-11527_ses-01_task-sharedreward_run-1_part-mag_space-MNI152NLin6Asym_desc-preproc_bold.nii.gz	57x70x54	2.700000047683716x2.700000047683716x2.9700000286102295	RAS	4	4	true	true
/ZPOOL/data/projects/rf1-sra-linux2/derivatives/fmriprep/sub-11527/ses-01/func/sub-11527_ses-01_task-sharedreward_run-2_part-mag_space-MNI152NLin6Asym_desc-preproc_bold.nii.gz	57x70x54	2.700000047683716x2.700000047683716x2.9700000286102295	RAS	4	4	true	true
/ZPOOL/data/projects/rf1-sra-linux2/derivatives/fmriprep/sub-11529/ses-01/func/sub-11529_ses-01_task-sharedreward_run-1_part-mag_space-MNI152NLin6Asym_desc-preproc_bold.nii.gz	57x70x54	2.700000047683716x2.700000047683716x2.9700000286102295	RAS	4	4	true	true
/ZPOOL/data/projects/rf1-sra-linux2/derivatives/fmriprep/sub-11529/ses-01/func/sub-11529_ses-01_task-sharedreward_run-2_part-mag_space-MNI152NLin6Asym_desc-preproc_bold.nii.gz	57x70x54	2.700000047683716x2.700000047683716x2.9700000286102295	RAS	4	4	true	true
/ZPOOL/data/projects/rf1-sra-linux2/derivatives/fmriprep/sub-11530/ses-01/func/sub-11530_ses-01_task-sharedreward_run-1_part-mag_space-MNI152NLin6Asym_desc-preproc_bold.nii.gz	57x70x54	2.700000047683716x2.700000047683716x2.9700000286102295	RAS	4	4	true	true
/ZPOOL/data/projects/rf1-sra-linux2/derivatives/fmriprep/sub-11530/ses-01/func/sub-11530_ses-01_task-sharedreward_run-2_part-mag_space-MNI152NLin6Asym_desc-preproc_bold.nii.gz	57x70x54	2.700000047683716x2.700000047683716x2.9700000286102295	RAS	4	4	true	true
/ZPOOL/data/projects/rf1-sra-linux2/derivatives/fmriprep/sub-11532/ses-01/func/sub-11532_ses-01_task-sharedreward_run-1_part-mag_space-MNI152NLin6Asym_desc-preproc_bold.nii.gz	57x70x54	2.700000047683716x2.700000047683716x2.9700000286102295	RAS	4	4	true	true
/ZPOOL/data/projects/rf1-sra-linux2/derivatives/fmriprep/sub-11532/ses-01/func/sub-11532_ses-01_task-sharedreward_run-2_part-mag_space-MNI152NLin6Asym_desc-preproc_bold.nii.gz	57x70x54	2.700000047683716x2.700000047683716x2.9700000286102295	RAS	4	4	true	true
/ZPOOL/data/projects/rf1-sra-linux2/derivatives/fmriprep/sub-11533/ses-01/func/sub-11533_ses-01_task-sharedreward_run-1_part-mag_space-MNI152NLin6Asym_desc-preproc_bold.nii.gz	57x70x54	2.700000047683716x2.700000047683716x2.9700000286102295	RAS	4	4	true	true
/ZPOOL/data/projects/rf1-sra-linux2/derivatives/fmriprep/sub-11533/ses-01/func/sub-11533_ses-01_task-sharedreward_run-2_part-mag_space-MNI152NLin6Asym_desc-preproc_bold.nii.gz	57x70x54	2.700000047683716x2.700000047683716x2.9700000286102295	RAS	4	4	true	true
/ZPOOL/data/projects/rf1-sra-linux2/derivatives/fmriprep/sub-11534/ses-01/func/sub-11534_ses-01_task-sharedreward_run-1_part-mag_space-MNI152NLin6Asym_desc-preproc_bold.nii.gz	57x70x54	2.700000047683716x2.700000047683716x2.9700000286102295	RAS	4	4	true	true
/ZPOOL/data/projects/rf1-sra-linux2/derivatives/fmriprep/sub-11534/ses-01/func/sub-11534_ses-01_task-sharedreward_run-2_part-mag_space-MNI152NLin6Asym_desc-preproc_bold.nii.gz	57x70x54	2.700000047683716x2.700000047683716x2.9700000286102295	RAS	4	4	true	true
/ZPOOL/data/projects/rf1-sra-linux2/derivatives/fmriprep/sub-11535/ses-01/func/sub-11535_ses-01_task-sharedreward_run-1_part-mag_space-MNI152NLin6Asym_desc-preproc_bold.nii.gz	57x70x54	2.700000047683716x2.700000047683716x2.9700000286102295	RAS	4	4	true	true
/ZPOOL/data/projects/rf1-sra-linux2/derivatives/fmriprep/sub-11535/ses-01/func/sub-11535_ses-01_task-sharedreward_run-2_part-mag_space-MNI152NLin6Asym_desc-preproc_bold.nii.gz	57x70x54	2.700000047683716x2.700000047683716x2.9700000286102295	RAS	4	4	true	true
/ZPOOL/data/projects/rf1-sra-linux2/derivatives/fmriprep/sub-11536/ses-01/func/sub-11536_ses-01_task-sharedreward_run-1_part-mag_space-MNI152NLin6Asym_desc-preproc_bold.nii.gz	57x70x54	2.700000047683716x2.700000047683716x2.9700000286102295	RAS	4	4	true	true
/ZPOOL/data/projects/rf1-sra-linux2/derivatives/fmriprep/sub-11536/ses-01/func/sub-11536_ses-01_task-sharedreward_run-2_part-mag_space-MNI152NLin6Asym_desc-preproc_bold.nii.gz	57x70x54	2.700000047683716x2.700000047683716x2.9700000286102295	RAS	4	4	true	true
/ZPOOL/data/projects/rf1-sra-linux2/derivatives/fmriprep/sub-11539/ses-01/func/sub-11539_ses-01_task-sharedreward_run-1_part-mag_space-MNI152NLin6Asym_desc-preproc_bold.nii.gz	57x70x54	2.700000047683716x2.700000047683716x2.9700000286102295	RAS	4	4	true	true
/ZPOOL/data/projects/rf1-sra-linux2/derivatives/fmriprep/sub-11539/ses-01/func/sub-11539_ses-01_task-sharedreward_run-2_part-mag_space-MNI152NLin6Asym_desc-preproc_bold.nii.gz	57x70x54	2.700000047683716x2.700000047683716x2.9700000286102295	RAS	4	4	true	true
/ZPOOL/data/projects/rf1-sra-linux2/derivatives/fmriprep/sub-11540/ses-01/func/sub-11540_ses-01_task-sharedreward_run-1_part-mag_space-MNI152NLin6Asym_desc-preproc_bold.nii.gz	57x70x54	2.700000047683716x2.700000047683716x2.9700000286102295	RAS	4	4	true	true
/ZPOOL/data/projects/rf1-sra-linux2/derivatives/fmriprep/sub-11540/ses-01/func/sub-11540_ses-01_task-sharedreward_run-2_part-mag_space-MNI152NLin6Asym_desc-preproc_bold.nii.gz	57x70x54	2.700000047683716x2.700000047683716x2.9700000286102295	RAS	4	4	true	true
/ZPOOL/data/projects/rf1-sra-linux2/derivatives/fmriprep/sub-11542/ses-01/func/sub-11542_ses-01_task-sharedreward_run-1_part-mag_space-MNI152NLin6Asym_desc-preproc_bold.nii.gz	57x70x54	2.700000047683716x2.700000047683716x2.9700000286102295	RAS	4	4	true	true
/ZPOOL/data/projects/rf1-sra-linux2/derivatives/fmriprep/sub-11542/ses-01/func/sub-11542_ses-01_task-sharedreward_run-2_part-mag_space-MNI152NLin6Asym_desc-preproc_bold.nii.gz	57x70x54	2.700000047683716x2.700000047683716x2.9700000286102295	RAS	4	4	true	true
/ZPOOL/data/projects/rf1-sra-linux2/derivatives/fmriprep/sub-11545/ses-01/func/sub-11545_ses-01_task-sharedreward_run-1_part-mag_space-MNI152NLin6Asym_desc-preproc_bold.nii.gz	57x70x54	2.700000047683716x2.700000047683716x2.9700000286102295	RAS	4	4	true	true
/ZPOOL/data/projects/rf1-sra-linux2/derivatives/fmriprep/sub-11545/ses-01/func/sub-11545_ses-01_task-sharedreward_run-2_part-mag_space-MNI152NLin6Asym_desc-preproc_bold.nii.gz	57x70x54	2.700000047683716x2.700000047683716x2.9700000286102295	RAS	4	4	true	true
/ZPOOL/data/projects/rf1-sra-linux2/derivatives/fmriprep/sub-11551/ses-01/func/sub-11551_ses-01_task-sharedreward_run-1_part-mag_space-MNI152NLin6Asym_desc-preproc_bold.nii.gz	57x70x54	2.700000047683716x2.700000047683716x2.9700000286102295	RAS	4	4	true	true
/ZPOOL/data/projects/rf1-sra-linux2/derivatives/fmriprep/sub-11551/ses-01/func/sub-11551_ses-01_task-sharedreward_run-2_part-mag_space-MNI152NLin6Asym_desc-preproc_bold.nii.gz	57x70x54	2.700000047683716x2.700000047683716x2.9700000286102295	RAS	4	4	true	true
/ZPOOL/data/projects/rf1-sra-linux2/derivatives/fmriprep/sub-11559/ses-01/func/sub-11559_ses-01_task-sharedreward_run-1_part-mag_space-MNI152NLin6Asym_desc-preproc_bold.nii.gz	57x70x54	2.700000047683716x2.700000047683716x2.9700000286102295	RAS	4	4	true	true
/ZPOOL/data/projects/rf1-sra-linux2/derivatives/fmriprep/sub-11559/ses-01/func/sub-11559_ses-01_task-sharedreward_run-2_part-mag_space-MNI152NLin6Asym_desc-preproc_bold.nii.gz	57x70x54	2.700000047683716x2.700000047683716x2.9700000286102295	RAS	4	4	true	true
/ZPOOL/data/projects/rf1-sra-linux2/derivatives/fmriprep/sub-11560/ses-01/func/sub-11560_ses-01_task-sharedreward_run-1_part-mag_space-MNI152NLin6Asym_desc-preproc_bold.nii.gz	57x70x54	2.700000047683716x2.700000047683716x2.9700000286102295	RAS	4	4	true	true
/ZPOOL/data/projects/rf1-sra-linux2/derivatives/fmriprep/sub-11560/ses-01/func/sub-11560_ses-01_task-sharedreward_run-2_part-mag_space-MNI152NLin6Asym_desc-preproc_bold.nii.gz	57x70x54	2.700000047683716x2.700000047683716x2.9700000286102295	RAS	4	4	true	true
/ZPOOL/data/projects/rf1-sra-linux2/derivatives/fmriprep/sub-11563/ses-01/func/sub-11563_ses-01_task-sharedreward_run-1_part-mag_space-MNI152NLin6Asym_desc-preproc_bold.nii.gz	57x70x54	2.700000047683716x2.700000047683716x2.9700000286102295	RAS	4	4	true	true
/ZPOOL/data/projects/rf1-sra-linux2/derivatives/fmriprep/sub-11563/ses-01/func/sub-11563_ses-01_task-sharedreward_run-2_part-mag_space-MNI152NLin6Asym_desc-preproc_bold.nii.gz	57x70x54	2.700000047683716x2.700000047683716x2.9700000286102295	RAS	4	4	true	true
/ZPOOL/data/projects/rf1-sra-linux2/derivatives/fmriprep/sub-11570/ses-01/func/sub-11570_ses-01_task-sharedreward_run-1_part-mag_space-MNI152NLin6Asym_desc-preproc_bold.nii.gz	57x70x54	2.700000047683716x2.700000047683716x2.9700000286102295	RAS	4	4	true	true
/ZPOOL/data/projects/rf1-sra-linux2/derivatives/fmriprep/sub-11570/ses-01/func/sub-11570_ses-01_task-sharedreward_run-2_part-mag_space-MNI152NLin6Asym_desc-preproc_bold.nii.gz	57x70x54	2.700000047683716x2.700000047683716x2.9700000286102295	RAS	4	4	true	true
/ZPOOL/data/projects/rf1-sra-linux2/derivatives/fmriprep/sub-11572/ses-01/func/sub-11572_ses-01_task-sharedreward_run-1_part-mag_space-MNI152NLin6Asym_desc-preproc_bold.nii.gz	57x70x54	2.700000047683716x2.700000047683716x2.9700000286102295	RAS	4	4	true	true
/ZPOOL/data/projects/rf1-sra-linux2/derivatives/fmriprep/sub-11572/ses-01/func/sub-11572_ses-01_task-sharedreward_run-2_part-mag_space-MNI152NLin6Asym_desc-preproc_bold.nii.gz	57x70x54	2.700000047683716x2.700000047683716x2.9700000286102295	RAS	4	4	true	true
/ZPOOL/data/projects/rf1-sra-linux2/derivatives/fmriprep/sub-11579/ses-01/func/sub-11579_ses-01_task-sharedreward_run-1_part-mag_space-MNI152NLin6Asym_desc-preproc_bold.nii.gz	57x70x54	2.700000047683716x2.700000047683716x2.9700000286102295	RAS	4	4	true	true
/ZPOOL/data/projects/rf1-sra-linux2/derivatives/fmriprep/sub-11579/ses-01/func/sub-11579_ses-01_task-sharedreward_run-2_part-mag_space-MNI152NLin6Asym_desc-preproc_bold.nii.gz	57x70x54	2.700000047683716x2.700000047683716x2.9700000286102295	RAS	4	4	true	true
/ZPOOL/data/projects/rf1-sra-linux2/derivatives/fmriprep/sub-11586/ses-01/func/sub-11586_ses-01_task-sharedreward_run-1_part-mag_space-MNI152NLin6Asym_desc-preproc_bold.nii.gz	57x70x54	2.700000047683716x2.700000047683716x2.9700000286102295	RAS	4	4	true	true
/ZPOOL/data/projects/rf1-sra-linux2/derivatives/fmriprep/sub-11587/ses-01/func/sub-11587_ses-01_task-sharedreward_run-1_part-mag_space-MNI152NLin6Asym_desc-preproc_bold.nii.gz	57x70x54	2.700000047683716x2.700000047683716x2.9700000286102295	RAS	4	4	true	true
/ZPOOL/data/projects/rf1-sra-linux2/derivatives/fmriprep/sub-11587/ses-01/func/sub-11587_ses-01_task-sharedreward_run-2_part-mag_space-MNI152NLin6Asym_desc-preproc_bold.nii.gz	57x70x54	2.700000047683716x2.700000047683716x2.9700000286102295	RAS	4	4	true	true
/ZPOOL/data/projects/rf1-sra-linux2/derivatives/fmriprep/sub-11588/ses-01/func/sub-11588_ses-01_task-sharedreward_run-1_part-mag_space-MNI152NLin6Asym_desc-preproc_bold.nii.gz	57x70x54	2.700000047683716x2.700000047683716x2.9700000286102295	RAS	4	4	true	true
/ZPOOL/data/projects/rf1-sra-linux2/derivatives/fmriprep/sub-11588/ses-01/func/sub-11588_ses-01_task-sharedreward_run-2_part-mag_space-MNI152NLin6Asym_desc-preproc_bold.nii.gz	57x70x54	2.700000047683716x2.700000047683716x2.9700000286102295	RAS	4	4	true	true
/ZPOOL/data/projects/rf1-sra-linux2/derivatives/fmriprep/sub-11591/ses-01/func/sub-11591_ses-01_task-sharedreward_run-1_part-mag_space-MNI152NLin6Asym_desc-preproc_bold.nii.gz	57x70x54	2.700000047683716x2.700000047683716x2.9700000286102295	RAS	4	4	true	true
/ZPOOL/data/projects/rf1-sra-linux2/derivatives/fmriprep/sub-11591/ses-01/func/sub-11591_ses-01_task-sharedreward_run-2_part-mag_space-MNI152NLin6Asym_desc-preproc_bold.nii.gz	57x70x54	2.700000047683716x2.700000047683716x2.9700000286102295	RAS	4	4	true	true
/ZPOOL/data/projects/rf1-sra-linux2/derivatives/fmriprep/sub-11597/ses-01/func/sub-11597_ses-01_task-sharedreward_run-1_part-mag_space-MNI152NLin6Asym_desc-preproc_bold.nii.gz	57x70x54	2.700000047683716x2.700000047683716x2.9700000286102295	RAS	4	4	true	true
/ZPOOL/data/projects/rf1-sra-linux2/derivatives/fmriprep/sub-11597/ses-01/func/sub-11597_ses-01_task-sharedreward_run-2_part-mag_space-MNI152NLin6Asym_desc-preproc_bold.nii.gz	57x70x54	2.700000047683716x2.700000047683716x2.9700000286102295	RAS	4	4	true	true
/ZPOOL/data/projects/rf1-sra-linux2/derivatives/fmriprep/sub-11598/ses-01/func/sub-11598_ses-01_task-sharedreward_run-1_part-mag_space-MNI152NLin6Asym_desc-preproc_bold.nii.gz	57x70x54	2.700000047683716x2.700000047683716x2.9700000286102295	RAS	4	4	true	true
/ZPOOL/data/projects/rf1-sra-linux2/derivatives/fmriprep/sub-11598/ses-01/func/sub-11598_ses-01_task-sharedreward_run-2_part-mag_space-MNI152NLin6Asym_desc-preproc_bold.nii.gz	57x70x54	2.700000047683716x2.700000047683716x2.9700000286102295	RAS	4	4	true	true
/ZPOOL/data/projects/rf1-sra-linux2/derivatives/fmriprep/sub-11599/ses-01/func/sub-11599_ses-01_task-sharedreward_run-1_part-mag_space-MNI152NLin6Asym_desc-preproc_bold.nii.gz	57x70x54	2.700000047683716x2.700000047683716x2.9700000286102295	RAS	4	4	true	true
/ZPOOL/data/projects/rf1-sra-linux2/derivatives/fmriprep/sub-11599/ses-01/func/sub-11599_ses-01_task-sharedreward_run-2_part-mag_space-MNI152NLin6Asym_desc-preproc_bold.nii.gz	57x70x54	2.700000047683716x2.700000047683716x2.9700000286102295	RAS	4	4	true	true
/ZPOOL/data/projects/rf1-sra-linux2/derivatives/fmriprep/sub-11600/ses-01/func/sub-11600_ses-01_task-sharedreward_run-1_part-mag_space-MNI152NLin6Asym_desc-preproc_bold.nii.gz	57x70x54	2.700000047683716x2.700000047683716x2.9700000286102295	RAS	4	4	true	true
/ZPOOL/data/projects/rf1-sra-linux2/derivatives/fmriprep/sub-11600/ses-01/func/sub-11600_ses-01_task-sharedreward_run-2_part-mag_space-MNI152NLin6Asym_desc-preproc_bold.nii.gz	57x70x54	2.700000047683716x2.700000047683716x2.9700000286102295	RAS	4	4	true	true
/ZPOOL/data/projects/rf1-sra-linux2/derivatives/fmriprep/sub-11606/ses-01/func/sub-11606_ses-01_task-sharedreward_run-1_part-mag_space-MNI152NLin6Asym_desc-preproc_bold.nii.gz	57x70x54	2.700000047683716x2.700000047683716x2.9700000286102295	RAS	4	4	true	true
/ZPOOL/data/projects/rf1-sra-linux2/derivatives/fmriprep/sub-11606/ses-01/func/sub-11606_ses-01_task-sharedreward_run-2_part-mag_space-MNI152NLin6Asym_desc-preproc_bold.nii.gz	57x70x54	2.700000047683716x2.700000047683716x2.9700000286102295	RAS	4	4	true	true
/ZPOOL/data/projects/rf1-sra-linux2/derivatives/fmriprep/sub-11614/ses-01/func/sub-11614_ses-01_task-sharedreward_run-1_part-mag_space-MNI152NLin6Asym_desc-preproc_bold.nii.gz	57x70x54	2.700000047683716x2.700000047683716x2.9700000286102295	RAS	4	4	true	true
/ZPOOL/data/projects/rf1-sra-linux2/derivatives/fmriprep/sub-11614/ses-01/func/sub-11614_ses-01_task-sharedreward_run-2_part-mag_space-MNI152NLin6Asym_desc-preproc_bold.nii.gz	57x70x54	2.700000047683716x2.700000047683716x2.9700000286102295	RAS	4	4	true	true
/ZPOOL/data/projects/rf1-sra-linux2/derivatives/fmriprep/sub-11622/ses-01/func/sub-11622_ses-01_task-sharedreward_run-1_part-mag_space-MNI152NLin6Asym_desc-preproc_bold.nii.gz	57x70x54	2.700000047683716x2.700000047683716x2.9700000286102295	RAS	4	4	true	true
/ZPOOL/data/projects/rf1-sra-linux2/derivatives/fmriprep/sub-11622/ses-01/func/sub-11622_ses-01_task-sharedreward_run-2_part-mag_space-MNI152NLin6Asym_desc-preproc_bold.nii.gz	57x70x54	2.700000047683716x2.700000047683716x2.9700000286102295	RAS	4	4	true	true
/ZPOOL/data/projects/rf1-sra-linux2/derivatives/fmriprep/sub-11623/ses-01/func/sub-11623_ses-01_task-sharedreward_run-1_part-mag_space-MNI152NLin6Asym_desc-preproc_bold.nii.gz	57x70x54	2.700000047683716x2.700000047683716x2.9700000286102295	RAS	4	4	true	true
/ZPOOL/data/projects/rf1-sra-linux2/derivatives/fmriprep/sub-11625/ses-01/func/sub-11625_ses-01_task-sharedreward_run-1_part-mag_space-MNI152NLin6Asym_desc-preproc_bold.nii.gz	57x70x54	2.700000047683716x2.700000047683716x2.9700000286102295	RAS	4	4	true	true
/ZPOOL/data/projects/rf1-sra-linux2/derivatives/fmriprep/sub-11625/ses-01/func/sub-11625_ses-01_task-sharedreward_run-2_part-mag_space-MNI152NLin6Asym_desc-preproc_bold.nii.gz	57x70x54	2.700000047683716x2.700000047683716x2.9700000286102295	RAS	4	4	true	true
/ZPOOL/data/projects/rf1-sra-linux2/derivatives/fmriprep/sub-11626/ses-01/func/sub-11626_ses-01_task-sharedreward_run-1_part-mag_space-MNI152NLin6Asym_desc-preproc_bold.nii.gz	57x70x54	2.700000047683716x2.700000047683716x2.9700000286102295	RAS	4	4	true	true
/ZPOOL/data/projects/rf1-sra-linux2/derivatives/fmriprep/sub-11626/ses-01/func/sub-11626_ses-01_task-sharedreward_run-2_part-mag_space-MNI152NLin6Asym_desc-preproc_bold.nii.gz	57x70x54	2.700000047683716x2.700000047683716x2.9700000286102295	RAS	4	4	true	true
/ZPOOL/data/projects/rf1-sra-linux2/derivatives/fmriprep/sub-11628/ses-01/func/sub-11628_ses-01_task-sharedreward_run-1_part-mag_space-MNI152NLin6Asym_desc-preproc_bold.nii.gz	57x70x54	2.700000047683716x2.700000047683716x2.9700000286102295	RAS	4	4	true	true
/ZPOOL/data/projects/rf1-sra-linux2/derivatives/fmriprep/sub-11628/ses-01/func/sub-11628_ses-01_task-sharedreward_run-2_part-mag_space-MNI152NLin6Asym_desc-preproc_bold.nii.gz	57x70x54	2.700000047683716x2.700000047683716x2.9700000286102295	RAS	4	4	true	true
/ZPOOL/data/projects/rf1-sra-linux2/derivatives/fmriprep/sub-11631/ses-01/func/sub-11631_ses-01_task-sharedreward_run-1_part-mag_space-MNI152NLin6Asym_desc-preproc_bold.nii.gz	57x70x54	2.700000047683716x2.700000047683716x2.9700000286102295	RAS	4	4	true	true
/ZPOOL/data/projects/rf1-sra-linux2/derivatives/fmriprep/sub-11631/ses-01/func/sub-11631_ses-01_task-sharedreward_run-2_part-mag_space-MNI152NLin6Asym_desc-preproc_bold.nii.gz	57x70x54	2.700000047683716x2.700000047683716x2.9700000286102295	RAS	4	4	true	true
/ZPOOL/data/projects/rf1-sra-linux2/derivatives/fmriprep/sub-11651/ses-01/func/sub-11651_ses-01_task-sharedreward_run-1_part-mag_space-MNI152NLin6Asym_desc-preproc_bold.nii.gz	57x70x54	2.700000047683716x2.700000047683716x2.9700000286102295	RAS	4	4	true	true
/ZPOOL/data/projects/rf1-sra-linux2/derivatives/fmriprep/sub-11651/ses-01/func/sub-11651_ses-01_task-sharedreward_run-2_part-mag_space-MNI152NLin6Asym_desc-preproc_bold.nii.gz	57x70x54	2.700000047683716x2.700000047683716x2.9700000286102295	RAS	4	4	true	true
/ZPOOL/data/projects/rf1-sra-linux2/derivatives/fmriprep/sub-11660/ses-01/func/sub-11660_ses-01_task-sharedreward_run-1_part-mag_space-MNI152NLin6Asym_desc-preproc_bold.nii.gz	57x70x54	2.700000047683716x2.700000047683716x2.9700000286102295	RAS	4	4	true	true
/ZPOOL/data/projects/rf1-sra-linux2/derivatives/fmriprep/sub-11660/ses-01/func/sub-11660_ses-01_task-sharedreward_run-2_part-mag_space-MNI152NLin6Asym_desc-preproc_bold.nii.gz	57x70x54	2.700000047683716x2.700000047683716x2.9700000286102295	RAS	4	4	true	true
/ZPOOL/data/projects/rf1-sra-linux2/derivatives/fmriprep/sub-11670/ses-01/func/sub-11670_ses-01_task-sharedreward_run-1_part-mag_space-MNI152NLin6Asym_desc-preproc_bold.nii.gz	57x70x54	2.700000047683716x2.700000047683716x2.9700000286102295	RAS	4	4	true	true
/ZPOOL/data/projects/rf1-sra-linux2/derivatives/fmriprep/sub-11670/ses-01/func/sub-11670_ses-01_task-sharedreward_run-2_part-mag_space-MNI152NLin6Asym_desc-preproc_bold.nii.gz	57x70x54	2.700000047683716x2.700000047683716x2.9700000286102295	RAS	4	4	true	true
/ZPOOL/data/projects/rf1-sra-linux2/derivatives/fmriprep/sub-11674/ses-01/func/sub-11674_ses-01_task-sharedreward_run-1_part-mag_space-MNI152NLin6Asym_desc-preproc_bold.nii.gz	57x70x54	2.700000047683716x2.700000047683716x2.9700000286102295	RAS	4	4	true	true
/ZPOOL/data/projects/rf1-sra-linux2/derivatives/fmriprep/sub-11679/ses-01/func/sub-11679_ses-01_task-sharedreward_run-1_part-mag_space-MNI152NLin6Asym_desc-preproc_bold.nii.gz	57x70x54	2.700000047683716x2.700000047683716x2.9700000286102295	RAS	4	4	true	true
/ZPOOL/data/projects/rf1-sra-linux2/derivatives/fmriprep/sub-11679/ses-01/func/sub-11679_ses-01_task-sharedreward_run-2_part-mag_space-MNI152NLin6Asym_desc-preproc_bold.nii.gz	57x70x54	2.700000047683716x2.700000047683716x2.9700000286102295	RAS	4	4	true	true
/ZPOOL/data/projects/rf1-sra-linux2/derivatives/fmriprep/sub-11681/ses-01/func/sub-11681_ses-01_task-sharedreward_run-1_part-mag_space-MNI152NLin6Asym_desc-preproc_bold.nii.gz	57x70x54	2.700000047683716x2.700000047683716x2.9700000286102295	RAS	4	4	true	true
/ZPOOL/data/projects/rf1-sra-linux2/derivatives/fmriprep/sub-11681/ses-01/func/sub-11681_ses-01_task-sharedreward_run-2_part-mag_space-MNI152NLin6Asym_desc-preproc_bold.nii.gz	57x70x54	2.700000047683716x2.700000047683716x2.9700000286102295	RAS	4	4	true	true
/ZPOOL/data/projects/rf1-sra-linux2/derivatives/fmriprep/sub-11692/ses-01/func/sub-11692_ses-01_task-sharedreward_run-1_part-mag_space-MNI152NLin6Asym_desc-preproc_bold.nii.gz	57x70x54	2.700000047683716x2.700000047683716x2.9700000286102295	RAS	4	4	true	true
/ZPOOL/data/projects/rf1-sra-linux2/derivatives/fmriprep/sub-11692/ses-01/func/sub-11692_ses-01_task-sharedreward_run-2_part-mag_space-MNI152NLin6Asym_desc-preproc_bold.nii.gz	57x70x54	2.700000047683716x2.700000047683716x2.9700000286102295	RAS	4	4	true	true
/ZPOOL/data/projects/rf1-sra-linux2/derivatives/fmriprep/sub-11694/ses-01/func/sub-11694_ses-01_task-sharedreward_run-1_part-mag_space-MNI152NLin6Asym_desc-preproc_bold.nii.gz	57x70x54	2.700000047683716x2.700000047683716x2.9700000286102295	RAS	4	4	true	true
/ZPOOL/data/projects/rf1-sra-linux2/derivatives/fmriprep/sub-11701/ses-01/func/sub-11701_ses-01_task-sharedreward_run-1_part-mag_space-MNI152NLin6Asym_desc-preproc_bold.nii.gz	57x70x54	2.700000047683716x2.700000047683716x2.9700000286102295	RAS	4	4	true	true
/ZPOOL/data/projects/rf1-sra-linux2/derivatives/fmriprep/sub-11701/ses-01/func/sub-11701_ses-01_task-sharedreward_run-2_part-mag_space-MNI152NLin6Asym_desc-preproc_bold.nii.gz	57x70x54	2.700000047683716x2.700000047683716x2.9700000286102295	RAS	4	4	true	true
/ZPOOL/data/projects/rf1-sra-linux2/derivatives/fmriprep/sub-11703/ses-01/func/sub-11703_ses-01_task-sharedreward_run-1_part-mag_space-MNI152NLin6Asym_desc-preproc_bold.nii.gz	57x70x54	2.700000047683716x2.700000047683716x2.9700000286102295	RAS	4	4	true	true
/ZPOOL/data/projects/rf1-sra-linux2/derivatives/fmriprep/sub-11703/ses-01/func/sub-11703_ses-01_task-sharedreward_run-2_part-mag_space-MNI152NLin6Asym_desc-preproc_bold.nii.gz	57x70x54	2.700000047683716x2.700000047683716x2.9700000286102295	RAS	4	4	true	true
/ZPOOL/data/projects/rf1-sra-linux2/derivatives/fmriprep/sub-11705/ses-01/func/sub-11705_ses-01_task-sharedreward_run-1_part-mag_space-MNI152NLin6Asym_desc-preproc_bold.nii.gz	57x70x54	2.700000047683716x2.700000047683716x2.9700000286102295	RAS	4	4	true	true
/ZPOOL/data/projects/rf1-sra-linux2/derivatives/fmriprep/sub-11705/ses-01/func/sub-11705_ses-01_task-sharedreward_run-2_part-mag_space-MNI152NLin6Asym_desc-preproc_bold.nii.gz	57x70x54	2.700000047683716x2.700000047683716x2.9700000286102295	RAS	4	4	true	true
/ZPOOL/data/projects/rf1-sra-linux2/derivatives/fmriprep/sub-11709/ses-01/func/sub-11709_ses-01_task-sharedreward_run-1_part-mag_space-MNI152NLin6Asym_desc-preproc_bold.nii.gz	57x70x54	2.700000047683716x2.700000047683716x2.9700000286102295	RAS	4	4	true	true
/ZPOOL/data/projects/rf1-sra-linux2/derivatives/fmriprep/sub-11709/ses-01/func/sub-11709_ses-01_task-sharedreward_run-2_part-mag_space-MNI152NLin6Asym_desc-preproc_bold.nii.gz	57x70x54	2.700000047683716x2.700000047683716x2.9700000286102295	RAS	4	4	true	true
/ZPOOL/data/projects/rf1-sra-linux2/derivatives/fmriprep/sub-11710/ses-01/func/sub-11710_ses-01_task-sharedreward_run-1_part-mag_space-MNI152NLin6Asym_desc-preproc_bold.nii.gz	57x70x54	2.700000047683716x2.700000047683716x2.9700000286102295	RAS	4	4	true	true
/ZPOOL/data/projects/rf1-sra-linux2/derivatives/fmriprep/sub-11710/ses-01/func/sub-11710_ses-01_task-sharedreward_run-2_part-mag_space-MNI152NLin6Asym_desc-preproc_bold.nii.gz	57x70x54	2.700000047683716x2.700000047683716x2.9700000286102295	RAS	4	4	true	true
/ZPOOL/data/projects/rf1-sra-linux2/derivatives/fmriprep/sub-11714/ses-01/func/sub-11714_ses-01_task-sharedreward_run-1_part-mag_space-MNI152NLin6Asym_desc-preproc_bold.nii.gz	57x70x54	2.700000047683716x2.700000047683716x2.9700000286102295	RAS	4	4	true	true
/ZPOOL/data/projects/rf1-sra-linux2/derivatives/fmriprep/sub-11714/ses-01/func/sub-11714_ses-01_task-sharedreward_run-2_part-mag_space-MNI152NLin6Asym_desc-preproc_bold.nii.gz	57x70x54	2.700000047683716x2.700000047683716x2.9700000286102295	RAS	4	4	true	true
/ZPOOL/data/projects/rf1-sra-linux2/derivatives/fmriprep/sub-11719/ses-01/func/sub-11719_ses-01_task-sharedreward_run-1_part-mag_space-MNI152NLin6Asym_desc-preproc_bold.nii.gz	57x70x54	2.700000047683716x2.700000047683716x2.9700000286102295	RAS	4	4	true	true
/ZPOOL/data/projects/rf1-sra-linux2/derivatives/fmriprep/sub-11720/ses-01/func/sub-11720_ses-01_task-sharedreward_run-1_part-mag_space-MNI152NLin6Asym_desc-preproc_bold.nii.gz	57x70x54	2.700000047683716x2.700000047683716x2.9700000286102295	RAS	4	4	true	true
/ZPOOL/data/projects/rf1-sra-linux2/derivatives/fmriprep/sub-11720/ses-01/func/sub-11720_ses-01_task-sharedreward_run-2_part-mag_space-MNI152NLin6Asym_desc-preproc_bold.nii.gz	57x70x54	2.700000047683716x2.700000047683716x2.9700000286102295	RAS	4	4	true	true
/ZPOOL/data/projects/rf1-sra-linux2/derivatives/fmriprep/sub-11722/ses-01/func/sub-11722_ses-01_task-sharedreward_run-1_part-mag_space-MNI152NLin6Asym_desc-preproc_bold.nii.gz	57x70x54	2.700000047683716x2.700000047683716x2.9700000286102295	RAS	4	4	true	true
/ZPOOL/data/projects/rf1-sra-linux2/derivatives/fmriprep/sub-11722/ses-01/func/sub-11722_ses-01_task-sharedreward_run-2_part-mag_space-MNI152NLin6Asym_desc-preproc_bold.nii.gz	57x70x54	2.700000047683716x2.700000047683716x2.9700000286102295	RAS	4	4	true	true
/ZPOOL/data/projects/rf1-sra-linux2/derivatives/fmriprep/sub-11723/ses-01/func/sub-11723_ses-01_task-sharedreward_run-1_part-mag_space-MNI152NLin6Asym_desc-preproc_bold.nii.gz	57x70x54	2.700000047683716x2.700000047683716x2.9700000286102295	RAS	4	4	true	true
/ZPOOL/data/projects/rf1-sra-linux2/derivatives/fmriprep/sub-11723/ses-01/func/sub-11723_ses-01_task-sharedreward_run-2_part-mag_space-MNI152NLin6Asym_desc-preproc_bold.nii.gz	57x70x54	2.700000047683716x2.700000047683716x2.9700000286102295	RAS	4	4	true	true
/ZPOOL/data/projects/rf1-sra-linux2/derivatives/fmriprep/sub-11736/ses-01/func/sub-11736_ses-01_task-sharedreward_run-1_part-mag_space-MNI152NLin6Asym_desc-preproc_bold.nii.gz	57x70x54	2.700000047683716x2.700000047683716x2.9700000286102295	RAS	4	4	true	true
/ZPOOL/data/projects/rf1-sra-linux2/derivatives/fmriprep/sub-11736/ses-01/func/sub-11736_ses-01_task-sharedreward_run-2_part-mag_space-MNI152NLin6Asym_desc-preproc_bold.nii.gz	57x70x54	2.700000047683716x2.700000047683716x2.9700000286102295	RAS	4	4	true	true
/ZPOOL/data/projects/rf1-sra-linux2/derivatives/fmriprep/sub-11744/ses-01/func/sub-11744_ses-01_task-sharedreward_run-1_part-mag_space-MNI152NLin6Asym_desc-preproc_bold.nii.gz	57x70x54	2.700000047683716x2.700000047683716x2.9700000286102295	RAS	4	4	true	true
/ZPOOL/data/projects/rf1-sra-linux2/derivatives/fmriprep/sub-11744/ses-01/func/sub-11744_ses-01_task-sharedreward_run-2_part-mag_space-MNI152NLin6Asym_desc-preproc_bold.nii.gz	57x70x54	2.700000047683716x2.700000047683716x2.9700000286102295	RAS	4	4	true	true
/ZPOOL/data/projects/rf1-sra-linux2/derivatives/fmriprep/sub-11746/ses-01/func/sub-11746_ses-01_task-sharedreward_run-1_part-mag_space-MNI152NLin6Asym_desc-preproc_bold.nii.gz	57x70x54	2.700000047683716x2.700000047683716x2.9700000286102295	RAS	4	4	true	true
/ZPOOL/data/projects/rf1-sra-linux2/derivatives/fmriprep/sub-11746/ses-01/func/sub-11746_ses-01_task-sharedreward_run-2_part-mag_space-MNI152NLin6Asym_desc-preproc_bold.nii.gz	57x70x54	2.700000047683716x2.700000047683716x2.9700000286102295	RAS	4	4	true	true
/ZPOOL/data/projects/rf1-sra-linux2/derivatives/fmriprep/sub-11748/ses-01/func/sub-11748_ses-01_task-sharedreward_run-1_part-mag_space-MNI152NLin6Asym_desc-preproc_bold.nii.gz	57x70x54	2.700000047683716x2.700000047683716x2.9700000286102295	RAS	4	4	true	true
/ZPOOL/data/projects/rf1-sra-linux2/derivatives/fmriprep/sub-11748/ses-01/func/sub-11748_ses-01_task-sharedreward_run-2_part-mag_space-MNI152NLin6Asym_desc-preproc_bold.nii.gz	57x70x54	2.700000047683716x2.700000047683716x2.9700000286102295	RAS	4	4	true	true
/ZPOOL/data/projects/rf1-sra-linux2/derivatives/fmriprep/sub-11756/ses-01/func/sub-11756_ses-01_task-sharedreward_run-1_part-mag_space-MNI152NLin6Asym_desc-preproc_bold.nii.gz	57x70x54	2.700000047683716x2.700000047683716x2.9700000286102295	RAS	4	4	true	true
/ZPOOL/data/projects/rf1-sra-linux2/derivatives/fmriprep/sub-11756/ses-01/func/sub-11756_ses-01_task-sharedreward_run-2_part-mag_space-MNI152NLin6Asym_desc-preproc_bold.nii.gz	57x70x54	2.700000047683716x2.700000047683716x2.9700000286102295	RAS	4	4	true	true
/ZPOOL/data/projects/rf1-sra-linux2/derivatives/fmriprep/sub-11764/ses-01/func/sub-11764_ses-01_task-sharedreward_run-1_part-mag_space-MNI152NLin6Asym_desc-preproc_bold.nii.gz	57x70x54	2.700000047683716x2.700000047683716x2.9700000286102295	RAS	4	4	true	true
/ZPOOL/data/projects/rf1-sra-linux2/derivatives/fmriprep/sub-11764/ses-01/func/sub-11764_ses-01_task-sharedreward_run-2_part-mag_space-MNI152NLin6Asym_desc-preproc_bold.nii.gz	57x70x54	2.700000047683716x2.700000047683716x2.9700000286102295	RAS	4	4	true	true
/ZPOOL/data/projects/rf1-sra-linux2/derivatives/fmriprep/sub-11772/ses-01/func/sub-11772_ses-01_task-sharedreward_run-1_part-mag_space-MNI152NLin6Asym_desc-preproc_bold.nii.gz	57x70x54	2.700000047683716x2.700000047683716x2.9700000286102295	RAS	4	4	true	true
/ZPOOL/data/projects/rf1-sra-linux2/derivatives/fmriprep/sub-11773/ses-01/func/sub-11773_ses-01_task-sharedreward_run-1_part-mag_space-MNI152NLin6Asym_desc-preproc_bold.nii.gz	57x70x54	2.700000047683716x2.700000047683716x2.9700000286102295	RAS	4	4	true	true
/ZPOOL/data/projects/rf1-sra-linux2/derivatives/fmriprep/sub-11773/ses-01/func/sub-11773_ses-01_task-sharedreward_run-2_part-mag_space-MNI152NLin6Asym_desc-preproc_bold.nii.gz	57x70x54	2.700000047683716x2.700000047683716x2.9700000286102295	RAS	4	4	true	true
/ZPOOL/data/projects/rf1-sra-linux2/derivatives/fmriprep/sub-11774/ses-01/func/sub-11774_ses-01_task-sharedreward_run-1_part-mag_space-MNI152NLin6Asym_desc-preproc_bold.nii.gz	57x70x54	2.700000047683716x2.700000047683716x2.9700000286102295	RAS	4	4	true	true
/ZPOOL/data/projects/rf1-sra-linux2/derivatives/fmriprep/sub-11774/ses-01/func/sub-11774_ses-01_task-sharedreward_run-2_part-mag_space-MNI152NLin6Asym_desc-preproc_bold.nii.gz	57x70x54	2.700000047683716x2.700000047683716x2.9700000286102295	RAS	4	4	true	true
/ZPOOL/data/projects/rf1-sra-linux2/derivatives/fmriprep/sub-11784/ses-01/func/sub-11784_ses-01_task-sharedreward_run-1_part-mag_space-MNI152NLin6Asym_desc-preproc_bold.nii.gz	57x70x54	2.700000047683716x2.700000047683716x2.9700000286102295	RAS	4	4	true	true
/ZPOOL/data/projects/rf1-sra-linux2/derivatives/fmriprep/sub-11784/ses-01/func/sub-11784_ses-01_task-sharedreward_run-2_part-mag_space-MNI152NLin6Asym_desc-preproc_bold.nii.gz	57x70x54	2.700000047683716x2.700000047683716x2.9700000286102295	RAS	4	4	true	true
/ZPOOL/data/projects/rf1-sra-linux2/derivatives/fmriprep/sub-11787/ses-01/func/sub-11787_ses-01_task-sharedreward_run-1_part-mag_space-MNI152NLin6Asym_desc-preproc_bold.nii.gz	57x70x54	2.700000047683716x2.700000047683716x2.9700000286102295	RAS	4	4	true	true
/ZPOOL/data/projects/rf1-sra-linux2/derivatives/fmriprep/sub-11787/ses-01/func/sub-11787_ses-01_task-sharedreward_run-2_part-mag_space-MNI152NLin6Asym_desc-preproc_bold.nii.gz	57x70x54	2.700000047683716x2.700000047683716x2.9700000286102295	RAS	4	4	true	true
/ZPOOL/data/projects/rf1-sra-linux2/derivatives/fmriprep/sub-11788/ses-01/func/sub-11788_ses-01_task-sharedreward_run-1_part-mag_space-MNI152NLin6Asym_desc-preproc_bold.nii.gz	57x70x54	2.700000047683716x2.700000047683716x2.9700000286102295	RAS	4	4	true	true
/ZPOOL/data/projects/rf1-sra-linux2/derivatives/fmriprep/sub-11788/ses-01/func/sub-11788_ses-01_task-sharedreward_run-2_part-mag_space-MNI152NLin6Asym_desc-preproc_bold.nii.gz	57x70x54	2.700000047683716x2.700000047683716x2.9700000286102295	RAS	4	4	true	true
/ZPOOL/data/projects/rf1-sra-linux2/derivatives/fmriprep/sub-11789/ses-01/func/sub-11789_ses-01_task-sharedreward_run-1_part-mag_space-MNI152NLin6Asym_desc-preproc_bold.nii.gz	57x70x54	2.700000047683716x2.700000047683716x2.9700000286102295	RAS	4	4	true	true
/ZPOOL/data/projects/rf1-sra-linux2/derivatives/fmriprep/sub-11789/ses-01/func/sub-11789_ses-01_task-sharedreward_run-2_part-mag_space-MNI152NLin6Asym_desc-preproc_bold.nii.gz	57x70x54	2.700000047683716x2.700000047683716x2.9700000286102295	RAS	4	4	true	true
/ZPOOL/data/projects/rf1-sra-linux2/derivatives/fmriprep/sub-11790/ses-01/func/sub-11790_ses-01_task-sharedreward_run-1_part-mag_space-MNI152NLin6Asym_desc-preproc_bold.nii.gz	57x70x54	2.700000047683716x2.700000047683716x2.9700000286102295	RAS	4	4	true	true
/ZPOOL/data/projects/rf1-sra-linux2/derivatives/fmriprep/sub-11790/ses-01/func/sub-11790_ses-01_task-sharedreward_run-2_part-mag_space-MNI152NLin6Asym_desc-preproc_bold.nii.gz	57x70x54	2.700000047683716x2.700000047683716x2.9700000286102295	RAS	4	4	true	true
/ZPOOL/data/projects/rf1-sra-linux2/derivatives/fmriprep/sub-11793/ses-01/func/sub-11793_ses-01_task-sharedreward_run-1_part-mag_space-MNI152NLin6Asym_desc-preproc_bold.nii.gz	57x70x54	2.700000047683716x2.700000047683716x2.9700000286102295	RAS	4	4	true	true
/ZPOOL/data/projects/rf1-sra-linux2/derivatives/fmriprep/sub-11793/ses-01/func/sub-11793_ses-01_task-sharedreward_run-2_part-mag_space-MNI152NLin6Asym_desc-preproc_bold.nii.gz	57x70x54	2.700000047683716x2.700000047683716x2.9700000286102295	RAS	4	4	true	true
/ZPOOL/data/projects/rf1-sra-linux2/derivatives/fmriprep/sub-11795/ses-01/func/sub-11795_ses-01_task-sharedreward_run-1_part-mag_space-MNI152NLin6Asym_desc-preproc_bold.nii.gz	57x70x54	2.700000047683716x2.700000047683716x2.9700000286102295	RAS	4	4	true	true
/ZPOOL/data/projects/rf1-sra-linux2/derivatives/fmriprep/sub-11795/ses-01/func/sub-11795_ses-01_task-sharedreward_run-2_part-mag_space-MNI152NLin6Asym_desc-preproc_bold.nii.gz	57x70x54	2.700000047683716x2.700000047683716x2.9700000286102295	RAS	4	4	true	true
/ZPOOL/data/projects/rf1-sra-linux2/derivatives/fmriprep/sub-11815/ses-01/func/sub-11815_ses-01_task-sharedreward_run-1_part-mag_space-MNI152NLin6Asym_desc-preproc_bold.nii.gz	57x70x54	2.700000047683716x2.700000047683716x2.9700000286102295	RAS	4	4	true	true
/ZPOOL/data/projects/rf1-sra-linux2/derivatives/fmriprep/sub-11815/ses-01/func/sub-11815_ses-01_task-sharedreward_run-2_part-mag_space-MNI152NLin6Asym_desc-preproc_bold.nii.gz	57x70x54	2.700000047683716x2.700000047683716x2.9700000286102295	RAS	4	4	true	true
/ZPOOL/data/projects/rf1-sra-linux2/derivatives/fmriprep/sub-11822/ses-01/func/sub-11822_ses-01_task-sharedreward_run-1_part-mag_space-MNI152NLin6Asym_desc-preproc_bold.nii.gz	57x70x54	2.700000047683716x2.700000047683716x2.9700000286102295	RAS	4	4	true	true
/ZPOOL/data/projects/rf1-sra-linux2/derivatives/fmriprep/sub-11822/ses-01/func/sub-11822_ses-01_task-sharedreward_run-2_part-mag_space-MNI152NLin6Asym_desc-preproc_bold.nii.gz	57x70x54	2.700000047683716x2.700000047683716x2.9700000286102295	RAS	4	4	true	true
/ZPOOL/data/projects/rf1-sra-linux2/derivatives/fmriprep/sub-11823/ses-01/func/sub-11823_ses-01_task-sharedreward_run-1_part-mag_space-MNI152NLin6Asym_desc-preproc_bold.nii.gz	57x70x54	2.700000047683716x2.700000047683716x2.9700000286102295	RAS	4	4	true	true
/ZPOOL/data/projects/rf1-sra-linux2/derivatives/fmriprep/sub-11823/ses-01/func/sub-11823_ses-01_task-sharedreward_run-2_part-mag_space-MNI152NLin6Asym_desc-preproc_bold.nii.gz	57x70x54	2.700000047683716x2.700000047683716x2.9700000286102295	RAS	4	4	true	true
/ZPOOL/data/projects/rf1-sra-linux2/derivatives/fmriprep/sub-11824/ses-01/func/sub-11824_ses-01_task-sharedreward_run-1_part-mag_space-MNI152NLin6Asym_desc-preproc_bold.nii.gz	57x70x54	2.700000047683716x2.700000047683716x2.9700000286102295	RAS	4	4	true	true
/ZPOOL/data/projects/rf1-sra-linux2/derivatives/fmriprep/sub-11824/ses-01/func/sub-11824_ses-01_task-sharedreward_run-2_part-mag_space-MNI152NLin6Asym_desc-preproc_bold.nii.gz	57x70x54	2.700000047683716x2.700000047683716x2.9700000286102295	RAS	4	4	true	true
/ZPOOL/data/projects/rf1-sra-linux2/derivatives/fmriprep/sub-11828/ses-01/func/sub-11828_ses-01_task-sharedreward_run-1_part-mag_space-MNI152NLin6Asym_desc-preproc_bold.nii.gz	57x70x54	2.700000047683716x2.700000047683716x2.9700000286102295	RAS	4	4	true	true
/ZPOOL/data/projects/rf1-sra-linux2/derivatives/fmriprep/sub-11828/ses-01/func/sub-11828_ses-01_task-sharedreward_run-2_part-mag_space-MNI152NLin6Asym_desc-preproc_bold.nii.gz	57x70x54	2.700000047683716x2.700000047683716x2.9700000286102295	RAS	4	4	true	true
/ZPOOL/data/projects/rf1-sra-linux2/derivatives/fmriprep/sub-11829/ses-01/func/sub-11829_ses-01_task-sharedreward_run-1_part-mag_space-MNI152NLin6Asym_desc-preproc_bold.nii.gz	57x70x54	2.700000047683716x2.700000047683716x2.9700000286102295	RAS	4	4	true	true
/ZPOOL/data/projects/rf1-sra-linux2/derivatives/fmriprep/sub-11829/ses-01/func/sub-11829_ses-01_task-sharedreward_run-2_part-mag_space-MNI152NLin6Asym_desc-preproc_bold.nii.gz	57x70x54	2.700000047683716x2.700000047683716x2.9700000286102295	RAS	4	4	true	true
/ZPOOL/data/projects/rf1-sra-linux2/derivatives/fmriprep/sub-11840/ses-01/func/sub-11840_ses-01_task-sharedreward_run-1_part-mag_space-MNI152NLin6Asym_desc-preproc_bold.nii.gz	57x70x54	2.700000047683716x2.700000047683716x2.9700000286102295	RAS	4	4	true	true
/ZPOOL/data/projects/rf1-sra-linux2/derivatives/fmriprep/sub-11840/ses-01/func/sub-11840_ses-01_task-sharedreward_run-2_part-mag_space-MNI152NLin6Asym_desc-preproc_bold.nii.gz	57x70x54	2.700000047683716x2.700000047683716x2.9700000286102295	RAS	4	4	true	true
/ZPOOL/data/projects/rf1-sra-linux2/derivatives/fmriprep/sub-11847/ses-01/func/sub-11847_ses-01_task-sharedreward_run-1_part-mag_space-MNI152NLin6Asym_desc-preproc_bold.nii.gz	57x70x54	2.700000047683716x2.700000047683716x2.9700000286102295	RAS	4	4	true	true
/ZPOOL/data/projects/rf1-sra-linux2/derivatives/fmriprep/sub-11847/ses-01/func/sub-11847_ses-01_task-sharedreward_run-2_part-mag_space-MNI152NLin6Asym_desc-preproc_bold.nii.gz	57x70x54	2.700000047683716x2.700000047683716x2.9700000286102295	RAS	4	4	true	true
/ZPOOL/data/projects/rf1-sra-linux2/derivatives/fmriprep/sub-11853/ses-01/func/sub-11853_ses-01_task-sharedreward_run-1_part-mag_space-MNI152NLin6Asym_desc-preproc_bold.nii.gz	57x70x54	2.700000047683716x2.700000047683716x2.9700000286102295	RAS	4	4	true	true
/ZPOOL/data/projects/rf1-sra-linux2/derivatives/fmriprep/sub-11853/ses-01/func/sub-11853_ses-01_task-sharedreward_run-2_part-mag_space-MNI152NLin6Asym_desc-preproc_bold.nii.gz	57x70x54	2.700000047683716x2.700000047683716x2.9700000286102295	RAS	4	4	true	true
/ZPOOL/data/projects/rf1-sra-linux2/derivatives/fmriprep/sub-11854/ses-01/func/sub-11854_ses-01_task-sharedreward_run-1_part-mag_space-MNI152NLin6Asym_desc-preproc_bold.nii.gz	57x70x54	2.700000047683716x2.700000047683716x2.9700000286102295	RAS	4	4	true	true
/ZPOOL/data/projects/rf1-sra-linux2/derivatives/fmriprep/sub-11854/ses-01/func/sub-11854_ses-01_task-sharedreward_run-2_part-mag_space-MNI152NLin6Asym_desc-preproc_bold.nii.gz	57x70x54	2.700000047683716x2.700000047683716x2.9700000286102295	RAS	4	4	true	true
/ZPOOL/data/projects/rf1-sra-linux2/derivatives/fmriprep/sub-11861/ses-01/func/sub-11861_ses-01_task-sharedreward_run-1_part-mag_space-MNI152NLin6Asym_desc-preproc_bold.nii.gz	57x70x54	2.700000047683716x2.700000047683716x2.9700000286102295	RAS	4	4	true	true
/ZPOOL/data/projects/rf1-sra-linux2/derivatives/fmriprep/sub-11861/ses-01/func/sub-11861_ses-01_task-sharedreward_run-2_part-mag_space-MNI152NLin6Asym_desc-preproc_bold.nii.gz	57x70x54	2.700000047683716x2.700000047683716x2.9700000286102295	RAS	4	4	true	true
/ZPOOL/data/projects/rf1-sra-linux2/derivatives/fmriprep/sub-11866/ses-01/func/sub-11866_ses-01_task-sharedreward_run-1_part-mag_space-MNI152NLin6Asym_desc-preproc_bold.nii.gz	57x70x54	2.700000047683716x2.700000047683716x2.9700000286102295	RAS	4	4	true	true
/ZPOOL/data/projects/rf1-sra-linux2/derivatives/fmriprep/sub-11866/ses-01/func/sub-11866_ses-01_task-sharedreward_run-2_part-mag_space-MNI152NLin6Asym_desc-preproc_bold.nii.gz	57x70x54	2.700000047683716x2.700000047683716x2.9700000286102295	RAS	4	4	true	true
/ZPOOL/data/projects/rf1-sra-linux2/derivatives/fmriprep/sub-11867/ses-01/func/sub-11867_ses-01_task-sharedreward_run-1_part-mag_space-MNI152NLin6Asym_desc-preproc_bold.nii.gz	57x70x54	2.700000047683716x2.700000047683716x2.9700000286102295	RAS	4	4	true	true
/ZPOOL/data/projects/rf1-sra-linux2/derivatives/fmriprep/sub-11867/ses-01/func/sub-11867_ses-01_task-sharedreward_run-2_part-mag_space-MNI152NLin6Asym_desc-preproc_bold.nii.gz	57x70x54	2.700000047683716x2.700000047683716x2.9700000286102295	RAS	4	4	true	true
/ZPOOL/data/projects/rf1-sra-linux2/derivatives/fmriprep/sub-11870/ses-01/func/sub-11870_ses-01_task-sharedreward_run-1_part-mag_space-MNI152NLin6Asym_desc-preproc_bold.nii.gz	57x70x54	2.700000047683716x2.700000047683716x2.9700000286102295	RAS	4	4	true	true
/ZPOOL/data/projects/rf1-sra-linux2/derivatives/fmriprep/sub-11870/ses-01/func/sub-11870_ses-01_task-sharedreward_run-2_part-mag_space-MNI152NLin6Asym_desc-preproc_bold.nii.gz	57x70x54	2.700000047683716x2.700000047683716x2.9700000286102295	RAS	4	4	true	true
/ZPOOL/data/projects/rf1-sra-linux2/derivatives/fmriprep/sub-11872/ses-01/func/sub-11872_ses-01_task-sharedreward_run-1_part-mag_space-MNI152NLin6Asym_desc-preproc_bold.nii.gz	57x70x54	2.700000047683716x2.700000047683716x2.9700000286102295	RAS	4	4	true	true
/ZPOOL/data/projects/rf1-sra-linux2/derivatives/fmriprep/sub-11872/ses-01/func/sub-11872_ses-01_task-sharedreward_run-2_part-mag_space-MNI152NLin6Asym_desc-preproc_bold.nii.gz	57x70x54	2.700000047683716x2.700000047683716x2.9700000286102295	RAS	4	4	true	true
/ZPOOL/data/projects/rf1-sra-linux2/derivatives/fmriprep/sub-11876/ses-01/func/sub-11876_ses-01_task-sharedreward_run-1_part-mag_space-MNI152NLin6Asym_desc-preproc_bold.nii.gz	57x70x54	2.700000047683716x2.700000047683716x2.9700000286102295	RAS	4	4	true	true
/ZPOOL/data/projects/rf1-sra-linux2/derivatives/fmriprep/sub-11876/ses-01/func/sub-11876_ses-01_task-sharedreward_run-2_part-mag_space-MNI152NLin6Asym_desc-preproc_bold.nii.gz	57x70x54	2.700000047683716x2.700000047683716x2.9700000286102295	RAS	4	4	true	true
/ZPOOL/data/projects/rf1-sra-linux2/derivatives/fmriprep/sub-11877/ses-01/func/sub-11877_ses-01_task-sharedreward_run-1_part-mag_space-MNI152NLin6Asym_desc-preproc_bold.nii.gz	57x70x54	2.700000047683716x2.700000047683716x2.9700000286102295	RAS	4	4	true	true
/ZPOOL/data/projects/rf1-sra-linux2/derivatives/fmriprep/sub-11877/ses-01/func/sub-11877_ses-01_task-sharedreward_run-2_part-mag_space-MNI152NLin6Asym_desc-preproc_bold.nii.gz	57x70x54	2.700000047683716x2.700000047683716x2.9700000286102295	RAS	4	4	true	true
/ZPOOL/data/projects/rf1-sra-linux2/derivatives/fmriprep/sub-11881/ses-01/func/sub-11881_ses-01_task-sharedreward_run-1_part-mag_space-MNI152NLin6Asym_desc-preproc_bold.nii.gz	57x70x54	2.700000047683716x2.700000047683716x2.9700000286102295	RAS	4	4	true	true
/ZPOOL/data/projects/rf1-sra-linux2/derivatives/fmriprep/sub-11881/ses-01/func/sub-11881_ses-01_task-sharedreward_run-2_part-mag_space-MNI152NLin6Asym_desc-preproc_bold.nii.gz	57x70x54	2.700000047683716x2.700000047683716x2.9700000286102295	RAS	4	4	true	true
/ZPOOL/data/projects/rf1-sra-linux2/derivatives/fmriprep/sub-11885/ses-01/func/sub-11885_ses-01_task-sharedreward_run-1_part-mag_space-MNI152NLin6Asym_desc-preproc_bold.nii.gz	57x70x54	2.700000047683716x2.700000047683716x2.9700000286102295	RAS	4	4	true	true
/ZPOOL/data/projects/rf1-sra-linux2/derivatives/fmriprep/sub-11885/ses-01/func/sub-11885_ses-01_task-sharedreward_run-2_part-mag_space-MNI152NLin6Asym_desc-preproc_bold.nii.gz	57x70x54	2.700000047683716x2.700000047683716x2.9700000286102295	RAS	4	4	true	true
/ZPOOL/data/projects/rf1-sra-linux2/derivatives/fmriprep/sub-11891/ses-01/func/sub-11891_ses-01_task-sharedreward_run-1_part-mag_space-MNI152NLin6Asym_desc-preproc_bold.nii.gz	57x70x54	2.700000047683716x2.700000047683716x2.9700000286102295	RAS	4	4	true	true
/ZPOOL/data/projects/rf1-sra-linux2/derivatives/fmriprep/sub-11891/ses-01/func/sub-11891_ses-01_task-sharedreward_run-2_part-mag_space-MNI152NLin6Asym_desc-preproc_bold.nii.gz	57x70x54	2.700000047683716x2.700000047683716x2.9700000286102295	RAS	4	4	true	true
/ZPOOL/data/projects/rf1-sra-linux2/derivatives/fmriprep/sub-11897/ses-01/func/sub-11897_ses-01_task-sharedreward_run-1_part-mag_space-MNI152NLin6Asym_desc-preproc_bold.nii.gz	57x70x54	2.700000047683716x2.700000047683716x2.9700000286102295	RAS	4	4	true	true
/ZPOOL/data/projects/rf1-sra-linux2/derivatives/fmriprep/sub-11897/ses-01/func/sub-11897_ses-01_task-sharedreward_run-2_part-mag_space-MNI152NLin6Asym_desc-preproc_bold.nii.gz	57x70x54	2.700000047683716x2.700000047683716x2.9700000286102295	RAS	4	4	true	true
/ZPOOL/data/projects/rf1-sra-linux2/derivatives/fmriprep/sub-11900/ses-01/func/sub-11900_ses-01_task-sharedreward_run-1_part-mag_space-MNI152NLin6Asym_desc-preproc_bold.nii.gz	57x70x54	2.700000047683716x2.700000047683716x2.9700000286102295	RAS	4	4	true	true
/ZPOOL/data/projects/rf1-sra-linux2/derivatives/fmriprep/sub-11900/ses-01/func/sub-11900_ses-01_task-sharedreward_run-2_part-mag_space-MNI152NLin6Asym_desc-preproc_bold.nii.gz	57x70x54	2.700000047683716x2.700000047683716x2.9700000286102295	RAS	4	4	true	true
/ZPOOL/data/projects/rf1-sra-linux2/derivatives/fmriprep/sub-11902/ses-01/func/sub-11902_ses-01_task-sharedreward_run-1_part-mag_space-MNI152NLin6Asym_desc-preproc_bold.nii.gz	57x70x54	2.700000047683716x2.700000047683716x2.9700000286102295	RAS	4	4	true	true
/ZPOOL/data/projects/rf1-sra-linux2/derivatives/fmriprep/sub-11902/ses-01/func/sub-11902_ses-01_task-sharedreward_run-2_part-mag_space-MNI152NLin6Asym_desc-preproc_bold.nii.gz	57x70x54	2.700000047683716x2.700000047683716x2.9700000286102295	RAS	4	4	true	true
/ZPOOL/data/projects/rf1-sra-linux2/derivatives/fmriprep/sub-11909/ses-01/func/sub-11909_ses-01_task-sharedreward_run-1_part-mag_space-MNI152NLin6Asym_desc-preproc_bold.nii.gz	57x70x54	2.700000047683716x2.700000047683716x2.9700000286102295	RAS	4	4	true	true
/ZPOOL/data/projects/rf1-sra-linux2/derivatives/fmriprep/sub-11909/ses-01/func/sub-11909_ses-01_task-sharedreward_run-2_part-mag_space-MNI152NLin6Asym_desc-preproc_bold.nii.gz	57x70x54	2.700000047683716x2.700000047683716x2.9700000286102295	RAS	4	4	true	true
/ZPOOL/data/projects/rf1-sra-linux2/derivatives/fmriprep/sub-11913/ses-01/func/sub-11913_ses-01_task-sharedreward_run-1_part-mag_space-MNI152NLin6Asym_desc-preproc_bold.nii.gz	57x70x54	2.700000047683716x2.700000047683716x2.9700000286102295	RAS	4	4	true	true
/ZPOOL/data/projects/rf1-sra-linux2/derivatives/fmriprep/sub-11913/ses-01/func/sub-11913_ses-01_task-sharedreward_run-2_part-mag_space-MNI152NLin6Asym_desc-preproc_bold.nii.gz	57x70x54	2.700000047683716x2.700000047683716x2.9700000286102295	RAS	4	4	true	true
/ZPOOL/data/projects/rf1-sra-linux2/derivatives/fmriprep/sub-11914/ses-01/func/sub-11914_ses-01_task-sharedreward_run-1_part-mag_space-MNI152NLin6Asym_desc-preproc_bold.nii.gz	57x70x54	2.700000047683716x2.700000047683716x2.9700000286102295	RAS	4	4	true	true
/ZPOOL/data/projects/rf1-sra-linux2/derivatives/fmriprep/sub-11914/ses-01/func/sub-11914_ses-01_task-sharedreward_run-2_part-mag_space-MNI152NLin6Asym_desc-preproc_bold.nii.gz	57x70x54	2.700000047683716x2.700000047683716x2.9700000286102295	RAS	4	4	true	true
/ZPOOL/data/projects/rf1-sra-linux2/derivatives/fmriprep/sub-11920/ses-01/func/sub-11920_ses-01_task-sharedreward_run-1_part-mag_space-MNI152NLin6Asym_desc-preproc_bold.nii.gz	57x70x54	2.700000047683716x2.700000047683716x2.9700000286102295	RAS	4	4	true	true
/ZPOOL/data/projects/rf1-sra-linux2/derivatives/fmriprep/sub-11920/ses-01/func/sub-11920_ses-01_task-sharedreward_run-2_part-mag_space-MNI152NLin6Asym_desc-preproc_bold.nii.gz	57x70x54	2.700000047683716x2.700000047683716x2.9700000286102295	RAS	4	4	true	true
/ZPOOL/data/projects/rf1-sra-linux2/derivatives/fmriprep/sub-11922/ses-01/func/sub-11922_ses-01_task-sharedreward_run-1_part-mag_space-MNI152NLin6Asym_desc-preproc_bold.nii.gz	57x70x54	2.700000047683716x2.700000047683716x2.9700000286102295	RAS	4	4	true	true
/ZPOOL/data/projects/rf1-sra-linux2/derivatives/fmriprep/sub-11922/ses-01/func/sub-11922_ses-01_task-sharedreward_run-2_part-mag_space-MNI152NLin6Asym_desc-preproc_bold.nii.gz	57x70x54	2.700000047683716x2.700000047683716x2.9700000286102295	RAS	4	4	true	true
/ZPOOL/data/projects/rf1-sra-linux2/derivatives/fmriprep/sub-11923/ses-01/func/sub-11923_ses-01_task-sharedreward_run-1_part-mag_space-MNI152NLin6Asym_desc-preproc_bold.nii.gz	57x70x54	2.700000047683716x2.700000047683716x2.9700000286102295	RAS	4	4	true	true
/ZPOOL/data/projects/rf1-sra-linux2/derivatives/fmriprep/sub-11923/ses-01/func/sub-11923_ses-01_task-sharedreward_run-2_part-mag_space-MNI152NLin6Asym_desc-preproc_bold.nii.gz	57x70x54	2.700000047683716x2.700000047683716x2.9700000286102295	RAS	4	4	true	true
/ZPOOL/data/projects/rf1-sra-linux2/derivatives/fmriprep/sub-11924/ses-01/func/sub-11924_ses-01_task-sharedreward_run-1_part-mag_space-MNI152NLin6Asym_desc-preproc_bold.nii.gz	57x70x54	2.700000047683716x2.700000047683716x2.9700000286102295	RAS	4	4	true	true
/ZPOOL/data/projects/rf1-sra-linux2/derivatives/fmriprep/sub-11924/ses-01/func/sub-11924_ses-01_task-sharedreward_run-2_part-mag_space-MNI152NLin6Asym_desc-preproc_bold.nii.gz	57x70x54	2.700000047683716x2.700000047683716x2.9700000286102295	RAS	4	4	true	true
/ZPOOL/data/projects/rf1-sra-linux2/derivatives/fmriprep/sub-11926/ses-01/func/sub-11926_ses-01_task-sharedreward_run-1_part-mag_space-MNI152NLin6Asym_desc-preproc_bold.nii.gz	57x70x54	2.700000047683716x2.700000047683716x2.9700000286102295	RAS	4	4	true	true
/ZPOOL/data/projects/rf1-sra-linux2/derivatives/fmriprep/sub-11926/ses-01/func/sub-11926_ses-01_task-sharedreward_run-2_part-mag_space-MNI152NLin6Asym_desc-preproc_bold.nii.gz	57x70x54	2.700000047683716x2.700000047683716x2.9700000286102295	RAS	4	4	true	true
/ZPOOL/data/projects/rf1-sra-linux2/derivatives/fmriprep/sub-11928/ses-01/func/sub-11928_ses-01_task-sharedreward_run-1_part-mag_space-MNI152NLin6Asym_desc-preproc_bold.nii.gz	57x70x54	2.700000047683716x2.700000047683716x2.9700000286102295	RAS	4	4	true	true
/ZPOOL/data/projects/rf1-sra-linux2/derivatives/fmriprep/sub-11928/ses-01/func/sub-11928_ses-01_task-sharedreward_run-2_part-mag_space-MNI152NLin6Asym_desc-preproc_bold.nii.gz	57x70x54	2.700000047683716x2.700000047683716x2.9700000286102295	RAS	4	4	true	true
/ZPOOL/data/projects/rf1-sra-linux2/derivatives/fmriprep/sub-11929/ses-01/func/sub-11929_ses-01_task-sharedreward_run-1_part-mag_space-MNI152NLin6Asym_desc-preproc_bold.nii.gz	57x70x54	2.700000047683716x2.700000047683716x2.9700000286102295	RAS	4	4	true	true
/ZPOOL/data/projects/rf1-sra-linux2/derivatives/fmriprep/sub-11929/ses-01/func/sub-11929_ses-01_task-sharedreward_run-2_part-mag_space-MNI152NLin6Asym_desc-preproc_bold.nii.gz	57x70x54	2.700000047683716x2.700000047683716x2.9700000286102295	RAS	4	4	true	true
/ZPOOL/data/projects/rf1-sra-linux2/derivatives/fmriprep/sub-11931/ses-01/func/sub-11931_ses-01_task-sharedreward_run-1_part-mag_space-MNI152NLin6Asym_desc-preproc_bold.nii.gz	57x70x54	2.700000047683716x2.700000047683716x2.9700000286102295	RAS	4	4	true	true
/ZPOOL/data/projects/rf1-sra-linux2/derivatives/fmriprep/sub-11931/ses-01/func/sub-11931_ses-01_task-sharedreward_run-2_part-mag_space-MNI152NLin6Asym_desc-preproc_bold.nii.gz	57x70x54	2.700000047683716x2.700000047683716x2.9700000286102295	RAS	4	4	true	true
/ZPOOL/data/projects/rf1-sra-linux2/derivatives/fmriprep/sub-11935/ses-01/func/sub-11935_ses-01_task-sharedreward_run-1_part-mag_space-MNI152NLin6Asym_desc-preproc_bold.nii.gz	57x70x54	2.700000047683716x2.700000047683716x2.9700000286102295	RAS	4	4	true	true
/ZPOOL/data/projects/rf1-sra-linux2/derivatives/fmriprep/sub-11935/ses-01/func/sub-11935_ses-01_task-sharedreward_run-2_part-mag_space-MNI152NLin6Asym_desc-preproc_bold.nii.gz	57x70x54	2.700000047683716x2.700000047683716x2.9700000286102295	RAS	4	4	true	true
/ZPOOL/data/projects/rf1-sra-linux2/derivatives/fmriprep/sub-11939/ses-01/func/sub-11939_ses-01_task-sharedreward_run-1_part-mag_space-MNI152NLin6Asym_desc-preproc_bold.nii.gz	57x70x54	2.700000047683716x2.700000047683716x2.9700000286102295	RAS	4	4	true	true
/ZPOOL/data/projects/rf1-sra-linux2/derivatives/fmriprep/sub-11939/ses-01/func/sub-11939_ses-01_task-sharedreward_run-2_part-mag_space-MNI152NLin6Asym_desc-preproc_bold.nii.gz	57x70x54	2.700000047683716x2.700000047683716x2.9700000286102295	RAS	4	4	true	true
/ZPOOL/data/projects/rf1-sra-linux2/derivatives/fmriprep/sub-11943/ses-01/func/sub-11943_ses-01_task-sharedreward_run-1_part-mag_space-MNI152NLin6Asym_desc-preproc_bold.nii.gz	57x70x54	2.700000047683716x2.700000047683716x2.9700000286102295	RAS	4	4	true	true
/ZPOOL/data/projects/rf1-sra-linux2/derivatives/fmriprep/sub-11943/ses-01/func/sub-11943_ses-01_task-sharedreward_run-2_part-mag_space-MNI152NLin6Asym_desc-preproc_bold.nii.gz	57x70x54	2.700000047683716x2.700000047683716x2.9700000286102295	RAS	4	4	true	true
/ZPOOL/data/projects/rf1-sra-linux2/derivatives/fmriprep/sub-11949/ses-01/func/sub-11949_ses-01_task-sharedreward_run-1_part-mag_space-MNI152NLin6Asym_desc-preproc_bold.nii.gz	57x70x54	2.700000047683716x2.700000047683716x2.9700000286102295	RAS	4	4	true	true
/ZPOOL/data/projects/rf1-sra-linux2/derivatives/fmriprep/sub-11949/ses-01/func/sub-11949_ses-01_task-sharedreward_run-2_part-mag_space-MNI152NLin6Asym_desc-preproc_bold.nii.gz	57x70x54	2.700000047683716x2.700000047683716x2.9700000286102295	RAS	4	4	true	true
/ZPOOL/data/projects/rf1-sra-linux2/derivatives/fmriprep/sub-11960/ses-01/func/sub-11960_ses-01_task-sharedreward_run-1_part-mag_space-MNI152NLin6Asym_desc-preproc_bold.nii.gz	57x70x54	2.700000047683716x2.700000047683716x2.9700000286102295	RAS	4	4	true	true
/ZPOOL/data/projects/rf1-sra-linux2/derivatives/fmriprep/sub-11960/ses-01/func/sub-11960_ses-01_task-sharedreward_run-2_part-mag_space-MNI152NLin6Asym_desc-preproc_bold.nii.gz	57x70x54	2.700000047683716x2.700000047683716x2.9700000286102295	RAS	4	4	true	true
/ZPOOL/data/projects/rf1-sra-linux2/derivatives/fmriprep/sub-11969/ses-01/func/sub-11969_ses-01_task-sharedreward_run-1_part-mag_space-MNI152NLin6Asym_desc-preproc_bold.nii.gz	57x70x54	2.700000047683716x2.700000047683716x2.9700000286102295	RAS	4	4	true	true
/ZPOOL/data/projects/rf1-sra-linux2/derivatives/fmriprep/sub-11969/ses-01/func/sub-11969_ses-01_task-sharedreward_run-2_part-mag_space-MNI152NLin6Asym_desc-preproc_bold.nii.gz	57x70x54	2.700000047683716x2.700000047683716x2.9700000286102295	RAS	4	4	true	true
/ZPOOL/data/projects/rf1-sra-linux2/derivatives/fmriprep/sub-11974/ses-01/func/sub-11974_ses-01_task-sharedreward_run-1_part-mag_space-MNI152NLin6Asym_desc-preproc_bold.nii.gz	57x70x54	2.700000047683716x2.700000047683716x2.9700000286102295	RAS	4	4	true	true
/ZPOOL/data/projects/rf1-sra-linux2/derivatives/fmriprep/sub-11974/ses-01/func/sub-11974_ses-01_task-sharedreward_run-2_part-mag_space-MNI152NLin6Asym_desc-preproc_bold.nii.gz	57x70x54	2.700000047683716x2.700000047683716x2.9700000286102295	RAS	4	4	true	true
/ZPOOL/data/projects/rf1-sra-linux2/derivatives/fmriprep/sub-11976/ses-01/func/sub-11976_ses-01_task-sharedreward_run-1_part-mag_space-MNI152NLin6Asym_desc-preproc_bold.nii.gz	57x70x54	2.700000047683716x2.700000047683716x2.9700000286102295	RAS	4	4	true	true
/ZPOOL/data/projects/rf1-sra-linux2/derivatives/fmriprep/sub-11976/ses-01/func/sub-11976_ses-01_task-sharedreward_run-2_part-mag_space-MNI152NLin6Asym_desc-preproc_bold.nii.gz	57x70x54	2.700000047683716x2.700000047683716x2.9700000286102295	RAS	4	4	true	true
/ZPOOL/data/projects/rf1-sra-linux2/derivatives/fmriprep/sub-11982/ses-01/func/sub-11982_ses-01_task-sharedreward_run-1_part-mag_space-MNI152NLin6Asym_desc-preproc_bold.nii.gz	57x70x54	2.700000047683716x2.700000047683716x2.9700000286102295	RAS	4	4	true	true
/ZPOOL/data/projects/rf1-sra-linux2/derivatives/fmriprep/sub-11982/ses-01/func/sub-11982_ses-01_task-sharedreward_run-2_part-mag_space-MNI152NLin6Asym_desc-preproc_bold.nii.gz	57x70x54	2.700000047683716x2.700000047683716x2.9700000286102295	RAS	4	4	true	true
/ZPOOL/data/projects/rf1-sra-linux2/derivatives/fmriprep/sub-11984/ses-01/func/sub-11984_ses-01_task-sharedreward_run-1_part-mag_space-MNI152NLin6Asym_desc-preproc_bold.nii.gz	57x70x54	2.700000047683716x2.700000047683716x2.9700000286102295	RAS	4	4	true	true
/ZPOOL/data/projects/rf1-sra-linux2/derivatives/fmriprep/sub-11984/ses-01/func/sub-11984_ses-01_task-sharedreward_run-2_part-mag_space-MNI152NLin6Asym_desc-preproc_bold.nii.gz	57x70x54	2.700000047683716x2.700000047683716x2.9700000286102295	RAS	4	4	true	true
/ZPOOL/data/projects/rf1-sra-linux2/derivatives/fmriprep/sub-12008/ses-01/func/sub-12008_ses-01_task-sharedreward_run-1_part-mag_space-MNI152NLin6Asym_desc-preproc_bold.nii.gz	57x70x54	2.700000047683716x2.700000047683716x2.9700000286102295	RAS	4	4	true	true
/ZPOOL/data/projects/rf1-sra-linux2/derivatives/fmriprep/sub-12008/ses-01/func/sub-12008_ses-01_task-sharedreward_run-2_part-mag_space-MNI152NLin6Asym_desc-preproc_bold.nii.gz	57x70x54	2.700000047683716x2.700000047683716x2.9700000286102295	RAS	4	4	true	true
/ZPOOL/data/projects/rf1-sra-linux2/derivatives/fmriprep/sub-12011/ses-01/func/sub-12011_ses-01_task-sharedreward_run-1_part-mag_space-MNI152NLin6Asym_desc-preproc_bold.nii.gz	57x70x54	2.700000047683716x2.700000047683716x2.9700000286102295	RAS	4	4	true	true
/ZPOOL/data/projects/rf1-sra-linux2/derivatives/fmriprep/sub-12011/ses-01/func/sub-12011_ses-01_task-sharedreward_run-2_part-mag_space-MNI152NLin6Asym_desc-preproc_bold.nii.gz	57x70x54	2.700000047683716x2.700000047683716x2.9700000286102295	RAS	4	4	true	true
/ZPOOL/data/projects/rf1-sra-linux2/derivatives/fmriprep/sub-12013/ses-01/func/sub-12013_ses-01_task-sharedreward_run-1_part-mag_space-MNI152NLin6Asym_desc-preproc_bold.nii.gz	57x70x54	2.700000047683716x2.700000047683716x2.9700000286102295	RAS	4	4	true	true
/ZPOOL/data/projects/rf1-sra-linux2/derivatives/fmriprep/sub-12013/ses-01/func/sub-12013_ses-01_task-sharedreward_run-2_part-mag_space-MNI152NLin6Asym_desc-preproc_bold.nii.gz	57x70x54	2.700000047683716x2.700000047683716x2.9700000286102295	RAS	4	4	true	true
/ZPOOL/data/projects/rf1-sra-linux2/derivatives/fmriprep/sub-12018/ses-01/func/sub-12018_ses-01_task-sharedreward_run-1_part-mag_space-MNI152NLin6Asym_desc-preproc_bold.nii.gz	57x70x54	2.700000047683716x2.700000047683716x2.9700000286102295	RAS	4	4	true	true
/ZPOOL/data/projects/rf1-sra-linux2/derivatives/fmriprep/sub-12018/ses-01/func/sub-12018_ses-01_task-sharedreward_run-2_part-mag_space-MNI152NLin6Asym_desc-preproc_bold.nii.gz	57x70x54	2.700000047683716x2.700000047683716x2.9700000286102295	RAS	4	4	true	true
/ZPOOL/data/projects/rf1-sra-linux2/derivatives/fmriprep/sub-12020/ses-01/func/sub-12020_ses-01_task-sharedreward_run-1_part-mag_space-MNI152NLin6Asym_desc-preproc_bold.nii.gz	57x70x54	2.700000047683716x2.700000047683716x2.9700000286102295	RAS	4	4	true	true
/ZPOOL/data/projects/rf1-sra-linux2/derivatives/fmriprep/sub-12020/ses-01/func/sub-12020_ses-01_task-sharedreward_run-2_part-mag_space-MNI152NLin6Asym_desc-preproc_bold.nii.gz	57x70x54	2.700000047683716x2.700000047683716x2.9700000286102295	RAS	4	4	true	true
/ZPOOL/data/projects/rf1-sra-linux2/derivatives/fmriprep/sub-12021/ses-01/func/sub-12021_ses-01_task-sharedreward_run-1_part-mag_space-MNI152NLin6Asym_desc-preproc_bold.nii.gz	57x70x54	2.700000047683716x2.700000047683716x2.9700000286102295	RAS	4	4	true	true
/ZPOOL/data/projects/rf1-sra-linux2/derivatives/fmriprep/sub-12021/ses-01/func/sub-12021_ses-01_task-sharedreward_run-2_part-mag_space-MNI152NLin6Asym_desc-preproc_bold.nii.gz	57x70x54	2.700000047683716x2.700000047683716x2.9700000286102295	RAS	4	4	true	true
/ZPOOL/data/projects/rf1-sra-linux2/derivatives/fmriprep/sub-12031/ses-01/func/sub-12031_ses-01_task-sharedreward_run-1_part-mag_space-MNI152NLin6Asym_desc-preproc_bold.nii.gz	57x70x54	2.700000047683716x2.700000047683716x2.9700000286102295	RAS	4	4	true	true
/ZPOOL/data/projects/rf1-sra-linux2/derivatives/fmriprep/sub-12031/ses-01/func/sub-12031_ses-01_task-sharedreward_run-2_part-mag_space-MNI152NLin6Asym_desc-preproc_bold.nii.gz	57x70x54	2.700000047683716x2.700000047683716x2.9700000286102295	RAS	4	4	true	true
/ZPOOL/data/projects/rf1-sra-linux2/derivatives/fmriprep/sub-12033/ses-01/func/sub-12033_ses-01_task-sharedreward_run-1_part-mag_space-MNI152NLin6Asym_desc-preproc_bold.nii.gz	57x70x54	2.700000047683716x2.700000047683716x2.9700000286102295	RAS	4	4	true	true
/ZPOOL/data/projects/rf1-sra-linux2/derivatives/fmriprep/sub-12033/ses-01/func/sub-12033_ses-01_task-sharedreward_run-2_part-mag_space-MNI152NLin6Asym_desc-preproc_bold.nii.gz	57x70x54	2.700000047683716x2.700000047683716x2.9700000286102295	RAS	4	4	true	true
/ZPOOL/data/projects/rf1-sra-linux2/derivatives/fmriprep/sub-12036/ses-01/func/sub-12036_ses-01_task-sharedreward_run-1_part-mag_space-MNI152NLin6Asym_desc-preproc_bold.nii.gz	57x70x54	2.700000047683716x2.700000047683716x2.9700000286102295	RAS	4	4	true	true
/ZPOOL/data/projects/rf1-sra-linux2/derivatives/fmriprep/sub-12036/ses-01/func/sub-12036_ses-01_task-sharedreward_run-2_part-mag_space-MNI152NLin6Asym_desc-preproc_bold.nii.gz	57x70x54	2.700000047683716x2.700000047683716x2.9700000286102295	RAS	4	4	true	true
/ZPOOL/data/projects/rf1-sra-linux2/derivatives/fmriprep/sub-12037/ses-01/func/sub-12037_ses-01_task-sharedreward_run-1_part-mag_space-MNI152NLin6Asym_desc-preproc_bold.nii.gz	57x70x54	2.700000047683716x2.700000047683716x2.9700000286102295	RAS	4	4	true	true
/ZPOOL/data/projects/rf1-sra-linux2/derivatives/fmriprep/sub-12037/ses-01/func/sub-12037_ses-01_task-sharedreward_run-2_part-mag_space-MNI152NLin6Asym_desc-preproc_bold.nii.gz	57x70x54	2.700000047683716x2.700000047683716x2.9700000286102295	RAS	4	4	true	true
/ZPOOL/data/projects/rf1-sra-linux2/derivatives/fmriprep/sub-12038/ses-01/func/sub-12038_ses-01_task-sharedreward_run-1_part-mag_space-MNI152NLin6Asym_desc-preproc_bold.nii.gz	57x70x54	2.700000047683716x2.700000047683716x2.9700000286102295	RAS	4	4	true	true
/ZPOOL/data/projects/rf1-sra-linux2/derivatives/fmriprep/sub-12038/ses-01/func/sub-12038_ses-01_task-sharedreward_run-2_part-mag_space-MNI152NLin6Asym_desc-preproc_bold.nii.gz	57x70x54	2.700000047683716x2.700000047683716x2.9700000286102295	RAS	4	4	true	true
/ZPOOL/data/projects/rf1-sra-linux2/derivatives/fmriprep/sub-12039/ses-01/func/sub-12039_ses-01_task-sharedreward_run-1_part-mag_space-MNI152NLin6Asym_desc-preproc_bold.nii.gz	57x70x54	2.700000047683716x2.700000047683716x2.9700000286102295	RAS	4	4	true	true
/ZPOOL/data/projects/rf1-sra-linux2/derivatives/fmriprep/sub-12039/ses-01/func/sub-12039_ses-01_task-sharedreward_run-2_part-mag_space-MNI152NLin6Asym_desc-preproc_bold.nii.gz	57x70x54	2.700000047683716x2.700000047683716x2.9700000286102295	RAS	4	4	true	true
/ZPOOL/data/projects/rf1-sra-linux2/derivatives/fmriprep/sub-12041/ses-01/func/sub-12041_ses-01_task-sharedreward_run-1_part-mag_space-MNI152NLin6Asym_desc-preproc_bold.nii.gz	57x70x54	2.700000047683716x2.700000047683716x2.9700000286102295	RAS	4	4	true	true
/ZPOOL/data/projects/rf1-sra-linux2/derivatives/fmriprep/sub-12047/ses-01/func/sub-12047_ses-01_task-sharedreward_run-1_part-mag_space-MNI152NLin6Asym_desc-preproc_bold.nii.gz	57x70x54	2.700000047683716x2.700000047683716x2.9700000286102295	RAS	4	4	true	true
/ZPOOL/data/projects/rf1-sra-linux2/derivatives/fmriprep/sub-12047/ses-01/func/sub-12047_ses-01_task-sharedreward_run-2_part-mag_space-MNI152NLin6Asym_desc-preproc_bold.nii.gz	57x70x54	2.700000047683716x2.700000047683716x2.9700000286102295	RAS	4	4	true	true
/ZPOOL/data/projects/rf1-sra-linux2/derivatives/fmriprep/sub-12049/ses-01/func/sub-12049_ses-01_task-sharedreward_run-1_part-mag_space-MNI152NLin6Asym_desc-preproc_bold.nii.gz	57x70x54	2.700000047683716x2.700000047683716x2.9700000286102295	RAS	4	4	true	true
/ZPOOL/data/projects/rf1-sra-linux2/derivatives/fmriprep/sub-12049/ses-01/func/sub-12049_ses-01_task-sharedreward_run-2_part-mag_space-MNI152NLin6Asym_desc-preproc_bold.nii.gz	57x70x54	2.700000047683716x2.700000047683716x2.9700000286102295	RAS	4	4	true	true
/ZPOOL/data/projects/rf1-sra-linux2/derivatives/fmriprep/sub-12051/ses-01/func/sub-12051_ses-01_task-sharedreward_run-1_part-mag_space-MNI152NLin6Asym_desc-preproc_bold.nii.gz	57x70x54	2.700000047683716x2.700000047683716x2.9700000286102295	RAS	4	4	true	true
/ZPOOL/data/projects/rf1-sra-linux2/derivatives/fmriprep/sub-12051/ses-01/func/sub-12051_ses-01_task-sharedreward_run-2_part-mag_space-MNI152NLin6Asym_desc-preproc_bold.nii.gz	57x70x54	2.700000047683716x2.700000047683716x2.9700000286102295	RAS	4	4	true	true
/ZPOOL/data/projects/rf1-sra-linux2/derivatives/fmriprep/sub-12054/ses-01/func/sub-12054_ses-01_task-sharedreward_run-1_part-mag_space-MNI152NLin6Asym_desc-preproc_bold.nii.gz	57x70x54	2.700000047683716x2.700000047683716x2.9700000286102295	RAS	4	4	true	true
/ZPOOL/data/projects/rf1-sra-linux2/derivatives/fmriprep/sub-12054/ses-01/func/sub-12054_ses-01_task-sharedreward_run-2_part-mag_space-MNI152NLin6Asym_desc-preproc_bold.nii.gz	57x70x54	2.700000047683716x2.700000047683716x2.9700000286102295	RAS	4	4	true	true
/ZPOOL/data/projects/rf1-sra-linux2/derivatives/fmriprep/sub-12055/ses-01/func/sub-12055_ses-01_task-sharedreward_run-1_part-mag_space-MNI152NLin6Asym_desc-preproc_bold.nii.gz	57x70x54	2.700000047683716x2.700000047683716x2.9700000286102295	RAS	4	4	true	true
/ZPOOL/data/projects/rf1-sra-linux2/derivatives/fmriprep/sub-12055/ses-01/func/sub-12055_ses-01_task-sharedreward_run-2_part-mag_space-MNI152NLin6Asym_desc-preproc_bold.nii.gz	57x70x54	2.700000047683716x2.700000047683716x2.9700000286102295	RAS	4	4	true	true
/ZPOOL/data/projects/rf1-sra-linux2/derivatives/fmriprep/sub-12057/ses-01/func/sub-12057_ses-01_task-sharedreward_run-1_part-mag_space-MNI152NLin6Asym_desc-preproc_bold.nii.gz	57x70x54	2.700000047683716x2.700000047683716x2.9700000286102295	RAS	4	4	true	true
/ZPOOL/data/projects/rf1-sra-linux2/derivatives/fmriprep/sub-12057/ses-01/func/sub-12057_ses-01_task-sharedreward_run-2_part-mag_space-MNI152NLin6Asym_desc-preproc_bold.nii.gz	57x70x54	2.700000047683716x2.700000047683716x2.9700000286102295	RAS	4	4	true	true
